#
# A fatal error has been detected by the Java Runtime Environment:
#
#  EXCEPTION_ACCESS_VIOLATION (0xc0000005) at pc=0x0000019eca66ebdd, pid=24260, tid=14416
#
# JRE version: Java(TM) SE Runtime Environment (22.0.1+8) (build 22.0.1+8-16)
# Java VM: Java HotSpot(TM) 64-Bit Server VM (22.0.1+8-16, mixed mode, sharing, tiered, compressed oops, compressed class ptrs, g1 gc, windows-amd64)
# Problematic frame:
# J 16889 c2 net.minecraft.world.entity.Entity.updateFluidHeightAndDoFluidPushing(Lnet/minecraft/tags/TagKey;D)Z (791 bytes) @ 0x0000019eca66ebdd [0x0000019eca66e180+0x0000000000000a5d]
#
# No core dump will be written. Minidumps are not enabled by default on client versions of Windows
#
# If you would like to submit a bug report, please visit:
#   https://bugreport.java.com/bugreport/crash.jsp
#

---------------  S U M M A R Y ------------

Command Line: -Xms4G -Xmx4G paper-1.21.8-56.jar --nogui

Host: AMD Ryzen 9 7950X 16-Core Processor            , 32 cores, 63G,  Windows 11 , 64 bit Build 26100 (10.0.26100.4768)
Time: Tue Sep  9 15:04:34 2025 W. Europe Daylight Time elapsed time: 4831.711819 seconds (0d 1h 20m 31s)

---------------  T H R E A D  ---------------

Current thread (0x0000019f213d1a20):  JavaThread "Server thread"        [_thread_in_Java, id=14416, stack(0x0000000243500000,0x0000000243600000) (1024K)]

Stack: [0x0000000243500000,0x0000000243600000],  sp=0x00000002435fec70,  free space=1019k
Native frames: (J=compiled Java code, j=interpreted, Vv=VM code, C=native code)
C  0x0000019eca66ebdd  (no source info available)

The last pc belongs to nmethod (printed below).

siginfo: EXCEPTION_ACCESS_VIOLATION (0xc0000005), reading address 0x0000000000000024


Registers:
RAX=0x0000000000000001, RBX=0x00000000e0c57017, RCX=0x0000000000000010, RDX=0x0000000001401590
RSP=0x00000002435fec70, RBP=0x00000000000000f8, RSI=0x00000000e12d3bad, RDI=0x0000000000000007
R8 =0x00000000e201d937, R9 =0x0000000000000009, R10=0x0000000000000005, R11=0x0000000000000000
R12=0x0000000000000000, R13=0x0000000000000007, R14=0x00000000e201d82c, R15=0x0000019f213d1a20
RIP=0x0000019eca66ebdd, EFLAGS=0x0000000000010217


Register to memory mapping:

RAX=0x0000000000000001 is an unknown value
RBX=3771035671 is a compressed pointer to object: net.minecraft.world.level.material.FluidState 
{0x00000007062b80b8} - klass: 'net/minecraft/world/level/material/FluidState'
 - ---- fields (total size 7 words):
 - protected final 'owner' 'Ljava/lang/Object;' @12  a 'net/minecraft/world/level/material/EmptyFluid'{0x00000007062b80f0} (0xe0c5701e)
 - protected final 'tableIndex' 'J' @16  0 (0x0000000000000000)
 - private 'values' 'Lit/unimi/dsi/fastutil/objects/Reference2ObjectArrayMap;' @24  null (0x00000000)
 - private 'neighbours' 'Ljava/util/Map;' @28  null (0x00000000)
 - protected final 'propertiesCodec' 'Lcom/mojang/serialization/MapCodec;' @32  a 'com/mojang/serialization/MapCodec$2'{0x00000007062b8180} (0xe0c57030)
 - protected 'optimisedTable' 'Lca/spottedleaf/moonrise/patches/blockstate_propertyaccess/util/ZeroCollidingReferenceStateTable;' @36  a 'ca/spottedleaf/moonrise/patches/blockstate_propertyaccess/util/ZeroCollidingReferenceStateTable'{0x00000007062b8270} (0xe0c5704e)
 - private 'amount' 'I' @40  0 (0x00000000)
 - private 'ownHeight' 'F' @44  0.000000 (0x00000000)
 - protected final 'isEmpty' 'Z' @48  true (0x01)
 - private 'isSource' 'Z' @49  false (0x00)
 - private 'isRandomlyTicking' 'Z' @50  false (0x00)
 - private 'legacyBlock' 'Lnet/minecraft/world/level/block/state/BlockState;' @52  null (0x00000000)
RCX=0x0000000000000010 is an unknown value
RDX=20977040 is a compressed pointer to class: 0x0000019edd401590
net.minecraft.world.level.block.state.BlockState {0x0000019edd401598}
 - instance size:     18
 - klass size:        177
 - access:            public synchronized 
 - flags:             rewritten has_nonstatic_fields should_verify_class has_localvariable_table has_final_method has_resolved_methods 
 - state:             fully_initialized
 - name:              'net/minecraft/world/level/block/state/BlockState'
 - super:             'net/minecraft/world/level/block/state/BlockBehaviour$BlockStateBase'
 - sub:               
 - arrays:            'net/minecraft/world/level/block/state/BlockState'[]
 - methods:           Array<T>(0x0000019f1eb79968)
 - method ordering:   Array<T>(0x0000019edcafb6c8)
 - default_methods:   Array<T>(0x0000000000000000)
 - local interfaces:  Array<T>(0x0000019edc5d6070)
 - trans. interfaces: Array<T>(0x0000019f1eb79728)
 - constants:         constant pool [107]/operands[7] {0x0000019f1eb6f9f0} for 'net/minecraft/world/level/block/state/BlockState' cache=0x0000019f1f053280
 - class loader data:  loader data: 0x0000019edb3fddb0 for instance a 'java/net/URLClassLoader'{0x0000000704a226f8}
 - source file:       'BlockState.java'
 - class annotations:       Array<T>(0x0000000000000000)
 - class type annotations:  Array<T>(0x0000000000000000)
 - field annotations:       Array<T>(0x0000000000000000)
 - field type annotations:  Array<T>(0x0000019f1eb79950)
 - inner classes:     Array<T>(0x0000019f1eb79ca8)
 - nest members:     Array<T>(0x0000019edc5d5ff8)
 - permitted subclasses:     Array<T>(0x0000019edc5d5ff8)
 - java mirror:       a 'java/lang/Class'{0x0000000700555f28} = 'net/minecraft/world/level/block/state/BlockState'
 - vtable length      100  (start addr: 0x0000019edd401758)
 - itable length      17 (start addr: 0x0000019edd401a78)
 - ---- static fields (1 words):
 - public static final 'CODEC' 'Lcom/mojang/serialization/Codec;' @112 
 - ---- non-static fields (33 words):
 - protected final 'owner' 'Ljava/lang/Object;' @12 
 - protected final 'tableIndex' 'J' @16 
 - private 'values' 'Lit/unimi/dsi/fastutil/objects/Reference2ObjectArrayMap;' @24 
 - private 'neighbours' 'Ljava/util/Map;' @28 
 - protected final 'propertiesCodec' 'Lcom/mojang/serialization/MapCodec;' @32 
 - protected 'optimisedTable' 'Lca/spottedleaf/moonrise/patches/blockstate_propertyaccess/util/ZeroCollidingReferenceStateTable;' @36 
 - private final 'lightEmission' 'I' @40 
 - public final 'destroySpeed' 'F' @44 
 - private 'lightBlock' 'I' @48 
 - private final 'id1' 'I' @52 
 - private final 'id2' 'I' @56 
 - private final 'useShapeForLightOcclusion' 'Z' @60 
 - private final 'isAir' 'Z' @61 
 - private final 'ignitedByLava' 'Z' @62 
 - private final 'liquid' 'Z' @63 
 - private 'legacySolid' 'Z' @64 
 - private final 'requiresCorrectToolForDrops' 'Z' @65 
 - private final 'canOcclude' 'Z' @66 
 - private final 'spawnTerrainParticles' 'Z' @67 
 - private final 'replaceable' 'Z' @68 
 - private 'isRandomlyTicking' 'Z' @69 
 - private 'solidRender' 'Z' @70 
 - private 'propagatesSkylightDown' 'Z' @71 
 - private 'isConditionallyFullOpaque' 'Z' @72 
 - private 'occludesFullBlock' 'Z' @73 
 - private 'emptyCollisionShape' 'Z' @74 
 - private 'emptyConstantCollisionShape' 'Z' @75 
 - protected 'shapeExceedsCube' 'Z' @76 
 - private final 'pushReaction' 'Lnet/minecraft/world/level/material/PushReaction;' @80 
 - private final 'mapColor' 'Lnet/minecraft/world/level/material/MapColor;' @84 
 - private final 'isRedstoneConductor' 'Lnet/minecraft/world/level/block/state/BlockBehaviour$StatePredicate;' @88 
 - private final 'isSuffocating' 'Lnet/minecraft/world/level/block/state/BlockBehaviour$StatePredicate;' @92 
 - private final 'isViewBlocking' 'Lnet/minecraft/world/level/block/state/BlockBehaviour$StatePredicate;' @96 
 - private final 'hasPostProcess' 'Lnet/minecraft/world/level/block/state/BlockBehaviour$StatePredicate;' @100 
 - private final 'emissiveRendering' 'Lnet/minecraft/world/level/block/state/BlockBehaviour$StatePredicate;' @104 
 - private final 'offsetFunction' 'Lnet/minecraft/world/level/block/state/BlockBehaviour$OffsetFunction;' @108 
 - private final 'instrument' 'Lnet/minecraft/world/level/block/state/properties/NoteBlockInstrument;' @112 
 - private 'cache' 'Lnet/minecraft/world/level/block/state/BlockBehaviour$BlockStateBase$Cache;' @116 
 - private 'fluidState' 'Lnet/minecraft/world/level/material/FluidState;' @120 
 - private 'occlusionShape' 'Lnet/minecraft/world/phys/shapes/VoxelShape;' @124 
 - private 'occlusionShapesByFace' '[Lnet/minecraft/world/phys/shapes/VoxelShape;' @128 
 - private 'constantCollisionShape' 'Lnet/minecraft/world/phys/shapes/VoxelShape;' @132 
 - private 'cachedCraftBlockData' 'Lorg/bukkit/craftbukkit/block/data/CraftBlockData;' @136 
 - 'cachedMaterial' 'Lorg/bukkit/Material;' @140 
 - non-static oop maps: 12-12 24-36 80-140 
RSP=0x00000002435fec70 is pointing into the stack for thread: 0x0000019f213d1a20
RBP=0x00000000000000f8 is an unknown value
RSI=3777837997 is a compressed pointer to object: net.minecraft.world.level.block.state.BlockState 
{0x000000070969dd68} - klass: 'net/minecraft/world/level/block/state/BlockState'
 - ---- fields (total size 18 words):
 - protected final 'owner' 'Ljava/lang/Object;' @12  a 'net/minecraft/world/level/block/AirBlock'{0x000000070969dc38} (0xe12d3b87)
 - protected final 'tableIndex' 'J' @16  0 (0x0000000000000000)
 - private 'values' 'Lit/unimi/dsi/fastutil/objects/Reference2ObjectArrayMap;' @24  null (0x00000000)
 - private 'neighbours' 'Ljava/util/Map;' @28  null (0x00000000)
 - protected final 'propertiesCodec' 'Lcom/mojang/serialization/MapCodec;' @32  a 'com/mojang/serialization/MapCodec$2'{0x000000070969ddf8} (0xe12d3bbf)
 - protected 'optimisedTable' 'Lca/spottedleaf/moonrise/patches/blockstate_propertyaccess/util/ZeroCollidingReferenceStateTable;' @36  a 'ca/spottedleaf/moonrise/patches/blockstate_propertyaccess/util/ZeroCollidingReferenceStateTable'{0x000000070969dee8} (0xe12d3bdd)
 - private final 'lightEmission' 'I' @40  0 (0x00000000)
 - public final 'destroySpeed' 'F' @44  0.000000 (0x00000000)
 - private 'lightBlock' 'I' @48  0 (0x00000000)
 - private final 'id1' 'I' @52  1681682651 (0x643c70db)
 - private final 'id2' 'I' @56  -967878091 (0xc64f5a35)
 - private final 'useShapeForLightOcclusion' 'Z' @60  false (0x00)
 - private final 'isAir' 'Z' @61  true (0x01)
 - private final 'ignitedByLava' 'Z' @62  false (0x00)
 - private final 'liquid' 'Z' @63  false (0x00)
 - private 'legacySolid' 'Z' @64  false (0x00)
 - private final 'requiresCorrectToolForDrops' 'Z' @65  false (0x00)
 - private final 'canOcclude' 'Z' @66  false (0x00)
 - private final 'spawnTerrainParticles' 'Z' @67  true (0x01)
 - private final 'replaceable' 'Z' @68  true (0x01)
 - private 'isRandomlyTicking' 'Z' @69  false (0x00)
 - private 'solidRender' 'Z' @70  false (0x00)
 - private 'propagatesSkylightDown' 'Z' @71  true (0x01)
 - private 'isConditionallyFullOpaque' 'Z' @72  false (0x00)
 - private 'occludesFullBlock' 'Z' @73  false (0x00)
 - private 'emptyCollisionShape' 'Z' @74  true (0x01)
 - private 'emptyConstantCollisionShape' 'Z' @75  true (0x01)
 - protected 'shapeExceedsCube' 'Z' @76  false (0x00)
 - private final 'pushReaction' 'Lnet/minecraft/world/level/material/PushReaction;' @80  a 'net/minecraft/world/level/material/PushReaction'{0x00000007017c7560} (0xe02f8eac)
 - private final 'mapColor' 'Lnet/minecraft/world/level/material/MapColor;' @84  a 'net/minecraft/world/level/material/MapColor'{0x000000070627b540} (0xe0c4f6a8)
 - private final 'isRedstoneConductor' 'Lnet/minecraft/world/level/block/state/BlockBehaviour$StatePredicate;' @88  a 'net/minecraft/world/level/block/state/BlockBehaviour$Properties$$Lambda+0x0000019edd4b4b78'{0x00000007017c76f8} (0xe02f8edf)
 - private final 'isSuffocating' 'Lnet/minecraft/world/level/block/state/BlockBehaviour$StatePredicate;' @92  a 'net/minecraft/world/level/block/state/BlockBehaviour$Properties$$Lambda+0x0000019edd4b4d90'{0x00000007017c7708} (0xe02f8ee1)
 - private final 'isViewBlocking' 'Lnet/minecraft/world/level/block/state/BlockBehaviour$StatePredicate;' @96  a 'net/minecraft/world/level/block/state/BlockBehaviour$Properties$$Lambda+0x0000019edd4b4d90'{0x00000007017c7708} (0xe02f8ee1)
 - private final 'hasPostProcess' 'Lnet/minecraft/world/level/block/state/BlockBehaviour$StatePredicate;' @100  a 'net/minecraft/world/level/block/state/BlockBehaviour$Properties$$Lambda+0x0000019edd4b4fa8'{0x00000007017c7718} (0xe02f8ee3)
 - private final 'emissiveRendering' 'Lnet/minecraft/world/level/block/state/BlockBehaviour$StatePredicate;' @104  a 'net/minecraft/world/level/block/state/BlockBehaviour$Properties$$Lambda+0x0000019edd4b51c0'{0x00000007017c7728} (0xe02f8ee5)
 - private final 'offsetFunction' 'Lnet/minecraft/world/level/block/state/BlockBehaviour$OffsetFunction;' @108  null (0x00000000)
 - private final 'instrument' 'Lnet/minecraft/world/level/block/state/properties/NoteBlockInstrument;' @112  a 'net/minecraft/world/level/block/state/properties/NoteBlockInstrument'{0x00000007062b7c10} (0xe0c56f82)
 - private 'cache' 'Lnet/minecraft/world/level/block/state/BlockBehaviour$BlockStateBase$Cache;' @116  a 'net/minecraft/world/level/block/state/BlockBehaviour$BlockStateBase$Cache'{0x000000070af63f70} (0xe15ec7ee)
 - private 'fluidState' 'Lnet/minecraft/world/level/material/FluidState;' @120  a 'net/minecraft/world/level/material/FluidState'{0x00000007062b80b8} (0xe0c57017)
 - private 'occlusionShape' 'Lnet/minecraft/world/phys/shapes/VoxelShape;' @124  a 'net/minecraft/world/phys/shapes/ArrayVoxelShape'{0x0000000700515088} (0xe00a2a11)
 - private 'occlusionShapesByFace' '[Lnet/minecraft/world/phys/shapes/VoxelShape;' @128  a 'net/minecraft/world/phys/shapes/VoxelShape'[6] {0x00000007015f97c8} (0xe02bf2f9)
 - private 'constantCollisionShape' 'Lnet/minecraft/world/phys/shapes/VoxelShape;' @132  a 'net/minecraft/world/phys/shapes/ArrayVoxelShape'{0x0000000700515088} (0xe00a2a11)
 - private 'cachedCraftBlockData' 'Lorg/bukkit/craftbukkit/block/data/CraftBlockData;' @136  null (0x00000000)
 - 'cachedMaterial' 'Lorg/bukkit/Material;' @140  null (0x00000000)
RDI=0x0000000000000007 is an unknown value
R8 =3791771959 is a compressed pointer to object: net.minecraft.world.level.chunk.PalettedContainer 
{0x00000007100ec9b8} - klass: 'net/minecraft/world/level/chunk/PalettedContainer'
 - ---- fields (total size 4 words):
 - private final 'dummyPaletteResize' 'Lnet/minecraft/world/level/chunk/PaletteResize;' @12  a 'net/minecraft/world/level/chunk/PalettedContainer$$Lambda+0x0000019ede2402b0'{0x0000000707a363a0} (0xe0f46c74)
 - public final 'registry' 'Lnet/minecraft/core/IdMap;' @16  a 'net/minecraft/core/IdMapper'{0x0000000704400e40} (0xe08801c8)
 - private final 'presetValues' '[Ljava/lang/Object;' @20  null (0x00000000)
 - public volatile 'data' 'Lnet/minecraft/world/level/chunk/PalettedContainer$Data;' @24  a 'net/minecraft/world/level/chunk/PalettedContainer$Data'{0x00000007100ec9d8} (0xe201d93b)
 - private final 'strategy' 'Lnet/minecraft/world/level/chunk/PalettedContainer$Strategy;' @28  a 'net/minecraft/world/level/chunk/PalettedContainer$Strategy$1'{0x0000000711cbdc60} (0xe2397b8c)
R9 =0x0000000000000009 is an unknown value
R10=0x0000000000000005 is an unknown value
R11=0x0 is null
R12=0x0 is null
R13=0x0000000000000007 is an unknown value
R14=3791771692 is a compressed pointer to object: [J 
{0x00000007100ec160} - klass: {type array long}
 - length: 256
 -   0: 0x11111112 0x22210000
 -   1: 0x11112222 0x22330000
 -   2: 0x11111122 0x22222000
 -   3: 0x11222222 0x22222222
 -   4: 0x12222422 0x22222222
 -   5: 0x22224442 0x22222222
 -   6: 0x22222222 0x22222222
 -   7: 0x22222222 0x22222222
 -   8: 0x22222222 0x22222222
 -   9: 0x22222222 0x22222222
 -  10: 0x22222222 0x22222252
 -  11: 0x22222222 0x22222222
 -  12: 0x22222222 0x22222222
 -  13: 0x22222222 0x22222222
 -  14: 0x22222222 0x22222222
 -  15: 0x22222222 0x55222222
 -  16: 0x11111112 0x22310000
 -  17: 0x11111322 0x22230000
 -  18: 0x11122222 0x22222000
 -  19: 0x11111112 0x22222222
 -  20: 0x11111111 0x22222222
 -  21: 0x12112222 0x22222222
 -  22: 0x22222222 0x22222222
 -  23: 0x22222222 0x22222222
 -  24: 0x22222222 0x22222222
 -  25: 0x22222222 0x22222222
 -  26: 0x22222222 0x22222252
 -  27: 0x22222222 0x22222222
 -  28: 0x22222222 0x22222222
 -  29: 0x27722222 0x22662222
 -  30: 0x27722222 0x26666222
 -  31: 0x27722222 0x22662222
 -  32: 0x11111111 0x11130000
 -  33: 0x11111112 0x22220000
 -  34: 0x11112222 0x22222000
 -  35: 0x11122222 0x22222222
 -  36: 0x11111111 0x22222222
 -  37: 0x11111111 0x12222222
 -  38: 0x11111111 0x22222222
 -  39: 0x12722222 0x22222232
 -  40: 0x77772222 0x22222222
 -  41: 0x77777222 0x22222222
 -  42: 0x77777222 0x22222222
 -  43: 0x77777222 0x22662222
 -  44: 0x77777222 0x22662222
 -  45: 0x77777222 0x26666222
 -  46: 0x77777222 0x26666222
 -  47: 0x77777222 0x26666222
 -  48: 0x11111111 0x11120000
 -  49: 0x11111112 0x22222000
 -  50: 0x11111122 0x22222222
 -  51: 0x11122222 0x22222222
 -  52: 0x11222222 0x22222222
 -  53: 0x11111111 0x22222222
 -  54: 0x11111111 0x11122222
 -  55: 0x11111111 0x11222232
 -  56: 0x17777222 0x12222232
 -  57: 0x17777722 0x22222223
 -  58: 0x17777722 0x22222222
 -  59: 0x17777222 0x22662222
 -  60: 0x17777222 0x22662222
 -  61: 0x77777722 0x26666222
 -  62: 0x77777722 0x26666222
 -  63: 0x77777222 0x26666222
 -  64: 0x11111111 0x11122222
 -  65: 0x11111111 0x12222222
 -  66: 0x11111112 0x22222222
 -  67: 0x11111222 0x22222222
 -  68: 0x11172222 0x22222222
 -  69: 0x11111222 0x22222222
 -  70: 0x11111111 0x12222222
 -  71: 0x11111111 0x11122222
 -  72: 0x17777111 0x11112223
 -  73: 0x17777722 0x11122233
 -  74: 0x17777722 0x22122223
 -  75: 0x17777722 0x22222222
 -  76: 0x17777722 0x22222222
 -  77: 0x17777722 0x26666222
 -  78: 0x77777722 0x26666222
 -  79: 0x77777722 0x26666222
 -  80: 0x11111111 0x11122222
 -  81: 0x11111111 0x12222222
 -  82: 0x11111111 0x22222222
 -  83: 0x11111112 0x22222222
 -  84: 0x11111000 0x22222222
 -  85: 0x11177000 0x22222222
 -  86: 0x11111100 0x22222222
 -  87: 0x11111111 0x12222222
 -  88: 0x11111111 0x11122222
 -  89: 0x11777711 0x11112223
 -  90: 0x11777722 0x11111222
 -  91: 0x11777722 0x22112222
 -  92: 0x17777722 0x22222222
 -  93: 0x17777722 0x22222222
 -  94: 0x17777722 0x22662222
 -  95: 0x17777722 0x22662222
 -  96: 0x11111111 0x11122222
 -  97: 0x11111111 0x11222222
 -  98: 0x11111111 0x12222222
 -  99: 0x11111111 0x2222222
 - 100: 0x11111110 0x2222222
 - 101: 0x11111000 0x2222222
 - 102: 0x11117000 0x2222222
 - 103: 0x11111110 0x2222222
 - 104: 0x11111111 0x12222222
 - 105: 0x11111111 0x11122222
 - 106: 0x11777701 0x11112222
 - 107: 0x11777722 0x21111222
 - 108: 0x11777722 0x22111222
 - 109: 0x11777722 0x22211222
 - 110: 0x17777722 0x22221222
 - 111: 0x17777722 0x22222222
 - 112: 0x11111111 0x11122222
 - 113: 0x11111111 0x11222222
 - 114: 0x11111111 0x16222222
 - 115: 0x11111111 0x222222
 - 116: 0x11111111 0x66222222
 - 117: 0x11111100 0x60222222
 - 118: 0x11111006 0x60222222
 - 119: 0x11117000 0x222222
 - 120: 0x11117000 0x2222222
 - 121: 0x11177700 0x2222222
 - 122: 0x11177700 0x21122222
 - 123: 0x11177702 0x11112222
 - 124: 0x11177002 0x21111222
 - 125: 0x11777702 0x22111122
 - 126: 0x11777022 0x22211122
 - 127: 0x11777222 0x22221122
 - 128: 0x11111111 0x11122222
 - 129: 0x11111111 0x11622222
 - 130: 0x11111111 0x16662222
 - 131: 0x11111111 0x16622222
 - 132: 0x11111111 0x66622222
 - 133: 0x11111116 0x66622222
 - 134: 0x11111166 0x66222222
 - 135: 0x11111066 0x60222222
 - 136: 0x11117066 0x222222
 - 137: 0x11117000 0x2222222
 - 138: 0x11117000 0x22222222
 - 139: 0x11177002 0x22222222
 - 140: 0x11170002 0x22212222
 - 141: 0x11177002 0x22211222
 - 142: 0x11177002 0x22111122
 - 143: 0x11770022 0x22221112
 - 144: 0x11111111 0x11112222
 - 145: 0x11111111 0x11162222
 - 146: 0x11111111 0x11662222
 - 147: 0x11111111 0x16662222
 - 148: 0x11111111 0x16622222
 - 149: 0x11111111 0x66622222
 - 150: 0x11111166 0x66222222
 - 151: 0x11111166 0x66222288
 - 152: 0x11111066 0x222288
 - 153: 0x11111000 0x2222222
 - 154: 0x11110000 0x22222222
 - 155: 0x11110002 0x22222222
 - 156: 0x11110002 0x23322222
 - 157: 0x11110002 0x23322222
 - 158: 0x11100002 0x22322222
 - 159: 0x11100022 0x22221122
 - 160: 0x11111111 0x11112222
 - 161: 0x11111111 0x11112222
 - 162: 0x11111111 0x11162222
 - 163: 0x11111111 0x11622222
 - 164: 0x11111111 0x11622222
 - 165: 0x11111111 0x16222222
 - 166: 0x11111111 0x60222222
 - 167: 0x11111106 0x60222222
 - 168: 0x11111100 0x2222222
 - 169: 0x11111000 0x2222222
 - 170: 0x11111000 0x22222222
 - 171: 0x11111002 0x22222222
 - 172: 0x11111002 0x23322552
 - 173: 0x11110002 0x23322522
 - 174: 0x11110022 0x22322222
 - 175: 0x11110222 0x22222222
 - 176: 0x11111111 0x11112222
 - 177: 0x11111111 0x11112222
 - 178: 0x11111111 0x11112222
 - 179: 0x11111111 0x11122222
 - 180: 0x11111111 0x11222222
 - 181: 0x11111111 0x12222222
 - 182: 0x11111111 0x2222222
 - 183: 0x11111111 0x2222222
 - 184: 0x11111110 0x2222222
 - 185: 0x11111100 0x22222222
 - 186: 0x11111102 0x22222222
 - 187: 0x11111122 0x22252222
 - 188: 0x11111022 0x22222552
 - 189: 0x11111022 0x22222522
 - 190: 0x11111022 0x22222222
 - 191: 0x11112222 0x22222222
 - 192: 0x11111111 0x11111222
 - 193: 0x11111111 0x11112222
 - 194: 0x11111111 0x11112222
 - 195: 0x11111111 0x11122222
 - 196: 0x11111111 0x11122222
 - 197: 0x11111111 0x11222222
 - 198: 0x11111111 0x12222222
 - 199: 0x11111111 0x12222222
 - 200: 0x11111111 0x22222222
 - 201: 0x11111112 0x22222222
 - 202: 0x11111112 0x22552222
 - 203: 0x11111122 0x22552222
 - 204: 0x11111122 0x22222222
 - 205: 0x11111122 0x22222222
 - 206: 0x11111222 0x22222222
 - 207: 0x11111222 0x22222222
 - 208: 0x11111111 0x11111222
 - 209: 0x11111111 0x11111222
 - 210: 0x11111111 0x11112222
 - 211: 0x11111111 0x11112222
 - 212: 0x11111111 0x11122222
 - 213: 0x11111111 0x11122222
 - 214: 0x11111111 0x11222222
 - 215: 0x11111111 0x12222222
 - 216: 0x11111111 0x12222222
 - 217: 0x11111111 0x22222222
 - 218: 0x11111111 0x22222222
 - 219: 0x11111112 0x22222222
 - 220: 0x11111112 0x22222222
 - 221: 0x11111122 0x22222222
 - 222: 0x11111122 0x22222222
 - 223: 0x11111122 0x22222222
 - 224: 0x11111111 0x11111122
 - 225: 0x11111111 0x11111222
 - 226: 0x11111111 0x11111222
 - 227: 0x11111111 0x11112222
 - 228: 0x11111111 0x11112222
 - 229: 0x11111111 0x11122222
 - 230: 0x11111111 0x11122222
 - 231: 0x11111111 0x11222222
 - 232: 0x21111111 0x11223322
 - 233: 0x11111111 0x12222222
 - 234: 0x11111111 0x22222222
 - 235: 0x11111111 0x99922222
 - 236: 0x11111112 0x99922222
 - 237: 0x11111112 0x92222222
 - 238: 0x11111112 0x22222222
 - 239: 0x11111122 0x22222222
 - 240: 0x11111111 0x11111122
 - 241: 0x11111111 0x11111122
 - 242: 0x11111111 0x11111222
 - 243: 0x11111111 0x11111222
 - 244: 0x11111111 0x11112222
 - 245: 0x11111111 0x11112222
 - 246: 0x11111111 0x11122222
 - 247: 0x11111111 0x11122222
 - 248: 0x21111111 0x11223322
 - 249: 0x11111111 0x11223322
 - 250: 0x11111111 0x12293322
 - 251: 0x11111111 0x19999222
 - 252: 0x11111111 0x99992222
 - 253: 0x11111111 0x92222222
 - 254: 0x11111112 0x22222222
 - 255: 0x11111112 0x22222222
R15=0x0000019f213d1a20 is a thread

Top of Stack: (sp=0x00000002435fec70)
0x00000002435fec70:   0000019f213d1a20 0000019f213d1a20
0x00000002435fec80:   00000002435fed28 00007ffce7413968
0x00000002435fec90:   0000000200000002 00000009ffffffcb
0x00000002435feca0:   3f8cac083126e979 00000010fffffffc
0x00000002435fecb0:   00000002435fed28 0000019f213d1a20
0x00000002435fecc0:   00000002435fecf0 fffffffeffff0000
0x00000002435fecd0:   0000000100020000 ffffffca00000001
0x00000002435fece0:   ffffffca00000001 ffffffca00000001
0x00000002435fecf0:   0000000600000001 0000000000000000
0x00000002435fed00:   0000000f00000007 0000000700000008
0x00000002435fed10:   0000000780eff380 0000000780eff358
0x00000002435fed20:   0000000000000000 00007ffce7777090
0x00000002435fed30:   0000019f213d1a20 0000019edd448000
0x00000002435fed40:   0000000000000003 0000000100000000
0x00000002435fed50:   e1d652f5e1d652f5 0000000000000000
0x00000002435fed60:   00000000e1fa81af 0000019eca8b3954
0x00000002435fed70:   000000070fba0ab0 0000019eca7d7084
0x00000002435fed80:   fb38172e00000018 0000000780eff5b0
0x00000002435fed90:   0000000780eff760 000000070fd40d78
0x00000002435feda0:   0000000700000000 0000000706d91248
0x00000002435fedb0:   000000070bcd1e28 00007ffcf01dfe1c
0x00000002435fedc0:   000000070fd40d78 0000000200000001
0x00000002435fedd0:   0000000700000001 000000070f0733a0
0x00000002435fede0:   0000000780ca3a60 000000070f6e8a88
0x00000002435fedf0:   0000000700000004 000000070fd40d78
0x00000002435fee00:   00000007020441b8 0000019eca7d14c0
0x00000002435fee10:   0000000000000100 0000019ec959f3a6
0x00000002435fee20:   00000000e0fdb1ba 0000000000000ef5
0x00000002435fee30:   000000070bcd1e28 000000070fba0ab0
0x00000002435fee40:   000000070bcd1e28 00000007040938b8
0x00000002435fee50:   000000070eb1cb20 0000001800000009
0x00000002435fee60:   e2644c7b00000003 fffffcb00bcd1e28 

Instructions: (pc=0x0000019eca66ebdd)
0x0000019eca66eadd:   c4 41 79 7e fa 47 8b 5c d4 58 44 8b 54 24 7c 62
0x0000019eca66eaed:   41 fd 08 7e e1 4d 0b ca 47 8b 44 dc 18 43 8b 4c
0x0000019eca66eafd:   c4 0c 4d 8b d1 49 bb 15 7c 4a 7f b9 79 37 9e 4d
0x0000019eca66eb0d:   0f af d3 8d 71 ff 4d 8b da 49 c1 eb 20 4d 33 da
0x0000019eca66eb1d:   4d 8b d3 49 c1 ea 10 4d 33 d3 41 8b da 23 f3 85
0x0000019eca66eb2d:   c9 0f 86 40 0a 00 00 4f 8d 14 c4 45 8b 54 b2 10
0x0000019eca66eb3d:   43 0f b6 4c d4 0c 85 c9 0f 85 51 0f 00 00 49 c1
0x0000019eca66eb4d:   e2 03 4d 8b 5a 10 4d 3b d9 0f 85 56 03 00 00 45
0x0000019eca66eb5d:   8b 42 18 47 8b 54 c4 08 41 81 fa f8 40 4d 01 0f
0x0000019eca66eb6d:   85 e2 13 00 00 44 8b 54 24 70 44 3b 54 24 78 0f
0x0000019eca66eb7d:   8f 78 fc ff ff 4f 8d 14 c4 45 8b 5a 60 c4 c1 79
0x0000019eca66eb8d:   6e db 47 8b 5c dc 0c 4d 63 db 62 c1 fd 08 7e ea
0x0000019eca66eb9d:   4d 3b d3 0f 83 1e 0c 00 00 62 c1 fd 08 7e e2 4d
0x0000019eca66ebad:   3b d3 0f 83 0f 0c 00 00 c4 c1 79 7e da 49 c1 e2
0x0000019eca66ebbd:   03 62 41 fd 08 6e ea 62 61 7e 08 10 74 24 1c 62
0x0000019eca66ebcd:   41 7d 08 7e f2 44 2b 54 24 38 62 41 fd 08 7e eb
0x0000019eca66ebdd:   47 8b 5c 93 10 47 0f bf 44 dc 0c 45 85 c0 0f 84
0x0000019eca66ebed:   fb 0c 00 00 44 8b 54 24 7c 44 3b 54 24 6c 0f 85
0x0000019eca66ebfd:   66 02 00 00 62 01 7c 08 28 fb 44 8b 54 24 7c 44
0x0000019eca66ec0d:   3b 54 24 74 0f 85 3d 02 00 00 62 61 7e 08 11 44
0x0000019eca66ec1d:   24 21 44 8b 94 24 80 00 00 00 44 3b 54 24 64 0f
0x0000019eca66ec2d:   85 b3 02 00 00 62 61 7e 08 11 4c 24 24 44 8b 94
0x0000019eca66ec3d:   24 80 00 00 00 44 3b 54 24 68 0f 85 85 02 00 00
0x0000019eca66ec4d:   62 e1 7e 08 11 7c 24 26 62 41 7d 08 7e f2 44 3b
0x0000019eca66ec5d:   54 24 70 0f 85 0f 02 00 00 62 e1 7d 08 7e f1 44
0x0000019eca66ec6d:   3b 54 24 78 0f 85 05 02 00 00 62 e1 7e 08 11 5c
0x0000019eca66ec7d:   24 0f 62 c1 7d 08 7e d2 41 3b ca 0f 8f 48 fb ff
0x0000019eca66ec8d:   ff 47 8b 44 dc 18 44 8b ac 24 84 00 00 00 41 ff
0x0000019eca66ec9d:   c5 44 8b 9c 24 98 00 00 00 41 ff c3 44 89 5c 24
0x0000019eca66ecad:   2c 44 89 94 24 94 00 00 00 44 8b 94 24 90 00 00
0x0000019eca66ecbd:   00 44 3b 94 24 98 00 00 00 0f 8f f4 fa ff ff 45
0x0000019eca66eccd:   85 c0 0f 84 1b 07 00 00 44 8b d1 41 c1 e2 08 44 


Stack slot to memory mapping:

stack at sp + 0 slots: 0x0000019f213d1a20 is a thread
stack at sp + 1 slots: 0x0000019f213d1a20 is a thread
stack at sp + 2 slots: 0x00000002435fed28 is pointing into the stack for thread: 0x0000019f213d1a20
stack at sp + 3 slots: 0x00007ffce7413968 jvm.dll
stack at sp + 4 slots: 0x0000000200000002 is an unknown value
stack at sp + 5 slots: 0x00000009ffffffcb is an unknown value
stack at sp + 6 slots: 0x3f8cac083126e979 is an unknown value
stack at sp + 7 slots: 0x00000010fffffffc is an unknown value


Compiled method (c2) 4831776 16889       4       net.minecraft.world.entity.Entity::updateFluidHeightAndDoFluidPushing (791 bytes)
 total in heap  [0x0000019eca66de90,0x0000019eca6728b8] = 18984
 relocation     [0x0000019eca66dfe8,0x0000019eca66e158] = 368
 constants      [0x0000019eca66e160,0x0000019eca66e180] = 32
 main code      [0x0000019eca66e180,0x0000019eca670760] = 9696
 stub code      [0x0000019eca670760,0x0000019eca670778] = 24
 oops           [0x0000019eca670778,0x0000019eca6707c0] = 72
 metadata       [0x0000019eca6707c0,0x0000019eca670980] = 448
 scopes data    [0x0000019eca670980,0x0000019eca6723c0] = 6720
 scopes pcs     [0x0000019eca6723c0,0x0000019eca672780] = 960
 dependencies   [0x0000019eca672780,0x0000019eca6727e8] = 104
 handler table  [0x0000019eca6727e8,0x0000019eca672800] = 24
 nul chk table  [0x0000019eca672800,0x0000019eca6728b8] = 184


[Constant Pool]
             Address          hex4                    hex8      
  0x0000019eca66e160:   0x00000000      0x3ff0000000000000      
  0x0000019eca66e164:   0x3ff00000                              
  0x0000019eca66e168:   0xd2f1a9fc      0x3f50624dd2f1a9fc      
  0x0000019eca66e16c:   0x3f50624d                              
  0x0000019eca66e170:   0x00000000      0x0000000000000000      
  0x0000019eca66e174:   0x00000000                              
  0x0000019eca66e178:   0xf4f4f4f4      0xf4f4f4f4f4f4f4f4      
  0x0000019eca66e17c:   0xf4f4f4f4                              

[MachCode]
[Entry Point]
  # {method} {0x0000019f1edcfa88} 'updateFluidHeightAndDoFluidPushing' '(Lnet/minecraft/tags/TagKey;D)Z' in 'net/minecraft/world/entity/Entity'
  # this:     rdx:rdx   = 'net/minecraft/world/entity/Entity'
  # parm0:    r8:r8     = 'net/minecraft/tags/TagKey'
  # parm1:    xmm0:xmm0   = double
  #           [sp+0x110]  (sp of caller)
  0x0000019eca66e180: ;   {no_reloc}
  0x0000019eca66e180: 448b 5208 | 49bb 0000 | 00dc 9e01 | 0000 4d03 | d349 3bc2 

  0x0000019eca66e194: ;   {runtime_call ic_miss_stub}
  0x0000019eca66e194: 0f85 e607 | dcfe 6690 | 0f1f 4000 
[Verified Entry Point]
  0x0000019eca66e1a0: 8984 2400 | 80ff ff55 | 4881 ec00 | 0100 0090 | 4181 7f20 | 0a00 0000 | 0f85 9325 | 0000 c4e1 
  0x0000019eca66e1c0: f96e cac5 | fb11 4424 | 30c4 c1f9 | 6ec0 448b | 9a20 0100 | 00c4 817b | 1054 dc10 

  0x0000019eca66e1dc: ;   {section_word}
  0x0000019eca66e1dc: c5eb 5c35 | 7cff ffff 

  0x0000019eca66e1e4: ;   {section_word}
  0x0000019eca66e1e4: c5fb 1015 | 74ff ffff | c481 6b58 | 7cdc 28c4 | e349 4bef | 60c4 e341 | 4be6 60c4 | e1d1 5ddc 
  0x0000019eca66e204: c5d1 c2e5 | 03c4 e361 | 4bdd 40c5 | 7b2c d341 | 81fa 0000 | 0080 0f84 | 1c25 0000 | c4c1 796e 
  0x0000019eca66e224: e2c5 fae6 | e4c5 f92e | e30f 878f | 0b00 00c4 | 016b 584c | dc38 c481 | 7b10 54dc 

  0x0000019eca66e240: ;   {section_word}
  0x0000019eca66e240: 20c5 6b5c | 1517 ffff | ffc4 c329 | 4be1 a0c4 | c331 4bda | a0c4 e1d9 | 5dd3 c5d9 | c2dc 03c4 
  0x0000019eca66e260: e369 4bd4 | 30c5 fb2c | ca81 f900 | 0000 800f | 84b3 2400 | 00c5 f96e | d9c5 fae6 | dbc5 f92e 
  0x0000019eca66e280: da0f 8734 | 0b00 008b | 820c 0100 | 00c4 e349 | 4bef 70c4 | e341 4be6 | 70c4 e1d1 | 5fe4 c551 
  0x0000019eca66e2a0: c2c5 03c4 | e359 4be5 | 80c5 7b2c | cc41 81f9 | 0000 0080 | 0f84 5924 | 0000 418d | 7901 c4c1 
  0x0000019eca66e2c0: 796e e9c5 | fae6 edc5 | f92e e541 | 0f46 f9c4 | c329 4bd9 | 90c4 c331 | 4be2 90c4 | e1e1 5fd4 
  0x0000019eca66e2e0: c5e1 c2e3 | 03c4 e369 | 4bd3 40c5 | 7b2c ca41 | 81f9 0000 | 0080 0f84 | 0224 0000 | 418d 5901 
  0x0000019eca66e300: c4c1 796e | d9c5 fae6 | dbc5 f92e | d341 0f46 | d941 8bb4 | c4f8 0000 | 00c1 fb04 | c1f9 043b 
  0x0000019eca66e320: cb0f 8f26 | 0100 0044 | 8d5b 01c1 | ff04 41c1 | fa04 448d | 7701 4d8d | 04f4 443b | d70f 8fd1 
  0x0000019eca66e340: ;   {no_reloc}
  0x0000019eca66e340: 0000 0085 | f60f 845d | 1500 0048 | 63d1 48c1 | e220 c4c1 | 796e d2c4 | c179 6ee3 | c4c1 f96e 
  0x0000019eca66e360: d845 8b44 | f458 458b | da48 8bc2 | 490b c347 | 8b5c c418 

  0x0000019eca66e374: ; implicit exception: dispatches to 0x0000019eca670564
  0x0000019eca66e374: 478b 4cdc | 0c48 8be8 | 49b8 157c | 4a7f b979 | 379e 490f | afe8 458d | 41ff 4c8b | ed49 c1ed 
  0x0000019eca66e394: 204c 33ed | 498b ed48 | c1ed 1049 | 33ed 8bed | 4423 c545 | 85c9 0f86 | 7411 0000 | 49c1 e303 
  0x0000019eca66e3b4: 478b 5c83 | 1047 0fb6 | 4cdc 0c45 | 85c9 0f85 | b413 0000 | 49c1 e303 | 4d8b 4310 | 4c3b c00f 
  0x0000019eca66e3d4: 85b9 0a00 | 0045 8b4b | 1847 8b5c 

  0x0000019eca66e3e0: ;   {metadata('net/minecraft/world/level/chunk/LevelChunk')}
  0x0000019eca66e3e0: cc08 4181 | fbf8 404d | 010f 85c9 | 1d00 004d | 8b9f 6004 | 0000 41ff 

  0x0000019eca66e3f8: ; ImmutableOopMap {rsi=NarrowOop xmm0=Oop xmm1=Oop xmm3=Oop }
                      ;*goto {reexecute=1 rethrow=0 return_oop=0}
                      ; - (reexecute) net.minecraft.server.level.ServerLevel::moonrise$areChunksLoaded@42 (line 486)
                      ; - net.minecraft.world.level.Level::hasChunksAt@14 (line 298)
                      ; - net.minecraft.world.entity.Entity::touchingUnloadedChunk@53 (line 4820)
                      ; - net.minecraft.world.entity.Entity::updateFluidHeightAndDoFluidPushing@1 (line 4685)
                      ;   {poll}
  0x0000019eca66e3f8: c241 8503 | 453b d60f | 8c5c ffff | ffc4 c179 | 7ed2 c4c1 | 797e e3c4 | c1f9 7ed8 | 4d8b 8f60 
  0x0000019eca66e418: 0400 00ff 

  0x0000019eca66e41c: ; ImmutableOopMap {r8=Oop rsi=NarrowOop xmm0=Oop xmm1=Oop }
                      ;*goto {reexecute=1 rethrow=0 return_oop=0}
                      ; - (reexecute) net.minecraft.server.level.ServerLevel::moonrise$areChunksLoaded@48 (line 485)
                      ; - net.minecraft.world.level.Level::hasChunksAt@14 (line 298)
                      ; - net.minecraft.world.entity.Entity::touchingUnloadedChunk@53 (line 4820)
                      ; - net.minecraft.world.entity.Entity::updateFluidHeightAndDoFluidPushing@1 (line 4685)
                      ;   {poll}
  0x0000019eca66e41c: c141 8501 | 413b cb0f | 8c11 ffff | ffc4 c1f9 | 7eca 458b | 9a20 0100 | 0045 85db | 0f84 6a17 
  0x0000019eca66e43c: 0000 418b | 820c 0100 | 0085 c00f | 846f 1700 | 00c4 817b | 1054 dc10 

  0x0000019eca66e454: ;   {section_word}
  0x0000019eca66e454: c5fb 101d | 0cfd ffff 

  0x0000019eca66e45c: ;   {external_word}
  0x0000019eca66e45c: c5e1 571d | 5c2e d7fe | c481 6358 | 74dc 28c5 | eb5c fbc4 | e341 4be6 | 70c4 e349 | 4bd7 70c4 
  0x0000019eca66e47c: e1d9 5dea | c5d9 c2d4 | 03c4 6351 | 4bcc 20c4 | c17b 2cd9 | 81fb 0000 | 0080 0f84 | 4e22 0000 
  0x0000019eca66e49c: c5f9 6ed3 | c5fa e6d2 | c4c1 792e | d10f 8722 | 0900 00c4 | 0163 5844 | dc30 c481 | 7b10 54dc 
  0x0000019eca66e4bc: 18c5 6b5c | e3c4 c319 | 4be8 c0c4 | c339 4bd4 | c0c4 e1d1 | 5de2 c5d1 | c2d5 03c4 | 6359 4bd5 
  0x0000019eca66e4dc: 20c4 417b | 2cca 4181 | f900 0000 | 800f 84e6 | 2100 00c4 | c179 6ed1 | c5fa e6d2 | c4c1 792e 
  0x0000019eca66e4fc: d20f 87d5 | 0800 00c4 | 8163 5864 | dc38 c481 | 7b10 54dc | 20c5 6b5c | ebc4 e311 | 4bec d0c4 
  0x0000019eca66e51c: c359 4bdd | d0c4 e1d1 | 5dd3 c5d1 | c2dd 03c4 | 6369 4bdd | 30c4 c17b | 2cf3 81fe | 0000 0080 
  0x0000019eca66e53c: 0f84 7f21 | 0000 c5f9 | 6ed6 c5fa | e6d2 c4c1 | 792e d30f | 8775 0800 | 0041 8b6c 

  0x0000019eca66e558: ;   {no_reloc}
  0x0000019eca66e558: c454 c4c1 | f97e ca45 | 8b52 0845 | 8b6c c450 | c1e5 0445 | 8bdd 41c1 | e304 453b | d945 0f4c 
  0x0000019eca66e578: d983 cd0f | c4c3 194b | d880 c4c3 | 394b ec80 | c4e1 e15f | d5c5 e1c2 | eb03 c463 | 694b e350 
  0x0000019eca66e598: c441 7b2c | c441 81f8 | 0000 0080 | 0f84 0221 | 0000 418d | 4801 c4c1 | 796e d0c5 | fae6 d2c5 
  0x0000019eca66e5b8: 792e e241 | 0f46 c8ff | c93b e90f | 4fe9 c4e3 | 114b dc40 | c4c3 594b | ed40 c4e1 | e15f d5c5 
  0x0000019eca66e5d8: e1c2 eb03 | c463 694b | eb50 c441 | 7b2c c541 | 81f8 0000 | 0080 0f84 | a320 0000 | 458d 4801 
  0x0000019eca66e5f8: c4c1 796e | d0c5 fae6 | d2c5 792e | ea45 0f46 | c841 ffc9 | c4e3 414b | d660 c4e3 | 494b e760 
  0x0000019eca66e618: c4e1 e95f | dcc5 e9c2 | e203 c463 | 614b f240 | c441 7b2c | c641 81f8 | 0000 0080 | 0f84 4820 
  0x0000019eca66e638: 0000 418d | 4801 c4c1 | 796e d0c5 | fae6 d2c5 | 792e f241 | 0f46 c8ff 

  0x0000019eca66e650: ;   {metadata('net/minecraft/world/entity/monster/Zombie')}
  0x0000019eca66e650: c941 81fa | 0000 8d01 | 0f85 8207 | 0000 c4e1 | f97e cf45 | 8bd1 41c1 | fa04 448b | c641 c1f8 
  0x0000019eca66e670: 0445 3bc2 | 0f8f cf01 | 0000 4489 | 4424 6444 | 8954 2468 | 62e1 7d08 | 6ec1 c4c1 | 796e f9c4 
  0x0000019eca66e690: 4179 6ec3 | 4489 6c24 | 38c5 f96e | e6c5 f96e | ebc4 e1f9 | 6ecf c5f9 | 6ed0 458b | 94c4 f800 
  0x0000019eca66e6b0: 0000 c5f9 | 6ef5 83e5 | 0f62 e17d | 086e d54f | 8d1c d462 | c1fd 086e | cbc4 4179 | 6efa 448d 
  0x0000019eca66e6d0: 5501 62c1 | 7d08 6eda | c4c1 797e | f241 c1fa | 0444 8954 | 2478 458b | dd41 f7db | 41ff c244 
  0x0000019eca66e6f0: 8954 2420 | 4d63 db4c | 6354 2478 | 4d03 d362 | c1fd 086e | e2c4 4179 | 7ec2 4183 | e20f 62c1 
  0x0000019eca66e710: 7d08 6ef2 | c441 797e | c241 c1fa | 0444 8954 | 2470 458b | d141 83e2 | 0f62 c17d | 086e fa4c 
  0x0000019eca66e730: 6354 2470 | 4d03 d362 | c1fd 086e | ea44 8b54 | 2468 41ff | c244 8954 | 2424 448b | d641 83e2 
  0x0000019eca66e750: ;   {no_reloc}
  0x0000019eca66e750: 0f62 417d | 086e ca44 | 8bd1 4183 | e20f 6241 | 7d08 6ec2 | 4d8d 14c4 | 6241 fd08 | 6ed2 448b 
  0x0000019eca66e770: d341 c1fa | 0444 8954 | 246c 448b | d341 83e2 | 0f62 417d | 086e da44 | 8bd1 41c1 | fa04 4489 
  0x0000019eca66e790: 5424 7441 | ffc2 4489 | 5424 2844 | 8984 2480 | 0000 00e9 | fb02 0000 | 4d8b 9f60 | 0400 0041 
  0x0000019eca66e7b0: ; ImmutableOopMap {r8=NarrowOop xmm0=Oop xmm1=Oop xmm2=NarrowOop xmm3=NarrowOop xmm15=NarrowOop xmm17=Oop xmm26=Oop xmm29=Oop }
                      ;*goto {reexecute=1 rethrow=0 return_oop=0}
                      ; - (reexecute) net.minecraft.world.entity.Entity::updateFluidHeightAndDoFluidPushing@628 (line 4748)
                      ;   {poll}
  0x0000019eca66e7b0: ffc1 4185 | 0344 3b4c | 242c 0f8c | 2405 0000 | 4d8b 9760 | 0400 00ff 

  0x0000019eca66e7c8: ; ImmutableOopMap {r8=NarrowOop xmm0=Oop xmm1=Oop xmm2=NarrowOop xmm3=NarrowOop xmm15=NarrowOop xmm17=Oop xmm26=Oop xmm29=Oop }
                      ;*goto {reexecute=1 rethrow=0 return_oop=0}
                      ; - (reexecute) net.minecraft.world.entity.Entity::updateFluidHeightAndDoFluidPushing@634 (line 4747)
                      ;   {poll}
  0x0000019eca66e7c8: c141 8502 | 3b4c 243c | 0f8c e004 | 0000 4d8b | 9f60 0400 | 0062 417d | 087e f241 | ffc2 6241 
  0x0000019eca66e7e8: ; ImmutableOopMap {xmm0=Oop xmm1=Oop xmm2=NarrowOop xmm3=NarrowOop xmm15=NarrowOop xmm17=Oop xmm26=Oop xmm29=Oop }
                      ;*goto {reexecute=1 rethrow=0 return_oop=0}
                      ; - (reexecute) net.minecraft.world.entity.Entity::updateFluidHeightAndDoFluidPushing@640 (line 4727)
  0x0000019eca66e7e8: 7d08 6ef2 

  0x0000019eca66e7ec: ;   {poll}
  0x0000019eca66e7ec: 4185 0344 | 3b54 2420 | 0f8c d203 | 0000 4d8b | 9f60 0400 | 0044 8b54 | 247c 41ff | c244 8954 
  0x0000019eca66e80c: ; ImmutableOopMap {xmm0=Oop xmm1=Oop xmm2=NarrowOop xmm15=NarrowOop xmm17=Oop xmm26=Oop }
                      ;*goto {reexecute=1 rethrow=0 return_oop=0}
                      ; - (reexecute) net.minecraft.world.entity.Entity::updateFluidHeightAndDoFluidPushing@646 (line 4723)
                      ;   {poll}
  0x0000019eca66e80c: 247c 4185 | 0344 3b54 | 2428 0f8c | c102 0000 | 4d8b 9f60 | 0400 0044 | 8b94 2480 | 0000 0041 
  0x0000019eca66e82c: ffc2 4489 | 9424 8000 

  0x0000019eca66e834: ; ImmutableOopMap {xmm0=Oop xmm1=Oop xmm2=NarrowOop xmm15=NarrowOop xmm17=Oop xmm26=Oop }
                      ;*goto {reexecute=1 rethrow=0 return_oop=0}
                      ; - (reexecute) net.minecraft.world.entity.Entity::updateFluidHeightAndDoFluidPushing@652 (line 4722)
                      ;   {poll}
  0x0000019eca66e834: 0000 4185 | 0344 3b54 | 2424 0f8c | 5f02 0000 | c4e1 f97e | cf8b af30 | 0100 0045 | 8b54 ec08 
  0x0000019eca66e854: ;   {metadata('it/unimi/dsi/fastutil/objects/Object2DoubleArrayMap')}
  0x0000019eca66e854: 4181 fa18 | 3327 020f | 855b 0e00 | 0048 c1e5 | 0344 8b55 | 0c45 85d2 | 0f85 3b01 | 0000 c4e1 
  0x0000019eca66e874: f97e c641 | bbff ffff | ff8b 5d1c | 4183 fbff | 741c 458b | 54dc 0c45 | 3bda 0f83 | 7413 0000 
  0x0000019eca66e894: 4d8d 14dc | 4f89 64da | 10e9 af00 | 0000 448b | 5d18 478b | 44dc 0c44 | 8b6d 0c45 | 3be8 0f84 
  0x0000019eca66e8b4: 9913 0000 | 453b e80f | 8327 0e00 | 0047 8b54 

  0x0000019eca66e8c4: ;   {metadata('java/lang/Object'[])}
  0x0000019eca66e8c4: dc08 4181 | fa58 1200 | 000f 8575 | 0e00 004f | 8d14 dc4f | 8d74 aa10 | 4180 7f38 | 000f 8541 
  0x0000019eca66e8e4: 0600 004d | 8bd6 4c8b | c649 c1e8 | 0345 8906 | 4c8b de4d | 33da 49c1 | eb15 4d85 | db0f 8401 
  0x0000019eca66e904: 0600 0048 | 85f6 0f84 | 4e06 0000 | 49c1 ea09 | 48b9 0000 | 33cf 9e01 | 0000 4903 | ca80 3902 
  0x0000019eca66e924: 0f85 3e06 | 0000 85db | 0f84 de05 | 0000 458b | 54dc 0c45 | 3bea 0f83 | dc0d 0000 | 458d 5501 
  0x0000019eca66e944: 4489 550c | 4d8d 14dc | 4f89 64ea 

  0x0000019eca66e950: ;   {oop(a 'net/minecraft/world/phys/Vec3'{0x000000070054f7b8})}
  0x0000019eca66e950: 1049 bab8 | f754 0007 | 0000 00c4 | c17b 1042 | 10c4 c17b | 104a 20c5 | fb59 c0c5 | f359 c9c4 
  0x0000019eca66e970: c17b 1052 | 18c5 eb59 | d2c5 fb58 | c2c5 fb58 

  0x0000019eca66e980: ;   {section_word}
  0x0000019eca66e980: c1c5 f92e | 05e7 f7ff | ff0f 8a41 | 1200 000f | 853b 1200 | 0033 c048 | 81c4 0001 

  0x0000019eca66e99c: ;   {poll_return}
  0x0000019eca66e99c: 0000 5d49 | 3ba7 5804 | 0000 0f87 | c01c 0000 | c38b 4d18 | 458d 5aff 

  0x0000019eca66e9b4: ; implicit exception: dispatches to 0x0000019eca67061c
  0x0000019eca66e9b4: 458b 44cc | 0c4d 8d0c | cc66 6690 | 453b d80f | 83bf 0c00 | 0047 8b54 | 9910 498b | da48 c1e3 
  0x0000019eca66e9d4: 03c4 e1f9 | 7ec6 483b | de0f 8492 | 0000 0045 | 85d2 7468 | 4c89 4c24 | 4844 8944 | 2440 4489 
  0x0000019eca66e9f4: 5c24 3c89 | 4c24 3848 | 896c 2428 | 4889 7c24 | 20c4 e1f9 | 7ec5 4b8d | 14d4 c4c1 | f97e c066 
  0x0000019eca66ea14: 9048 b8e0 | 106a dd9e 

  0x0000019eca66ea1c: ;   {virtual_call}
  0x0000019eca66ea1c: 0100 00e8 

  0x0000019eca66ea20: ; ImmutableOopMap {rbp=Oop [32]=Oop [40]=Oop [56]=NarrowOop [72]=Oop }
                      ;*invokevirtual equals {reexecute=0 rethrow=0 return_oop=0}
                      ; - java.util.Objects::equals@11 (line 62)
                      ; - it.unimi.dsi.fastutil.objects.Object2DoubleArrayMap::findKey@21 (line 423)
                      ; - it.unimi.dsi.fastutil.objects.Object2DoubleArrayMap::put@2 (line 469)
                      ; - net.minecraft.world.entity.Entity::updateFluidHeightAndDoFluidPushing@662 (line 4788)
  0x0000019eca66ea20: 1c24 0a00 

  0x0000019eca66ea24: ;   {other}
  0x0000019eca66ea24: 0f1f 8400 | 940b 0007 | 85c0 7525 | 488b f548 | 8b7c 2420 | 488b 6c24 | 288b 4c24 | 3844 8b5c 
  0x0000019eca66ea44: 243c 448b | 4424 404c | 8b4c 2448 | 4533 d2eb | 2648 8bf5 | 488b 7c24 | 2048 8b6c | 2428 8b4c 
  0x0000019eca66ea64: 2438 448b | 5c24 3c44 | 8b44 2440 | 4c8b 4c24 | 4841 ba01 | 0000 0049 | 8b97 6004 

  0x0000019eca66ea80: ; ImmutableOopMap {r9=Oop rcx=NarrowOop rdi=Oop rsi=Oop rbp=Oop }
                      ;*ifeq {reexecute=1 rethrow=0 return_oop=0}
                      ; - (reexecute) it.unimi.dsi.fastutil.objects.Object2DoubleArrayMap::findKey@24 (line 423)
                      ; - it.unimi.dsi.fastutil.objects.Object2DoubleArrayMap::put@2 (line 469)
                      ; - net.minecraft.world.entity.Entity::updateFluidHeightAndDoFluidPushing@662 (line 4788)
                      ;   {poll}
  0x0000019eca66ea80: 0000 8502 | 4585 d20f | 85f0 fdff | ff45 85db | 0f84 e1fd | ffff 41ff | cbc4 e1f9 | 6ec6 e91d 
  0x0000019eca66eaa0: ffff ff44 | 8b54 246c | 443b 5424 | 740f 8f69 | fdff ffc4 | 4179 7efa | 4585 d20f | 840b 0f00 
  0x0000019eca66eac0: 004c 6394 | 2480 0000 | 0049 c1e2 | 2062 41fd | 086e e244 | 8b54 246c | 4489 5424 | 7cc4 4179 
  0x0000019eca66eae0: 7efa 478b | 5cd4 5844 | 8b54 247c | 6241 fd08 | 7ee1 4d0b | ca47 8b44 | dc18 438b | 4cc4 0c4d 
  0x0000019eca66eb00: 8bd1 49bb | 157c 4a7f | b979 379e | 4d0f afd3 | 8d71 ff4d | 8bda 49c1 | eb20 4d33 | da4d 8bd3 
  0x0000019eca66eb20: 49c1 ea10 | 4d33 d341 | 8bda 23f3 | 85c9 0f86 | 400a 0000 | 4f8d 14c4 | 458b 54b2 | 1043 0fb6 
  0x0000019eca66eb40: 4cd4 0c85 | c90f 8551 | 0f00 0049 | c1e2 034d | 8b5a 104d | 3bd9 0f85 | 5603 0000 | 458b 4218 
  0x0000019eca66eb60: ; implicit exception: dispatches to 0x0000019eca66fcc8
  0x0000019eca66eb60: 478b 54c4 

  0x0000019eca66eb64: ;   {metadata('net/minecraft/world/level/chunk/LevelChunk')}
  0x0000019eca66eb64: 0841 81fa | f840 4d01 | 0f85 e213 | 0000 448b | 5424 7044 | 3b54 2478 | 0f8f 78fc | ffff 4f8d 
  0x0000019eca66eb84: 14c4 458b | 5a60 c4c1 | 796e db47 | 8b5c dc0c | 4d63 db62 | c1fd 087e | ea4d 3bd3 | 0f83 1e0c 
  0x0000019eca66eba4: 0000 62c1 | fd08 7ee2 | 4d3b d30f | 830f 0c00 | 00c4 c179 | 7eda 49c1 | e203 6241 | fd08 6eea 
  0x0000019eca66ebc4: 6261 7e08 | 1074 241c | 6241 7d08 | 7ef2 442b | 5424 3862 | 41fd 087e | eb47 8b5c | 9310 470f 
  0x0000019eca66ebe4: bf44 dc0c | 4585 c00f | 84fb 0c00 | 0044 8b54 | 247c 443b | 5424 6c0f | 8566 0200 | 0062 017c 
  0x0000019eca66ec04: 0828 fb44 | 8b54 247c | 443b 5424 | 740f 853d | 0200 0062 | 617e 0811 | 4424 2144 | 8b94 2480 
  0x0000019eca66ec24: 0000 0044 | 3b54 2464 | 0f85 b302 | 0000 6261 | 7e08 114c | 2424 448b | 9424 8000 | 0000 443b 
  0x0000019eca66ec44: 5424 680f | 8585 0200 | 0062 e17e | 0811 7c24 | 2662 417d | 087e f244 | 3b54 2470 | 0f85 0f02 
  0x0000019eca66ec64: ;   {no_reloc}
  0x0000019eca66ec64: 0000 62e1 | 7d08 7ef1 | 443b 5424 | 780f 8505 | 0200 0062 | e17e 0811 | 5c24 0f62 | c17d 087e 
  0x0000019eca66ec84: d241 3bca | 0f8f 48fb | ffff 478b | 44dc 1844 | 8bac 2484 | 0000 0041 | ffc5 448b | 9c24 9800 
  0x0000019eca66eca4: 0000 41ff | c344 895c | 242c 4489 | 9424 9400 | 0000 448b | 9424 9000 | 0000 443b | 9424 9800 
  0x0000019eca66ecc4: 0000 0f8f | f4fa ffff | 4585 c00f | 841b 0700 | 0044 8bd1 | 41c1 e208 | 448b 8c24 | 9000 0000 
  0x0000019eca66ece4: 6241 7d08 | 7efb 443b | 9c24 8400 | 0000 0f8f | b0fa ffff | 418b d9c1 | e304 458b | da44 0bdb 
  0x0000019eca66ed04: 6261 7d08 | 7eff 660f | 1f44 0000 | 438b 74c4 | 1841 8b5c | f410 418b | c30b c741 | 8b6c dc08 
  0x0000019eca66ed24: ;   {metadata('net/minecraft/util/SimpleBitStorage')}
  0x0000019eca66ed24: 81fd 0000 | 2402 0f85 | c501 0000 | 48c1 e303 | 0faf 433c | 448b 7344 | 8be8 c1ed | 1443 8b54 
  0x0000019eca66ed44: f40c 25ff | ff0f 000f | af43 40c1 | e814 3bea | 0f83 d603 | 0000 4b8d | 14f4 c4e2 | fbf7 54ea 
  0x0000019eca66ed64: 1048 2353 | 108b c241 | 8b5c f418 

  0x0000019eca66ed70: ; implicit exception: dispatches to 0x0000019eca670264
  0x0000019eca66ed70: 418b 54dc | 0c3b c20f | 8341 0200 | 0048 c1e3 | 038b 7483 | 1041 8b54 

  0x0000019eca66ed88: ;   {metadata('net/minecraft/world/level/block/state/BlockState')}
  0x0000019eca66ed88: f408 81fa | 9015 4001 | 0f85 b612 | 0000 498d | 1cf4 8b5b | 7841 0fb6 | 44dc 3085 | c00f 84d5 
  0x0000019eca66eda8: 0400 00ff | c741 3bfd | 0f8c 5aff | ffff e9ed | f9ff ffff | c9e9 c5f4 | ffff 41ff | cae9 69f4 
  0x0000019eca66edc8: ffff ffce | e984 f7ff | ffff cbe9 | d7f6 ffff | 41ff c9e9 | 23f7 ffff 

  0x0000019eca66ede0: ;   {metadata('net/minecraft/world/entity/monster/ZombifiedPiglin')}
  0x0000019eca66ede0: 4181 fa20 | 3494 010f | 8471 f8ff | ffba c6ff | ffff c5fb | 1144 2428 | 4489 6c24 | 3889 5c24 
  0x0000019eca66ee00: 3c44 895c | 2440 8974 | 2444 894c | 2448 4489 | 4c24 4cc5 | fb11 4c24 | 50c5 7b11 | 4c24 58c5 
  0x0000019eca66ee20: 7b11 5424 | 60c5 7b11 | 5c24 68c5 | 7b11 7424 | 70c5 7b11 | 6424 78c5 | 7b11 ac24 | 8000 0000 
  0x0000019eca66ee40: 8984 2488 

  0x0000019eca66ee44: ;   {runtime_call UncommonTrapBlob}
  0x0000019eca66ee44: 0000 00e8 

  0x0000019eca66ee48: ; ImmutableOopMap {[40]=Oop [80]=Oop [136]=NarrowOop }
                      ;*invokevirtual isPushedByFluid {reexecute=0 rethrow=0 return_oop=0}
                      ; - net.minecraft.world.entity.Entity::updateFluidHeightAndDoFluidPushing@121 (line 4703)
  0x0000019eca66ee48: b48e dcfe 

  0x0000019eca66ee4c: ;   {other}
  0x0000019eca66ee4c: 0f1f 8400 | bc0f 0009 | 41ba 0f00 | 0000 4489 | 9424 8400 | 0000 e9b8 | fdff ff45 | 33d2 6241 
  0x0000019eca66ee6c: 7d08 6efa | e992 fdff | ff33 c9e9 | f0fd ffff | 41b8 1000 | 0000 41ba | 0f00 0000 | 4489 4424 
  0x0000019eca66ee8c: 3ce9 f3fd | ffff 458b | 5b1c 4d8b | 8760 0400 

  0x0000019eca66ee9c: ; ImmutableOopMap {r11=NarrowOop rsi=NarrowOop xmm0=Oop xmm1=Oop xmm3=Oop }
                      ;*goto {reexecute=1 rethrow=0 return_oop=0}
                      ; - (reexecute) ca.spottedleaf.concurrentutil.map.ConcurrentLong2ReferenceChainedHashTable::getNode@79 (line 207)
                      ; - ca.spottedleaf.concurrentutil.map.ConcurrentLong2ReferenceChainedHashTable::get@2 (line 224)
                      ; - net.minecraft.server.level.ServerChunkCache::getChunkNow@9 (line 337)
                      ; - net.minecraft.server.level.ServerChunkCache::hasChunk@3 (line 419)
                      ; - net.minecraft.server.level.ServerLevel::moonrise$areChunksLoaded@31 (line 487)
                      ; - net.minecraft.world.level.Level::hasChunksAt@14 (line 298)
                      ; - net.minecraft.world.entity.Entity::touchingUnloadedChunk@53 (line 4820)
                      ; - net.minecraft.world.entity.Entity::updateFluidHeightAndDoFluidPushing@1 (line 4685)
                      ;   {poll}
  0x0000019eca66ee9c: 0041 8500 | 4585 db0f | 84db 0d00 | 0049 c1e3 | 03e9 1af5 | ffff 458b | 521c 4d8b | 9f60 0400 
  0x0000019eca66eebc: ; ImmutableOopMap {r10=NarrowOop xmm0=Oop xmm1=Oop xmm2=NarrowOop xmm15=NarrowOop xmm17=Oop xmm26=Oop }
                      ;*goto {reexecute=1 rethrow=0 return_oop=0}
                      ; - (reexecute) ca.spottedleaf.concurrentutil.map.ConcurrentLong2ReferenceChainedHashTable::getNode@79 (line 207)
                      ; - ca.spottedleaf.concurrentutil.map.ConcurrentLong2ReferenceChainedHashTable::get@2 (line 224)
                      ; - net.minecraft.server.level.ServerChunkCache::getChunk@16 (line 320)
                      ; - net.minecraft.world.entity.Entity::updateFluidHeightAndDoFluidPushing@224 (line 4724)
                      ;   {poll}
  0x0000019eca66eebc: 0041 8503 | 4585 d20f | 84ff 0d00 | 0049 c1e2 | 03e9 7dfc | ffff 41b8 | 0f00 0000 | 4489 8424 
  0x0000019eca66eedc: 9800 0000 | e970 fdff | ff45 33d2 | 4489 9424 | 9000 0000 | e945 fdff 

  0x0000019eca66eef4: ;   {metadata('net/minecraft/util/ZeroBitStorage')}
  0x0000019eca66eef4: ff81 fdc0 | 6624 020f | 85b7 0e00 | 0033 c0e9 | 63fe ffff | 85db 0f85 | 22fa ffff | baf6 ffff 
  0x0000019eca66ef14: ff41 8bed 

  0x0000019eca66ef18: ;   {runtime_call UncommonTrapBlob}
  0x0000019eca66ef18: 6666 90e8 

  0x0000019eca66ef1c: ; ImmutableOopMap {}
                      ;*dastore {reexecute=0 rethrow=0 return_oop=0}
                      ; - it.unimi.dsi.fastutil.objects.Object2DoubleArrayMap::put@160 (line 486)
                      ; - net.minecraft.world.entity.Entity::updateFluidHeightAndDoFluidPushing@662 (line 4788)
  0x0000019eca66ef1c: e08d dcfe 

  0x0000019eca66ef20: ;   {other}
  0x0000019eca66ef20: 0f1f 8400 | 9010 000c | 458b 1645 | 85d2 0f84 | b3f9 ffff | 4d8b 5f28 | 498b ca48 | c1e1 034d 
  0x0000019eca66ef40: 85db 0f84 | ec0c 0000 | 4d8b 5730 | 4b89 4c1a | f849 83c3 | f84d 895f | 28e9 89f9 | ffff 85db 
  0x0000019eca66ef60: 0f85 ccf9 | ffff eba8 | 4d8b 5740 | 4d8b 5f48 | f083 4424 | c000 8039 | 0074 2f44 | 8821 4d85 
  0x0000019eca66ef80: d274 0f4b | 894c 13f8 | 4983 c2f8 | 4d89 5740 | eb18 498b | d749 bac0 | 3e0c e7fc | 7f00 0041 
  0x0000019eca66efa0: ;   {other}
  0x0000019eca66efa0: ffd2 0f1f | 8400 0000 | 0000 448b | 6d0c 8b5d | 1c85 db0f | 8579 f9ff | ffe9 52ff | ffff bae4 
  0x0000019eca66efc0: ffff ffc4 | e1f9 7ecd | c5fb 1144 | 2420 c5fb | 1044 2430 | c5fb 1144 | 2428 448b | 5424 3844 
  0x0000019eca66efe0: 8954 2430 | c5fa 116c | 2434 c57a | 1144 2438 | c5fa 1164 | 243c 62e1 | 7e08 1144 | 2410 c5fa 
  0x0000019eca66f000: 1174 2444 | c5fa 117c | 2448 448b | 5c24 6c44 | 895c 244c | 448b 5424 | 7444 8954 | 2450 448b 
  0x0000019eca66f020: 5c24 7044 | 895c 2454 | 448b 5424 | 7844 8954 | 2458 448b | 5c24 6444 | 895c 245c | 448b 5424 
  0x0000019eca66f040: 6844 8954 | 2460 c57a | 117c 2464 | 448b 9c24 | 8000 0000 | 4489 5c24 | 6844 8b54 | 247c 4489 
  0x0000019eca66f060: 5424 6c62 | 617e 0811 | 7424 1c44 | 8944 2474 | 6261 7e08 | 117c 241e | 448b 9424 | 8400 0000 
  0x0000019eca66f080: 4489 5424 | 7c44 8b9c | 2490 0000 | 0044 899c | 2480 0000 | 0044 8b94 | 2498 0000 | 0044 8994 
  0x0000019eca66f0a0: ;   {no_reloc}
  0x0000019eca66f0a0: 2484 0000 | 0044 8b9c | 2494 0000 | 0044 899c | 2488 0000 | 0089 8c24 | 8c00 0000 | 4489 8c24 
  0x0000019eca66f0c0: 9000 0000 | 89bc 2494 | 0000 0089 | 9c24 9800 | 0000 8984 | 249c 0000 | 00c5 7b11 | 8c24 a000 
  0x0000019eca66f0e0: 0000 c57b | 1194 24a8 | 0000 00c5 | 7b11 9c24 | b000 0000 | c57b 11b4 | 24b8 0000 | 00c5 7b11 
  0x0000019eca66f100: a424 c000 | 0000 c57b | 11ac 24c8 | 0000 00c5 | fa11 9424 | d000 0000 | c5fa 119c | 24d4 0000 
  0x0000019eca66f120: ;   {runtime_call UncommonTrapBlob}
  0x0000019eca66f120: 0066 90e8 

  0x0000019eca66f124: ; ImmutableOopMap {rbp=Oop [32]=Oop [100]=NarrowOop [116]=NarrowOop [152]=NarrowOop [208]=NarrowOop [212]=NarrowOop }
                      ;*aaload {reexecute=0 rethrow=0 return_oop=0}
                      ; - net.minecraft.world.level.chunk.PalettedContainer::readPalette@23 (line 96)
                      ; - net.minecraft.world.level.chunk.PalettedContainer::get@17 (line 256)
                      ; - net.minecraft.world.entity.Entity::updateFluidHeightAndDoFluidPushing@450 (line 4750)
  0x0000019eca66f124: d88b dcfe 

  0x0000019eca66f128: ;   {other}
  0x0000019eca66f128: 0f1f 8400 | 9812 000d | bae4 ffff | ffc5 fb11 | 4c24 20c5 | fb11 4424 | 28c5 fa11 | 6c24 3cc5 
  0x0000019eca66f148: 7a11 4424 | 40c5 fa11 | 6424 4462 | e17e 0811 | 4424 12c5 | fa11 7424 | 4cc5 fa11 | 7c24 5044 
  0x0000019eca66f168: 8b54 246c | 4489 5424 | 5444 8b5c | 2474 4489 | 5c24 5844 | 8b54 2470 | 4489 5424 | 5c44 8b5c 
  0x0000019eca66f188: 2478 4489 | 5c24 60c5 | 7a11 7c24 | 6c44 8b94 | 2480 0000 | 0044 8954 | 2470 448b | 5c24 7c44 
  0x0000019eca66f1a8: 895c 2474 | 6261 7e08 | 1174 241e | 6261 7e08 | 117c 2420 | 448b 9424 | 9000 0000 | 4489 9424 
  0x0000019eca66f1c8: 8800 0000 | 448b 9c24 | 9800 0000 | 4489 9c24 | 8c00 0000 | 448b 9424 | 9400 0000 | 4489 9424 
  0x0000019eca66f1e8: 9000 0000 | 898c 2494 | 0000 0044 | 898c 2498 | 0000 0089 | bc24 9c00 | 0000 4489 | 8424 a000 
  0x0000019eca66f208: 0000 89b4 | 24a4 0000 | 0048 899c | 24a8 0000 | 0089 8424 | b000 0000 | 4489 b424 

  0x0000019eca66f224: ;   {no_reloc}
  0x0000019eca66f224: b400 0000 | c57b 118c | 24b8 0000 | 00c5 7b11 | 9424 c000 | 0000 c57b | 119c 24c8 | 0000 00c5 
  0x0000019eca66f244: 7b11 b424 | d000 0000 | c57b 11a4 | 24d8 0000 | 00c5 7b11 | ac24 e000 | 0000 c5fa | 1194 24e8 
  0x0000019eca66f264: 0000 00c5 | fa11 9c24 | ec00 0000 

  0x0000019eca66f270: ;   {runtime_call UncommonTrapBlob}
  0x0000019eca66f270: 6666 90e8 

  0x0000019eca66f274: ; ImmutableOopMap {[32]=Oop [40]=Oop [108]=NarrowOop [160]=NarrowOop [164]=NarrowOop [168]=Oop [180]=NarrowOop [232]=NarrowOop [236]=NarrowOop }
                      ;*laload {reexecute=0 rethrow=0 return_oop=0}
                      ; - net.minecraft.util.SimpleBitStorage::get@31 (line 336)
                      ; - net.minecraft.world.level.chunk.PalettedContainer::get@12 (line 256)
                      ; - net.minecraft.world.entity.Entity::updateFluidHeightAndDoFluidPushing@450 (line 4750)
  0x0000019eca66f274: 888a dcfe 

  0x0000019eca66f278: ;   {other}
  0x0000019eca66f278: 0f1f 8400 | e813 000e | ba45 ffff | ffc4 e1f9 | 7ecd c5fb | 1144 2420 | c5fb 1044 | 2430 c5fb 
  0x0000019eca66f298: 1144 2428 | 448b 5c24 | 3844 895c | 2430 c5fa | 116c 2434 | c57a 1144 | 2438 c5fa | 1164 243c 
  0x0000019eca66f2b8: 62e1 7e08 | 1144 2410 | c5fa 1174 | 2444 c5fa | 117c 2448 | 448b 5424 | 6c44 8954 | 244c 448b 
  0x0000019eca66f2d8: 5c24 7444 | 895c 2450 | 448b 5424 | 7044 8954 | 2454 448b | 5c24 7844 | 895c 2458 | 448b 5424 
  0x0000019eca66f2f8: 6444 8954 | 245c 448b | 5c24 6844 | 895c 2460 | c57a 117c | 2464 448b | 9424 8000 | 0000 4489 
  0x0000019eca66f318: 5424 6844 | 8b5c 247c | 4489 5c24 | 6c62 617e | 0811 7424 | 1c44 8944 | 2474 6261 | 7e08 117c 
  0x0000019eca66f338: 241e 448b | 9c24 8400 | 0000 4489 | 5c24 7c44 | 8b94 2490 | 0000 0044 | 8994 2480 | 0000 0044 
  0x0000019eca66f358: 8b9c 2498 | 0000 0044 | 899c 2484 | 0000 0044 | 8b94 2494 | 0000 0044 | 8994 2488 

  0x0000019eca66f374: ;   {no_reloc}
  0x0000019eca66f374: 0000 0089 | 8c24 8c00 | 0000 4489 | 8c24 9000 | 0000 89bc | 2494 0000 | 0089 9c24 | 9800 0000 
  0x0000019eca66f394: 8984 249c | 0000 00c5 | 7b11 8c24 | a000 0000 | c57b 1194 | 24a8 0000 | 00c5 7b11 | 9c24 b000 
  0x0000019eca66f3b4: 0000 c57b | 11b4 24b8 | 0000 00c5 | 7b11 a424 | c000 0000 | c57b 11ac | 24c8 0000 | 00c5 fa11 
  0x0000019eca66f3d4: 9424 d000 | 0000 c5fa | 119c 24d4 

  0x0000019eca66f3e0: ;   {runtime_call UncommonTrapBlob}
  0x0000019eca66f3e0: 0000 00e8 

  0x0000019eca66f3e4: ; ImmutableOopMap {rbp=Oop [32]=Oop [100]=NarrowOop [116]=NarrowOop [152]=NarrowOop [208]=NarrowOop [212]=NarrowOop }
                      ;*ifne {reexecute=1 rethrow=0 return_oop=0}
                      ; - (reexecute) net.minecraft.world.entity.Entity::updateFluidHeightAndDoFluidPushing@466 (line 4752)
  0x0000019eca66f3e4: 1889 dcfe 

  0x0000019eca66f3e8: ;   {other}
  0x0000019eca66f3e8: 0f1f 8400 | 5815 000f | babe ffff | ffc4 e1f9 | 7ecd c5fb | 1144 2420 | c5fb 1044 | 2430 c5fb 
  0x0000019eca66f408: 1144 2428 | 448b 5c24 | 3844 895c | 2430 c5fa | 116c 2434 | c57a 1144 | 2438 c5fa | 1164 243c 
  0x0000019eca66f428: 62e1 7e08 | 1144 2410 | c5fa 1174 | 2444 c5fa | 117c 2448 | 448b 5424 | 6c44 8954 | 244c 448b 
  0x0000019eca66f448: 5c24 7444 | 895c 2450 | 448b 5424 | 7044 8954 | 2454 448b | 5c24 7844 | 895c 2458 | 448b 5424 
  0x0000019eca66f468: 6444 8954 | 245c 448b | 5c24 6844 | 895c 2460 | c57a 117c | 2464 448b | 9424 8000 | 0000 4489 
  0x0000019eca66f488: 5424 6844 | 8b5c 247c | 4489 5c24 | 6c62 617e | 0811 7424 | 1c44 8944 | 2474 6261 | 7e08 117c 
  0x0000019eca66f4a8: 241e 448b | 9c24 8400 | 0000 4489 | 5c24 7c44 | 8b94 2494 | 0000 0044 | 8994 2488 | 0000 0089 
  0x0000019eca66f4c8: 8c24 8c00 | 0000 c57b | 118c 24a0 | 0000 00c5 | 7b11 9424 | a800 0000 | c57b 119c 

  0x0000019eca66f4e4: ;   {no_reloc}
  0x0000019eca66f4e4: 24b0 0000 | 00c5 7b11 | b424 b800 | 0000 c57b | 11a4 24c0 | 0000 00c5 | 7b11 ac24 | c800 0000 
  0x0000019eca66f504: c5fa 1194 | 249c 0000 | 00c5 fa11 | 9c24 d000 

  0x0000019eca66f514: ;   {runtime_call UncommonTrapBlob}
  0x0000019eca66f514: 0000 90e8 

  0x0000019eca66f518: ; ImmutableOopMap {rbp=Oop [32]=Oop [100]=NarrowOop [116]=NarrowOop [156]=NarrowOop [208]=NarrowOop }
                      ;*if_icmpgt {reexecute=1 rethrow=0 return_oop=0}
                      ; - (reexecute) net.minecraft.world.entity.Entity::updateFluidHeightAndDoFluidPushing@421 (line 4748)
  0x0000019eca66f518: e487 dcfe 

  0x0000019eca66f51c: ;   {other}
  0x0000019eca66f51c: 0f1f 8400 | 8c16 0010 | bae4 ffff | ffc5 fb11 | 4c24 20c5 | fb11 4424 | 28c5 fa11 | 5424 3889 
  0x0000019eca66f53c: 7c24 3c89 | 5c24 4089 | 7424 5044 | 8954 2454 | 894c 2458 | 4889 4424 | 6044 895c | 245c 4489 
  0x0000019eca66f55c: 4424 6844 | 894c 246c 

  0x0000019eca66f564: ;   {runtime_call UncommonTrapBlob}
  0x0000019eca66f564: 6666 90e8 

  0x0000019eca66f568: ; ImmutableOopMap {[32]=Oop [40]=Oop [80]=NarrowOop [92]=NarrowOop }
                      ;*invokestatic checkIndex {reexecute=0 rethrow=0 return_oop=0}
                      ; - java.lang.invoke.VarHandleReferences$Array::getVolatile@30 (line 604)
                      ; - java.lang.invoke.VarHandleGuards::guard_LI_L@45 (line 687)
                      ; - ca.spottedleaf.concurrentutil.map.ConcurrentLong2ReferenceChainedHashTable::getAtIndexVolatile@5 (line 166)
                      ; - ca.spottedleaf.concurrentutil.map.ConcurrentLong2ReferenceChainedHashTable::getNode@20 (line 194)
                      ; - ca.spottedleaf.concurrentutil.map.ConcurrentLong2ReferenceChainedHashTable::get@2 (line 224)
                      ; - net.minecraft.server.level.ServerChunkCache::getChunkNow@9 (line 337)
                      ; - net.minecraft.server.level.ServerChunkCache::hasChunk@3 (line 419)
                      ; - net.minecraft.server.level.ServerLevel::moonrise$areChunksLoaded@31 (line 487)
                      ; - net.minecraft.world.level.Level::hasChunksAt@14 (line 298)
                      ; - net.minecraft.world.entity.Entity::touchingUnloadedChunk@53 (line 4820)
                      ; - net.minecraft.world.entity.Entity::updateFluidHeightAndDoFluidPushing@1 (line 4685)
  0x0000019eca66f568: 9487 dcfe 

  0x0000019eca66f56c: ;   {other}
  0x0000019eca66f56c: 0f1f 8400 | dc16 0011 | bae4 ffff | ffc4 e1f9 | 7ecd c5fb | 1144 2420 | c5fb 1044 | 2430 c5fb 
  0x0000019eca66f58c: 1144 2428 | 448b 5424 | 3844 8954 | 2430 c5fa | 116c 2434 | c57a 1144 | 2438 c5fa | 1164 243c 
  0x0000019eca66f5ac: 62e1 7e08 | 1144 2410 | c5fa 1174 | 2444 c5fa | 117c 2448 | 448b 5c24 | 6c44 895c | 244c 448b 
  0x0000019eca66f5cc: 5424 7444 | 8954 2450 | 448b 5c24 | 7044 895c | 2454 448b | 5424 7844 | 8954 2458 | 448b 5c24 
  0x0000019eca66f5ec: 6444 895c | 245c 448b | 5424 6844 | 8954 2460 | 448b 5424 | 7cc5 7a11 | 7c24 7044 | 8954 2474 
  0x0000019eca66f60c: 448b 9424 | 8000 0000 | 4489 5424 | 784c 898c | 2480 0000 | 0089 5c24 | 7c44 8984 | 2488 0000 
  0x0000019eca66f62c: 0089 b424 | 8c00 0000 | 898c 2490 | 0000 00c5 | 7b11 8c24 | 9800 0000 | c57b 1194 | 24a0 0000 
  0x0000019eca66f64c: 00c5 7b11 | 9c24 a800 | 0000 c57b | 11b4 24b0 | 0000 00c5 | 7b11 a424 | b800 0000 

  0x0000019eca66f668: ;   {no_reloc}
  0x0000019eca66f668: c57b 11ac | 24c0 0000 | 00c5 fa11 | 9424 9400 

  0x0000019eca66f678: ;   {runtime_call UncommonTrapBlob}
  0x0000019eca66f678: 0000 90e8 

  0x0000019eca66f67c: ; ImmutableOopMap {rbp=Oop [32]=Oop [112]=NarrowOop [136]=NarrowOop [148]=NarrowOop }
                      ;*invokestatic checkIndex {reexecute=0 rethrow=0 return_oop=0}
                      ; - java.lang.invoke.VarHandleReferences$Array::getVolatile@30 (line 604)
                      ; - java.lang.invoke.VarHandleGuards::guard_LI_L@45 (line 687)
                      ; - ca.spottedleaf.concurrentutil.map.ConcurrentLong2ReferenceChainedHashTable::getAtIndexVolatile@5 (line 166)
                      ; - ca.spottedleaf.concurrentutil.map.ConcurrentLong2ReferenceChainedHashTable::getNode@20 (line 194)
                      ; - ca.spottedleaf.concurrentutil.map.ConcurrentLong2ReferenceChainedHashTable::get@2 (line 224)
                      ; - net.minecraft.server.level.ServerChunkCache::getChunk@16 (line 320)
                      ; - net.minecraft.world.entity.Entity::updateFluidHeightAndDoFluidPushing@224 (line 4724)
  0x0000019eca66f67c: 8086 dcfe 

  0x0000019eca66f680: ;   {other}
  0x0000019eca66f680: 0f1f 8400 | f017 0012 | bae4 ffff | ff48 897c | 2420 c5fb | 104c 2430 | c5fb 114c | 2428 c5fb 
  0x0000019eca66f6a0: 1144 2438 | 894c 2448 | 4489 5c24 

  0x0000019eca66f6ac: ;   {runtime_call UncommonTrapBlob}
  0x0000019eca66f6ac: 4c66 90e8 

  0x0000019eca66f6b0: ; ImmutableOopMap {rbp=Oop [32]=Oop [56]=Oop [72]=NarrowOop }
                      ;*aaload {reexecute=0 rethrow=0 return_oop=0}
                      ; - it.unimi.dsi.fastutil.objects.Object2DoubleArrayMap::findKey@19 (line 423)
                      ; - it.unimi.dsi.fastutil.objects.Object2DoubleArrayMap::put@2 (line 469)
                      ; - net.minecraft.world.entity.Entity::updateFluidHeightAndDoFluidPushing@662 (line 4788)
  0x0000019eca66f6b0: 4c86 dcfe 

  0x0000019eca66f6b4: ;   {other}
  0x0000019eca66f6b4: 0f1f 8400 | 2418 0013 | bade ffff | ff48 897c | 2420 c5fb | 104c 2430 | c5fb 114c | 2428 c5fb 
  0x0000019eca66f6d4: 1144 2430 

  0x0000019eca66f6d8: ;   {runtime_call UncommonTrapBlob}
  0x0000019eca66f6d8: 6666 90e8 

  0x0000019eca66f6dc: ; ImmutableOopMap {rbp=NarrowOop [32]=Oop [48]=Oop }
                      ;*invokeinterface put {reexecute=0 rethrow=0 return_oop=0}
                      ; - net.minecraft.world.entity.Entity::updateFluidHeightAndDoFluidPushing@662 (line 4788)
  0x0000019eca66f6dc: 2086 dcfe 

  0x0000019eca66f6e0: ;   {other}
  0x0000019eca66f6e0: 0f1f 8400 | 5018 0014 | bae4 ffff | ff48 897c | 2420 c5fb | 1044 2430 | c5fb 1144 | 2428 4889 
  0x0000019eca66f700: 7424 3044 | 895c 2438 | 4489 6c24 

  0x0000019eca66f70c: ;   {runtime_call UncommonTrapBlob}
  0x0000019eca66f70c: 3c66 90e8 

  0x0000019eca66f710: ; ImmutableOopMap {rbp=Oop [32]=Oop [48]=Oop [56]=NarrowOop }
                      ;*aastore {reexecute=1 rethrow=0 return_oop=0}
                      ; - (reexecute) it.unimi.dsi.fastutil.objects.Object2DoubleArrayMap::put@150 (line 485)
                      ; - net.minecraft.world.entity.Entity::updateFluidHeightAndDoFluidPushing@662 (line 4788)
  0x0000019eca66f710: ec85 dcfe 

  0x0000019eca66f714: ;   {other}
  0x0000019eca66f714: 0f1f 8400 | 8418 0015 | bae4 ffff | ff48 897c | 2420 c5fb | 1044 2430 | c5fb 1144 | 2428 895c 
  0x0000019eca66f734: 2430 4489 

  0x0000019eca66f738: ;   {runtime_call UncommonTrapBlob}
  0x0000019eca66f738: 6c24 34e8 

  0x0000019eca66f73c: ; ImmutableOopMap {rbp=Oop [32]=Oop [48]=NarrowOop }
                      ;*dastore {reexecute=0 rethrow=0 return_oop=0}
                      ; - it.unimi.dsi.fastutil.objects.Object2DoubleArrayMap::put@160 (line 486)
                      ; - net.minecraft.world.entity.Entity::updateFluidHeightAndDoFluidPushing@662 (line 4788)
  0x0000019eca66f73c: c085 dcfe 

  0x0000019eca66f740: ;   {other}
  0x0000019eca66f740: 0f1f 8400 | b018 0016 | bad6 ffff | ff48 897c | 2420 c5fb | 1044 2430 | c5fb 1144 | 2428 4889 
  0x0000019eca66f760: 7424 3044 | 895c 2438 | 4489 6c24 

  0x0000019eca66f76c: ;   {runtime_call UncommonTrapBlob}
  0x0000019eca66f76c: 3c66 90e8 

  0x0000019eca66f770: ; ImmutableOopMap {rbp=Oop [32]=Oop [48]=Oop [56]=NarrowOop }
                      ;*aastore {reexecute=1 rethrow=0 return_oop=0}
                      ; - (reexecute) it.unimi.dsi.fastutil.objects.Object2DoubleArrayMap::put@150 (line 485)
                      ; - net.minecraft.world.entity.Entity::updateFluidHeightAndDoFluidPushing@662 (line 4788)
  0x0000019eca66f770: 8c85 dcfe 

  0x0000019eca66f774: ;   {other}
  0x0000019eca66f774: 0f1f 8400 | e418 0017 | ba45 ffff | ffc5 fb11 | 4c24 20c5 | fb11 4424 | 28c5 fa11 | 5424 3889 
  0x0000019eca66f794: 7c24 3c89 | 5c24 4089 | 7424 5044 | 8954 2454 | 894c 2458 | 4889 4424 | 6044 895c | 245c 4489 
  0x0000019eca66f7b4: ;   {runtime_call UncommonTrapBlob}
  0x0000019eca66f7b4: 4c24 68e8 

  0x0000019eca66f7b8: ; ImmutableOopMap {[32]=Oop [40]=Oop [80]=NarrowOop [92]=NarrowOop }
                      ;*ifeq {reexecute=1 rethrow=0 return_oop=0}
                      ; - (reexecute) ca.spottedleaf.concurrentutil.map.ConcurrentLong2ReferenceChainedHashTable::getNode@38 (line 201)
                      ; - ca.spottedleaf.concurrentutil.map.ConcurrentLong2ReferenceChainedHashTable::get@2 (line 224)
                      ; - net.minecraft.server.level.ServerChunkCache::getChunkNow@9 (line 337)
                      ; - net.minecraft.server.level.ServerChunkCache::hasChunk@3 (line 419)
                      ; - net.minecraft.server.level.ServerLevel::moonrise$areChunksLoaded@31 (line 487)
                      ; - net.minecraft.world.level.Level::hasChunksAt@14 (line 298)
                      ; - net.minecraft.world.entity.Entity::touchingUnloadedChunk@53 (line 4820)
                      ; - net.minecraft.world.entity.Entity::updateFluidHeightAndDoFluidPushing@1 (line 4685)
  0x0000019eca66f7b8: 4485 dcfe 

  0x0000019eca66f7bc: ;   {other}
  0x0000019eca66f7bc: 0f1f 8400 | 2c19 0018 | ba76 ffff | ffc4 e1f9 | 7ecd c5fb | 1144 2420 | c5fb 1044 | 2430 c5fb 
  0x0000019eca66f7dc: 1144 2428 | 448b 5c24 | 3844 895c | 2430 c5fa | 116c 2434 | c57a 1144 | 2438 c5fa | 1164 243c 
  0x0000019eca66f7fc: 62e1 7e08 | 1144 2410 | c5fa 1174 | 2444 c5fa | 117c 2448 | 448b 5424 | 6c44 8954 | 244c 448b 
  0x0000019eca66f81c: 5c24 7444 | 895c 2450 | 448b 5424 | 6444 8954 | 245c 448b | 5c24 6844 | 895c 2460 | c57a 117c 
  0x0000019eca66f83c: 2464 448b | 9424 8000 | 0000 4489 | 5424 6844 | 8b5c 247c | 4489 5c24 | 6cc5 7b11 | 8c24 8000 
  0x0000019eca66f85c: 0000 c57b | 1194 2488 | 0000 00c5 | 7b11 9c24 | 9000 0000 | c57b 11b4 | 2498 0000 | 00c5 7b11 
  0x0000019eca66f87c: a424 a000 | 0000 c57b | 11ac 24a8 | 0000 00c5 | fa11 5424 | 7cc5 fa11 | 9c24 b000 

  0x0000019eca66f898: ;   {runtime_call UncommonTrapBlob}
  0x0000019eca66f898: 0000 90e8 

  0x0000019eca66f89c: ; ImmutableOopMap {rbp=Oop [32]=Oop [100]=NarrowOop [124]=NarrowOop [176]=NarrowOop }
                      ;*if_icmpgt {reexecute=1 rethrow=0 return_oop=0}
                      ; - (reexecute) net.minecraft.world.entity.Entity::updateFluidHeightAndDoFluidPushing@240 (line 4727)
  0x0000019eca66f89c: 6084 dcfe 

  0x0000019eca66f8a0: ;   {other}
  0x0000019eca66f8a0: 0f1f 8400 | 101a 0019 | ba76 ffff | ffc4 e1f9 | 7ecd c5fb | 1144 2420 | c5fb 1044 | 2430 c5fb 
  0x0000019eca66f8c0: 1144 2428 | 895c 2438 | 8974 243c | 894c 2440 | 4489 5424 | 4444 8954 | 2448 897c 

  0x0000019eca66f8dc: ;   {runtime_call UncommonTrapBlob}
  0x0000019eca66f8dc: 244c 90e8 

  0x0000019eca66f8e0: ; ImmutableOopMap {rbp=Oop [32]=Oop [60]=NarrowOop }
                      ;*if_icmpgt {reexecute=1 rethrow=0 return_oop=0}
                      ; - (reexecute) net.minecraft.server.level.ServerLevel::moonrise$areChunksLoaded@22 (line 486)
                      ; - net.minecraft.world.level.Level::hasChunksAt@14 (line 298)
                      ; - net.minecraft.world.entity.Entity::touchingUnloadedChunk@53 (line 4820)
                      ; - net.minecraft.world.entity.Entity::updateFluidHeightAndDoFluidPushing@1 (line 4685)
  0x0000019eca66f8e0: 1c84 dcfe 

  0x0000019eca66f8e4: ;   {other}
  0x0000019eca66f8e4: 0f1f 8400 | 541a 001a | 33ed 4585 | c040 0f94 | c5ba 45ff | ffff c5fb | 114c 2420 | c5fb 1144 
  0x0000019eca66f904: 2428 c5fa | 116c 243c | c57a 1144 | 2440 c5fa | 1164 2444 | 62e1 7e08 | 1144 2412 | c5fa 1174 
  0x0000019eca66f924: 244c c5fa | 117c 2450 | 448b 5c24 | 6c44 895c | 2454 448b | 5424 7444 | 8954 2458 | 448b 5c24 
  0x0000019eca66f944: 7044 895c | 245c 448b | 5424 7844 | 8954 2460 | c57a 117c | 246c 448b | 9c24 8000 | 0000 4489 
  0x0000019eca66f964: 5c24 7044 | 8b54 247c | 4489 5424 | 7462 617e | 0811 7424 | 1ec5 7b11 | 8c24 8000 | 0000 c57b 
  0x0000019eca66f984: 1194 2488 | 0000 00c5 | 7b11 9c24 | 9000 0000 | c57b 11b4 | 2498 0000 | 00c5 7b11 | a424 a000 
  0x0000019eca66f9a4: 0000 c57b | 11ac 24a8 | 0000 00c5 | fa11 5424 | 7cc5 fa11 | 9c24 b000 

  0x0000019eca66f9bc: ;   {runtime_call UncommonTrapBlob}
  0x0000019eca66f9bc: 0000 90e8 

  0x0000019eca66f9c0: ; ImmutableOopMap {[32]=Oop [40]=Oop [108]=NarrowOop [124]=NarrowOop [176]=NarrowOop }
                      ;*ifeq {reexecute=1 rethrow=0 return_oop=0}
                      ; - (reexecute) net.minecraft.world.entity.Entity::updateFluidHeightAndDoFluidPushing@278 (line 4733)
  0x0000019eca66f9c0: 3c83 dcfe 

  0x0000019eca66f9c4: ;   {other}
  0x0000019eca66f9c4: 0f1f 8400 | 341b 001b | ba76 ffff | ffc4 e1f9 | 7ecd c5fb | 1144 2420 | c5fb 1044 | 2430 c5fb 
  0x0000019eca66f9e4: 1144 2428 | 448b 5c24 | 3844 895c | 2430 c5fa | 116c 2434 | c57a 1144 | 2438 c5fa | 1164 243c 
  0x0000019eca66fa04: 62e1 7e08 | 1144 2410 | c5fa 1174 | 2444 c5fa | 117c 2448 | 448b 5424 | 7044 8954 | 2454 448b 
  0x0000019eca66fa24: 5c24 7844 | 895c 2458 | 448b 5424 | 6444 8954 | 245c 448b | 5c24 6844 | 895c 2460 | c57a 117c 
  0x0000019eca66fa44: 2464 448b | 9424 8000 | 0000 4489 | 5424 68c5 | 7b11 4c24 | 78c5 7b11 | 9424 8000 | 0000 c57b 
  0x0000019eca66fa64: 119c 2488 | 0000 00c5 | 7b11 b424 | 9000 0000 | c57b 11a4 | 2498 0000 | 00c5 7b11 | ac24 a000 
  0x0000019eca66fa84: 0000 c5fa | 1194 24a8 

  0x0000019eca66fa8c: ;   {runtime_call UncommonTrapBlob}
  0x0000019eca66fa8c: 0000 00e8 

  0x0000019eca66fa90: ; ImmutableOopMap {rbp=Oop [32]=Oop [100]=NarrowOop [168]=NarrowOop }
                      ;*if_icmpgt {reexecute=1 rethrow=0 return_oop=0}
                      ; - (reexecute) net.minecraft.world.entity.Entity::updateFluidHeightAndDoFluidPushing@211 (line 4723)
  0x0000019eca66fa90: 6c82 dcfe 

  0x0000019eca66fa94: ;   {other}
  0x0000019eca66fa94: 0f1f 8400 | 041c 001c | ba45 ffff | ffc4 e1f9 | 7ecd c5fb | 1144 2420 | c5fb 1044 | 2430 c5fb 
  0x0000019eca66fab4: 1144 2428 | 448b 5c24 | 3844 895c | 2430 c5fa | 116c 2434 | c57a 1144 | 2438 c5fa | 1164 243c 
  0x0000019eca66fad4: 62e1 7e08 | 1144 2410 | c5fa 1174 | 2444 c5fa | 117c 2448 | 448b 5c24 | 6c44 895c | 244c 448b 
  0x0000019eca66faf4: 5c24 7444 | 895c 2450 | 448b 4424 | 7044 8944 | 2454 448b | 5c24 7844 | 895c 2458 | 448b 4424 
  0x0000019eca66fb14: 6444 8944 | 245c 448b | 5c24 6844 | 895c 2460 | 448b 5c24 | 7cc5 7a11 | 7c24 7044 | 895c 2474 
  0x0000019eca66fb34: 448b 9c24 | 8000 0000 | 4489 5c24 | 784c 898c | 2480 0000 | 0089 5c24 | 7c44 8994 | 2488 0000 
  0x0000019eca66fb54: 0089 8c24 | 8c00 0000 | c57b 118c | 2490 0000 | 00c5 7b11 | 9424 9800 | 0000 c57b | 119c 24a0 
  0x0000019eca66fb74: 0000 00c5 | 7b11 b424 | a800 0000 | c57b 11a4 | 24b0 0000 | 00c5 7b11 | ac24 b800 

  0x0000019eca66fb90: ;   {no_reloc}
  0x0000019eca66fb90: 0000 c5fa | 1194 24c0 

  0x0000019eca66fb98: ;   {runtime_call UncommonTrapBlob}
  0x0000019eca66fb98: 0000 00e8 

  0x0000019eca66fb9c: ; ImmutableOopMap {rbp=Oop [32]=Oop [112]=NarrowOop [136]=NarrowOop [192]=NarrowOop }
                      ;*ifeq {reexecute=1 rethrow=0 return_oop=0}
                      ; - (reexecute) ca.spottedleaf.concurrentutil.map.ConcurrentLong2ReferenceChainedHashTable::getNode@38 (line 201)
                      ; - ca.spottedleaf.concurrentutil.map.ConcurrentLong2ReferenceChainedHashTable::get@2 (line 224)
                      ; - net.minecraft.server.level.ServerChunkCache::getChunk@16 (line 320)
                      ; - net.minecraft.world.entity.Entity::updateFluidHeightAndDoFluidPushing@224 (line 4724)
  0x0000019eca66fb9c: 6081 dcfe 

  0x0000019eca66fba0: ;   {other}
  0x0000019eca66fba0: 0f1f 8400 | 101d 001d | baf6 ffff 

  0x0000019eca66fbac: ;   {runtime_call UncommonTrapBlob}
  0x0000019eca66fbac: ff66 90e8 

  0x0000019eca66fbb0: ; ImmutableOopMap {}
                      ;*invokevirtual deflate {reexecute=0 rethrow=0 return_oop=0}
                      ; - net.minecraft.world.entity.Entity::updateFluidHeightAndDoFluidPushing@16 (line 4689)
  0x0000019eca66fbb0: 4c81 dcfe 

  0x0000019eca66fbb4: ;   {other}
  0x0000019eca66fbb4: 0f1f 8400 | 241d 001e | baf6 ffff 

  0x0000019eca66fbc0: ;   {runtime_call UncommonTrapBlob}
  0x0000019eca66fbc0: ff66 90e8 

  0x0000019eca66fbc4: ; ImmutableOopMap {}
                      ;*invokevirtual getMinSectionY {reexecute=0 rethrow=0 return_oop=0}
                      ; - ca.spottedleaf.moonrise.common.util.WorldUtil::getMinSection@1 (line 23)
                      ; - net.minecraft.world.entity.Entity::updateFluidHeightAndDoFluidPushing@29 (line 4692)
  0x0000019eca66fbc4: 3881 dcfe 

  0x0000019eca66fbc8: ;   {other}
  0x0000019eca66fbc8: 0f1f 8400 | 381d 001f 

  0x0000019eca66fbd0: ;   {section_word}
  0x0000019eca66fbd0: c5f9 2e05 | 98e5 ffff | bdff ffff | ff0f 8a0e | 0000 000f | 8208 0000 | 0040 0f95 | c540 0fb6 
  0x0000019eca66fbf0: edba 45ff | ffff 4889 

  0x0000019eca66fbf8: ;   {runtime_call UncommonTrapBlob}
  0x0000019eca66fbf8: 7c24 20e8 

  0x0000019eca66fbfc: ; ImmutableOopMap {[32]=Oop }
                      ;*ifne {reexecute=1 rethrow=0 return_oop=0}
                      ; - (reexecute) net.minecraft.world.entity.Entity::updateFluidHeightAndDoFluidPushing@675 (line 4790)
  0x0000019eca66fbfc: 0081 dcfe 

  0x0000019eca66fc00: ;   {other}
  0x0000019eca66fc00: 0f1f 8400 | 701d 0020 | bae4 ffff | ff48 897c | 2420 c5fb | 1044 2430 | c5fb 1144 | 2428 895c 
  0x0000019eca66fc20: 2434 4489 

  0x0000019eca66fc24: ;   {runtime_call UncommonTrapBlob}
  0x0000019eca66fc24: 5c24 38e8 

  0x0000019eca66fc28: ; ImmutableOopMap {rbp=Oop [32]=Oop [52]=NarrowOop }
                      ;*daload {reexecute=0 rethrow=0 return_oop=0}
                      ; - it.unimi.dsi.fastutil.objects.Object2DoubleArrayMap::put@19 (line 471)
                      ; - net.minecraft.world.entity.Entity::updateFluidHeightAndDoFluidPushing@662 (line 4788)
  0x0000019eca66fc28: d480 dcfe 

  0x0000019eca66fc2c: ;   {other}
  0x0000019eca66fc2c: 0f1f 8400 | 9c1d 0021 | 498b d749 | bae0 3e0c | e7fc 7f00 | 0041 ffd2 

  0x0000019eca66fc44: ;   {other}
  0x0000019eca66fc44: 0f1f 8400 | 0000 0000 | e996 ecff | ffba 45ff | ffff 4889 | 7c24 20c5 | fb10 4424 | 30c5 fb11 
  0x0000019eca66fc64: 4424 2848 | 8974 2430 | 4489 6c24 | 3844 8944 

  0x0000019eca66fc74: ;   {runtime_call UncommonTrapBlob}
  0x0000019eca66fc74: 243c 90e8 

  0x0000019eca66fc78: ; ImmutableOopMap {rbp=Oop [32]=Oop [48]=Oop }
                      ;*if_icmpne {reexecute=1 rethrow=0 return_oop=0}
                      ; - (reexecute) it.unimi.dsi.fastutil.objects.Object2DoubleArrayMap::put@42 (line 475)
                      ; - net.minecraft.world.entity.Entity::updateFluidHeightAndDoFluidPushing@662 (line 4788)
  0x0000019eca66fc78: 8480 dcfe 

  0x0000019eca66fc7c: ;   {other}
  0x0000019eca66fc7c: 0f1f 8400 | ec1d 0022 | ba45 ffff | ffc4 e1f9 | 7ecd c5fb | 1144 2420 | c5fb 1044 | 2430 c5fb 
  0x0000019eca66fc9c: 1144 2428 | c5fa 1154 | 2430 897c | 2434 895c | 2438 8974 | 243c 894c | 2440 4489 

  0x0000019eca66fcb8: ;   {runtime_call UncommonTrapBlob}
  0x0000019eca66fcb8: 5424 44e8 

  0x0000019eca66fcbc: ; ImmutableOopMap {rbp=Oop [32]=Oop [60]=NarrowOop }
                      ;*ifnull {reexecute=1 rethrow=0 return_oop=0}
                      ; - (reexecute) net.minecraft.server.level.ServerChunkCache::hasChunk@6 (line 419)
                      ; - net.minecraft.server.level.ServerLevel::moonrise$areChunksLoaded@31 (line 487)
                      ; - net.minecraft.world.level.Level::hasChunksAt@14 (line 298)
                      ; - net.minecraft.world.entity.Entity::touchingUnloadedChunk@53 (line 4820)
                      ; - net.minecraft.world.entity.Entity::updateFluidHeightAndDoFluidPushing@1 (line 4685)
  0x0000019eca66fcbc: 4080 dcfe 

  0x0000019eca66fcc0: ;   {other}
  0x0000019eca66fcc0: 0f1f 8400 | 301e 0023 | baf4 ffff | ffc4 e1f9 | 7ecd c5fb | 1144 2420 | c5fb 1044 | 2430 c5fb 
  0x0000019eca66fce0: 1144 2428 | 448b 5424 | 3844 8954 | 2430 c5fa | 116c 2434 | c57a 1144 | 2438 c5fa | 1164 243c 
  0x0000019eca66fd00: 62e1 7e08 | 1144 2410 | c5fa 1174 | 2444 c5fa | 117c 2448 | 448b 5c24 | 6c44 895c | 244c 448b 
  0x0000019eca66fd20: 5424 7444 | 8954 2450 | 448b 5c24 | 7044 895c | 2454 448b | 5424 7844 | 8954 2458 | 448b 5c24 
  0x0000019eca66fd40: 6444 895c | 245c 448b | 5424 6844 | 8954 2460 | 448b 5424 | 7cc5 7a11 | 7c24 7044 | 8954 2474 
  0x0000019eca66fd60: 448b 9424 | 8000 0000 | 4489 5424 | 78c5 7b11 | 8c24 8000 | 0000 c57b | 1194 2488 | 0000 00c5 
  0x0000019eca66fd80: 7b11 9c24 | 9000 0000 | c57b 11b4 | 2498 0000 | 00c5 7b11 | a424 a000 | 0000 c57b | 11ac 24a8 
  0x0000019eca66fda0: 0000 00c5 | fa11 5424 

  0x0000019eca66fda8: ;   {runtime_call UncommonTrapBlob}
  0x0000019eca66fda8: 7c66 90e8 

  0x0000019eca66fdac: ; ImmutableOopMap {rbp=Oop [32]=Oop [112]=NarrowOop [124]=NarrowOop }
                      ;*checkcast {reexecute=0 rethrow=0 return_oop=0}
                      ; - net.minecraft.server.level.ServerChunkCache::getChunk@19 (line 320)
                      ; - net.minecraft.world.entity.Entity::updateFluidHeightAndDoFluidPushing@224 (line 4724)
  0x0000019eca66fdac: 507f dcfe 

  0x0000019eca66fdb0: ;   {other}
  0x0000019eca66fdb0: 0f1f 8400 | 201f 0024 | bac6 ffff | ffc4 e1f9 | 7ecd c5fb | 1144 2420 | c5fb 1044 | 2430 c5fb 
  0x0000019eca66fdd0: 1144 2428 | 4889 4424 | f88b 4424 | 3889 4424 | 3048 8b44 | 24f8 c5fa | 116c 2434 | c57a 1144 
  0x0000019eca66fdf0: 2438 c5fa | 1164 243c | 62e1 7e08 | 1144 2410 | c5fa 1174 | 2444 c5fa | 117c 2448 | 448b 5c24 
  0x0000019eca66fe10: 6c44 895c | 244c 448b | 5424 7444 | 8954 2450 | 448b 5c24 | 7044 895c | 2454 448b | 5424 7844 
  0x0000019eca66fe30: 8954 2458 | 4889 4424 | f88b 4424 | 6489 4424 | 5c48 8b44 | 24f8 4889 | 4424 f88b | 4424 6889 
  0x0000019eca66fe50: 4424 6048 | 8b44 24f8 | c57a 117c | 2464 448b | 9c24 8000 | 0000 4489 | 5c24 6844 | 8b54 247c 
  0x0000019eca66fe70: 4489 5424 | 6c62 617e | 0811 7424 | 1c62 617e | 0811 7c24 | 1e48 8944 | 24f8 8b84 | 2484 0000 
  0x0000019eca66fe90: 0089 4424 | 7c48 8b44 | 24f8 448b | 9c24 9000 | 0000 4489 | 9c24 8000 | 0000 448b 

  0x0000019eca66feac: ;   {no_reloc}
  0x0000019eca66feac: 9424 9800 | 0000 4489 | 9424 8400 | 0000 448b | 9c24 9400 | 0000 4489 | 9c24 8800 | 0000 898c 
  0x0000019eca66fecc: 248c 0000 | 0044 898c | 2490 0000 | 0089 bc24 | 9400 0000 | 4489 8424 | 9800 0000 | 89b4 249c 
  0x0000019eca66feec: 0000 0089 | 9c24 a000 | 0000 8984 | 24a4 0000 | 00c5 7b11 | 8c24 a800 | 0000 c57b | 1194 24b0 
  0x0000019eca66ff0c: 0000 00c5 | 7b11 9c24 | b800 0000 | c57b 11b4 | 24c0 0000 | 00c5 7b11 | a424 c800 | 0000 c57b 
  0x0000019eca66ff2c: 11ac 24d0 | 0000 00c5 | fa11 9424 | d800 0000 | c5fa 119c | 24dc 0000 

  0x0000019eca66ff44: ;   {runtime_call UncommonTrapBlob}
  0x0000019eca66ff44: 0066 90e8 

  0x0000019eca66ff48: ; ImmutableOopMap {rbp=Oop [32]=Oop [100]=NarrowOop [152]=NarrowOop [156]=NarrowOop [160]=NarrowOop [216]=NarrowOop [220]=NarrowOop }
                      ;*invokeinterface get {reexecute=0 rethrow=0 return_oop=0}
                      ; - net.minecraft.world.level.chunk.PalettedContainer::get@12 (line 256)
                      ; - net.minecraft.world.entity.Entity::updateFluidHeightAndDoFluidPushing@450 (line 4750)
  0x0000019eca66ff48: b47d dcfe 

  0x0000019eca66ff4c: ;   {other}
  0x0000019eca66ff4c: 0f1f 8400 | bc20 0025 | bade ffff | ffc4 e1f9 | 7ecd c5fb | 1144 2420 | c5fb 1044 | 2430 c5fb 
  0x0000019eca66ff6c: 1144 2428 | 448b 5424 | 3844 8954 | 2430 c5fa | 116c 2434 | c57a 1144 | 2438 c5fa | 1164 243c 
  0x0000019eca66ff8c: 62e1 7e08 | 1144 2410 | c5fa 1174 | 2444 c5fa | 117c 2448 | 448b 5424 | 6c44 8954 | 244c 448b 
  0x0000019eca66ffac: 5424 7444 | 8954 2450 | 448b 5c24 | 7044 895c | 2454 448b | 5424 7844 | 8954 2458 | 448b 5c24 
  0x0000019eca66ffcc: 6444 895c | 245c 448b | 5424 6844 | 8954 2460 | 448b 5424 | 7cc5 7a11 | 7c24 7044 | 8954 2474 
  0x0000019eca66ffec: 448b 9424 | 8000 0000 | 4489 5424 | 7844 8944 | 247c c57b | 118c 2480 | 0000 00c5 | 7b11 9424 
  0x0000019eca67000c: 8800 0000 | c57b 119c | 2490 0000 | 00c5 7b11 | b424 9800 | 0000 c57b | 11a4 24a0 | 0000 00c5 
  0x0000019eca67002c: 7b11 ac24 | a800 0000 | c5fa 1194 | 24b0 0000 

  0x0000019eca67003c: ;   {runtime_call UncommonTrapBlob}
  0x0000019eca67003c: 0066 90e8 

  0x0000019eca670040: ; ImmutableOopMap {rbp=Oop [32]=Oop [112]=NarrowOop [124]=NarrowOop [176]=NarrowOop }
                      ;*checkcast {reexecute=0 rethrow=0 return_oop=0}
                      ; - net.minecraft.server.level.ServerChunkCache::getChunk@19 (line 320)
                      ; - net.minecraft.world.entity.Entity::updateFluidHeightAndDoFluidPushing@224 (line 4724)
  0x0000019eca670040: bc7c dcfe 

  0x0000019eca670044: ;   {other}
  0x0000019eca670044: 0f1f 8400 | b421 0026 | bade ffff | ffc4 e1f9 | 7ecd c5fb | 1144 2420 | c5fb 1044 | 2430 c5fb 
  0x0000019eca670064: 1144 2428 | 448b 5424 | 3844 8954 | 2430 c5fa | 116c 2434 | c57a 1144 | 2438 c5fa | 1164 243c 
  0x0000019eca670084: 62e1 7e08 | 1144 2410 | c5fa 1174 | 2444 c5fa | 117c 2448 | 448b 5c24 | 6c44 895c | 244c 448b 
  0x0000019eca6700a4: 5424 7444 | 8954 2450 | 448b 5c24 | 7044 895c | 2454 448b | 5424 7844 | 8954 2458 | 448b 5c24 
  0x0000019eca6700c4: 6444 895c | 245c 448b | 5424 6844 | 8954 2460 | c57a 117c | 2464 448b | 9c24 8000 | 0000 4489 
  0x0000019eca6700e4: 5c24 6844 | 8b54 247c | 4489 5424 | 6c62 617e | 0811 7424 | 1c44 8944 | 2474 6261 | 7e08 117c 
  0x0000019eca670104: 241e 448b | 9424 8400 | 0000 4489 | 5424 7c44 | 8b9c 2490 | 0000 0044 | 899c 2480 | 0000 0044 
  0x0000019eca670124: 8b94 2498 | 0000 0044 | 8994 2484 | 0000 0044 | 8b9c 2494 | 0000 0044 | 899c 2488 

  0x0000019eca670140: ;   {no_reloc}
  0x0000019eca670140: 0000 0089 | 8c24 8c00 | 0000 4489 | 8c24 9000 | 0000 89bc | 2494 0000 | 0089 b424 | 9800 0000 
  0x0000019eca670160: c57b 118c | 24a0 0000 | 00c5 7b11 | 9424 a800 | 0000 c57b | 119c 24b0 | 0000 00c5 | 7b11 b424 
  0x0000019eca670180: b800 0000 | c57b 11a4 | 24c0 0000 | 00c5 7b11 | ac24 c800 | 0000 c5fa | 1194 249c | 0000 00c5 
  0x0000019eca6701a0: fa11 9c24 | d000 0000 

  0x0000019eca6701a8: ;   {runtime_call UncommonTrapBlob}
  0x0000019eca6701a8: 6666 90e8 

  0x0000019eca6701ac: ; ImmutableOopMap {rbp=Oop [32]=Oop [100]=NarrowOop [116]=NarrowOop [152]=NarrowOop [156]=NarrowOop [208]=NarrowOop }
                      ;*checkcast {reexecute=0 rethrow=0 return_oop=0}
                      ; - net.minecraft.world.entity.Entity::updateFluidHeightAndDoFluidPushing@453 (line 4750)
  0x0000019eca6701ac: 507b dcfe 

  0x0000019eca6701b0: ;   {other}
  0x0000019eca6701b0: 0f1f 8400 | 2023 0027 | bade ffff | ffc4 e1f9 | 7ecd c5fb | 1144 2420 | c5fb 1044 | 2430 c5fb 
  0x0000019eca6701d0: 1144 2428 | c5fa 1154 | 2430 897c | 2434 895c | 2438 8974 | 2448 4489 | 5424 4c89 | 4c24 5044 
  0x0000019eca6701f0: 894c 2454 

  0x0000019eca6701f4: ;   {runtime_call UncommonTrapBlob}
  0x0000019eca6701f4: 6666 90e8 

  0x0000019eca6701f8: ; ImmutableOopMap {rbp=Oop [32]=Oop [72]=NarrowOop [84]=NarrowOop }
                      ;*checkcast {reexecute=0 rethrow=0 return_oop=0}
                      ; - net.minecraft.server.level.ServerChunkCache::getChunkNow@12 (line 337)
                      ; - net.minecraft.server.level.ServerChunkCache::hasChunk@3 (line 419)
                      ; - net.minecraft.server.level.ServerLevel::moonrise$areChunksLoaded@31 (line 487)
                      ; - net.minecraft.world.level.Level::hasChunksAt@14 (line 298)
                      ; - net.minecraft.world.entity.Entity::touchingUnloadedChunk@53 (line 4820)
                      ; - net.minecraft.world.entity.Entity::updateFluidHeightAndDoFluidPushing@1 (line 4685)
  0x0000019eca6701f8: 047b dcfe 

  0x0000019eca6701fc: ;   {other}
  0x0000019eca6701fc: 0f1f 8400 | 6c23 0028 | 488b d048 | 81c4 0001 

  0x0000019eca67020c: ;   {runtime_call _rethrow_Java}
  0x0000019eca67020c: 0000 5de9 | 6c79 0eff | baf6 ffff 

  0x0000019eca670218: ;   {runtime_call UncommonTrapBlob}
  0x0000019eca670218: ff66 90e8 

  0x0000019eca67021c: ; ImmutableOopMap {}
                      ;*getfield storage {reexecute=1 rethrow=0 return_oop=0}
                      ; - (reexecute) net.minecraft.world.level.chunk.PalettedContainer::get@8 (line 256)
                      ; - net.minecraft.world.entity.Entity::updateFluidHeightAndDoFluidPushing@450 (line 4750)
  0x0000019eca67021c: e07a dcfe 

  0x0000019eca670220: ;   {other}
  0x0000019eca670220: 0f1f 8400 | 9023 0029 | baf6 ffff 

  0x0000019eca67022c: ;   {runtime_call UncommonTrapBlob}
  0x0000019eca67022c: ff8b e8e8 

  0x0000019eca670230: ; ImmutableOopMap {}
                      ;*invokeinterface get {reexecute=0 rethrow=0 return_oop=0}
                      ; - net.minecraft.world.level.chunk.PalettedContainer::get@12 (line 256)
                      ; - net.minecraft.world.entity.Entity::updateFluidHeightAndDoFluidPushing@450 (line 4750)
  0x0000019eca670230: cc7a dcfe 

  0x0000019eca670234: ;   {other}
  0x0000019eca670234: 0f1f 8400 | a423 002a | baf6 ffff 

  0x0000019eca670240: ;   {runtime_call UncommonTrapBlob}
  0x0000019eca670240: ff66 90e8 

  0x0000019eca670244: ; ImmutableOopMap {}
                      ;*invokevirtual isEmpty {reexecute=0 rethrow=0 return_oop=0}
                      ; - net.minecraft.world.entity.Entity::updateFluidHeightAndDoFluidPushing@463 (line 4752)
  0x0000019eca670244: b87a dcfe 

  0x0000019eca670248: ;   {other}
  0x0000019eca670248: 0f1f 8400 | b823 002b | baf6 ffff 

  0x0000019eca670254: ;   {runtime_call UncommonTrapBlob}
  0x0000019eca670254: ff66 90e8 

  0x0000019eca670258: ; ImmutableOopMap {}
                      ;*laload {reexecute=0 rethrow=0 return_oop=0}
                      ; - net.minecraft.util.SimpleBitStorage::get@31 (line 336)
                      ; - net.minecraft.world.level.chunk.PalettedContainer::get@12 (line 256)
                      ; - net.minecraft.world.entity.Entity::updateFluidHeightAndDoFluidPushing@450 (line 4750)
  0x0000019eca670258: a47a dcfe 

  0x0000019eca67025c: ;   {other}
  0x0000019eca67025c: 0f1f 8400 | cc23 002c | ba45 ffff | ffc4 e1f9 | 7ecd c5fb | 1144 2420 | c5fb 1044 | 2430 c5fb 
  0x0000019eca67027c: 1144 2428 | 448b 5424 | 3844 8954 | 2430 c5fa | 116c 2434 | c57a 1144 | 2438 c5fa | 1164 243c 
  0x0000019eca67029c: 62e1 7e08 | 1144 2410 | c5fa 1174 | 2444 c5fa | 117c 2448 | 448b 5c24 | 6c44 895c | 244c 448b 
  0x0000019eca6702bc: 5424 7444 | 8954 2450 | 448b 5c24 | 7044 895c | 2454 448b | 5424 7844 | 8954 2458 | 448b 5c24 
  0x0000019eca6702dc: 6444 895c | 245c 448b | 5424 6844 | 8954 2460 | c57a 117c | 2464 448b | 9c24 8000 | 0000 4489 
  0x0000019eca6702fc: 5c24 6844 | 8b54 247c | 4489 5424 | 6c62 617e | 0811 7424 | 1c62 617e | 0811 7c24 | 1e44 8b9c 
  0x0000019eca67031c: 2484 0000 | 0044 895c | 247c 448b | 9424 9000 | 0000 4489 | 9424 8000 | 0000 448b | 9c24 9800 
  0x0000019eca67033c: 0000 4489 | 9c24 8400 | 0000 448b | 9424 9400 | 0000 4489 | 9424 8800 | 0000 898c 

  0x0000019eca670358: ;   {no_reloc}
  0x0000019eca670358: 248c 0000 | 0044 898c | 2490 0000 | 0089 bc24 | 9400 0000 | 4489 8424 | 9800 0000 | 89b4 249c 
  0x0000019eca670378: 0000 0089 | 8424 a000 | 0000 899c | 24a8 0000 | 00c5 7b11 | 8c24 b000 | 0000 c57b | 1194 24b8 
  0x0000019eca670398: 0000 00c5 | 7b11 9c24 | c000 0000 | c57b 11b4 | 24c8 0000 | 00c5 7b11 | a424 d000 | 0000 c57b 
  0x0000019eca6703b8: 11ac 24d8 | 0000 00c5 | fa11 9424 | ac00 0000 | c5fa 119c | 24e0 0000 

  0x0000019eca6703d0: ;   {runtime_call UncommonTrapBlob}
  0x0000019eca6703d0: 0066 90e8 

  0x0000019eca6703d4: ; ImmutableOopMap {rbp=Oop [32]=Oop [100]=NarrowOop [152]=NarrowOop [156]=NarrowOop [168]=NarrowOop [172]=NarrowOop [224]=NarrowOop }
                      ;*ifnonnull {reexecute=1 rethrow=0 return_oop=0}
                      ; - (reexecute) net.minecraft.world.level.chunk.PalettedContainer::readPalette@11 (line 92)
                      ; - net.minecraft.world.level.chunk.PalettedContainer::get@17 (line 256)
                      ; - net.minecraft.world.entity.Entity::updateFluidHeightAndDoFluidPushing@450 (line 4750)
  0x0000019eca6703d4: 2879 dcfe 

  0x0000019eca6703d8: ;   {other}
  0x0000019eca6703d8: 0f1f 8400 | 4825 002d | ba45 ffff | ffc4 e1f9 | 7ecd c5fb | 1144 2420 | c5fb 1044 | 2430 c5fb 
  0x0000019eca6703f8: 1144 2428 | 448b 5c24 | 3844 895c | 2430 c5fa | 116c 2434 | c57a 1144 | 2438 c5fa | 1164 243c 
  0x0000019eca670418: 62e1 7e08 | 1144 2410 | c5fa 1174 | 2444 c5fa | 117c 2448 | 448b 5424 | 6c44 8954 | 244c 448b 
  0x0000019eca670438: 5c24 7444 | 895c 2450 | 448b 5424 | 7044 8954 | 2454 448b | 5c24 7844 | 895c 2458 | 448b 5424 
  0x0000019eca670458: 6444 8954 | 245c 448b | 5c24 6844 | 895c 2460 | c57a 117c | 2464 448b | 9424 8000 | 0000 4489 
  0x0000019eca670478: 5424 6844 | 8b5c 247c | 4489 5c24 | 6c62 617e | 0811 7424 | 1c44 8944 | 2474 6261 | 7e08 117c 
  0x0000019eca670498: 241e 448b | 9c24 8400 | 0000 4489 | 5c24 7c44 | 8b94 2490 | 0000 0044 | 8994 2480 | 0000 0044 
  0x0000019eca6704b8: 8b9c 2498 | 0000 0044 | 899c 2484 | 0000 0044 | 8b94 2494 | 0000 0044 | 8994 2488 

  0x0000019eca6704d4: ;   {no_reloc}
  0x0000019eca6704d4: 0000 0089 | 8c24 8c00 | 0000 4489 | 8c24 9000 | 0000 89bc | 2494 0000 | 0089 b424 | 9c00 0000 
  0x0000019eca6704f4: c57b 118c | 24a0 0000 | 00c5 7b11 | 9424 a800 | 0000 c57b | 119c 24b0 | 0000 00c5 | 7b11 b424 
  0x0000019eca670514: b800 0000 | c57b 11a4 | 24c0 0000 | 00c5 7b11 | ac24 c800 | 0000 c5fa | 1194 24d0 | 0000 00c5 
  0x0000019eca670534: fa11 9c24 | d400 0000 

  0x0000019eca67053c: ;   {runtime_call UncommonTrapBlob}
  0x0000019eca67053c: 6666 90e8 

  0x0000019eca670540: ; ImmutableOopMap {rbp=Oop [32]=Oop [100]=NarrowOop [116]=NarrowOop [156]=NarrowOop [208]=NarrowOop [212]=NarrowOop }
                      ;*ifnonnull {reexecute=1 rethrow=0 return_oop=0}
                      ; - (reexecute) net.minecraft.world.level.chunk.PalettedContainer::readPalette@28 (line 97)
                      ; - net.minecraft.world.level.chunk.PalettedContainer::get@17 (line 256)
                      ; - net.minecraft.world.entity.Entity::updateFluidHeightAndDoFluidPushing@450 (line 4750)
  0x0000019eca670540: bc77 dcfe 

  0x0000019eca670544: ;   {other}
  0x0000019eca670544: 0f1f 8400 | b426 002e | baf6 ffff | ff48 8be8 

  0x0000019eca670554: ;   {runtime_call UncommonTrapBlob}
  0x0000019eca670554: 6666 90e8 

  0x0000019eca670558: ; ImmutableOopMap {}
                      ;*invokevirtual get {reexecute=0 rethrow=0 return_oop=0}
                      ; - net.minecraft.server.level.ServerChunkCache::getChunkNow@9 (line 337)
                      ; - net.minecraft.server.level.ServerChunkCache::hasChunk@3 (line 419)
                      ; - net.minecraft.server.level.ServerLevel::moonrise$areChunksLoaded@31 (line 487)
                      ; - net.minecraft.world.level.Level::hasChunksAt@14 (line 298)
                      ; - net.minecraft.world.entity.Entity::touchingUnloadedChunk@53 (line 4820)
                      ; - net.minecraft.world.entity.Entity::updateFluidHeightAndDoFluidPushing@1 (line 4685)
  0x0000019eca670558: a477 dcfe 

  0x0000019eca67055c: ;   {other}
  0x0000019eca67055c: 0f1f 8400 | cc26 002f | baf6 ffff 

  0x0000019eca670568: ;   {runtime_call UncommonTrapBlob}
  0x0000019eca670568: ff66 90e8 

  0x0000019eca67056c: ; ImmutableOopMap {}
                      ;*arraylength {reexecute=0 rethrow=0 return_oop=0}
                      ; - ca.spottedleaf.concurrentutil.map.ConcurrentLong2ReferenceChainedHashTable::getNode@16 (line 194)
                      ; - ca.spottedleaf.concurrentutil.map.ConcurrentLong2ReferenceChainedHashTable::get@2 (line 224)
                      ; - net.minecraft.server.level.ServerChunkCache::getChunkNow@9 (line 337)
                      ; - net.minecraft.server.level.ServerChunkCache::hasChunk@3 (line 419)
                      ; - net.minecraft.server.level.ServerLevel::moonrise$areChunksLoaded@31 (line 487)
                      ; - net.minecraft.world.level.Level::hasChunksAt@14 (line 298)
                      ; - net.minecraft.world.entity.Entity::touchingUnloadedChunk@53 (line 4820)
                      ; - net.minecraft.world.entity.Entity::updateFluidHeightAndDoFluidPushing@1 (line 4685)
  0x0000019eca67056c: 9077 dcfe 

  0x0000019eca670570: ;   {other}
  0x0000019eca670570: 0f1f 8400 | e026 0030 | baf6 ffff 

  0x0000019eca67057c: ;   {runtime_call UncommonTrapBlob}
  0x0000019eca67057c: ff66 90e8 

  0x0000019eca670580: ; ImmutableOopMap {}
                      ;*invokevirtual hasOnlyAir {reexecute=0 rethrow=0 return_oop=0}
                      ; - net.minecraft.world.entity.Entity::updateFluidHeightAndDoFluidPushing@275 (line 4733)
  0x0000019eca670580: 7c77 dcfe 

  0x0000019eca670584: ;   {other}
  0x0000019eca670584: 0f1f 8400 | f426 0031 | baf6 ffff | ff49 8be9 

  0x0000019eca670594: ;   {runtime_call UncommonTrapBlob}
  0x0000019eca670594: 6666 90e8 

  0x0000019eca670598: ; ImmutableOopMap {}
                      ;*invokevirtual get {reexecute=0 rethrow=0 return_oop=0}
                      ; - net.minecraft.server.level.ServerChunkCache::getChunk@16 (line 320)
                      ; - net.minecraft.world.entity.Entity::updateFluidHeightAndDoFluidPushing@224 (line 4724)
  0x0000019eca670598: 6477 dcfe 

  0x0000019eca67059c: ;   {other}
  0x0000019eca67059c: 0f1f 8400 | 0c27 0032 | baf6 ffff 

  0x0000019eca6705a8: ;   {runtime_call UncommonTrapBlob}
  0x0000019eca6705a8: ff66 90e8 

  0x0000019eca6705ac: ; ImmutableOopMap {}
                      ;*arraylength {reexecute=0 rethrow=0 return_oop=0}
                      ; - ca.spottedleaf.concurrentutil.map.ConcurrentLong2ReferenceChainedHashTable::getNode@16 (line 194)
                      ; - ca.spottedleaf.concurrentutil.map.ConcurrentLong2ReferenceChainedHashTable::get@2 (line 224)
                      ; - net.minecraft.server.level.ServerChunkCache::getChunk@16 (line 320)
                      ; - net.minecraft.world.entity.Entity::updateFluidHeightAndDoFluidPushing@224 (line 4724)
  0x0000019eca6705ac: 5077 dcfe 

  0x0000019eca6705b0: ;   {other}
  0x0000019eca6705b0: 0f1f 8400 | 2027 0033 | baf6 ffff 

  0x0000019eca6705bc: ;   {runtime_call UncommonTrapBlob}
  0x0000019eca6705bc: ff66 90e8 

  0x0000019eca6705c0: ; ImmutableOopMap {}
                      ;*invokevirtual inflate {reexecute=0 rethrow=0 return_oop=0}
                      ; - net.minecraft.world.entity.Entity::touchingUnloadedChunk@5 (line 4815)
                      ; - net.minecraft.world.entity.Entity::updateFluidHeightAndDoFluidPushing@1 (line 4685)
  0x0000019eca6705c0: 3c77 dcfe 

  0x0000019eca6705c4: ;   {other}
  0x0000019eca6705c4: 0f1f 8400 | 3427 0034 | baf6 ffff | ff41 8bea | 894c 2420 | 897c 2424 | 895c 2428 

  0x0000019eca6705e0: ;   {runtime_call UncommonTrapBlob}
  0x0000019eca6705e0: 6666 90e8 

  0x0000019eca6705e4: ; ImmutableOopMap {}
                      ;*invokevirtual hasChunksAt {reexecute=0 rethrow=0 return_oop=0}
                      ; - net.minecraft.world.entity.Entity::touchingUnloadedChunk@53 (line 4820)
                      ; - net.minecraft.world.entity.Entity::updateFluidHeightAndDoFluidPushing@1 (line 4685)
  0x0000019eca6705e4: 1877 dcfe 

  0x0000019eca6705e8: ;   {other}
  0x0000019eca6705e8: 0f1f 8400 | 5827 0035 | baf6 ffff | ffc4 e1f9 

  0x0000019eca6705f8: ;   {runtime_call UncommonTrapBlob}
  0x0000019eca6705f8: 7ec5 90e8 

  0x0000019eca6705fc: ; ImmutableOopMap {rbp=Oop }
                      ;*invokeinterface put {reexecute=0 rethrow=0 return_oop=0}
                      ; - net.minecraft.world.entity.Entity::updateFluidHeightAndDoFluidPushing@662 (line 4788)
  0x0000019eca6705fc: 0077 dcfe 

  0x0000019eca670600: ;   {other}
  0x0000019eca670600: 0f1f 8400 | 7027 0036 | baf6 ffff 

  0x0000019eca67060c: ;   {runtime_call UncommonTrapBlob}
  0x0000019eca67060c: ff66 90e8 

  0x0000019eca670610: ; ImmutableOopMap {}
                      ;*arraylength {reexecute=0 rethrow=0 return_oop=0}
                      ; - it.unimi.dsi.fastutil.objects.Object2DoubleArrayMap::put@41 (line 475)
                      ; - net.minecraft.world.entity.Entity::updateFluidHeightAndDoFluidPushing@662 (line 4788)
  0x0000019eca670610: ec76 dcfe 

  0x0000019eca670614: ;   {other}
  0x0000019eca670614: 0f1f 8400 | 8427 0037 | ba76 ffff | ff48 897c | 2420 c5fb | 104c 2430 | c5fb 114c | 2428 c5fb 
  0x0000019eca670634: 1144 2438 | 894c 2440 | 4489 5c24 | 4444 8954 

  0x0000019eca670644: ;   {runtime_call UncommonTrapBlob}
  0x0000019eca670644: 2448 90e8 

  0x0000019eca670648: ; ImmutableOopMap {rbp=Oop [32]=Oop [56]=Oop [64]=NarrowOop }
                      ;*ifeq {reexecute=1 rethrow=0 return_oop=0}
                      ; - (reexecute) it.unimi.dsi.fastutil.objects.Object2DoubleArrayMap::findKey@14 (line 423)
                      ; - it.unimi.dsi.fastutil.objects.Object2DoubleArrayMap::put@2 (line 469)
                      ; - net.minecraft.world.entity.Entity::updateFluidHeightAndDoFluidPushing@662 (line 4788)
  0x0000019eca670648: b476 dcfe 

  0x0000019eca67064c: ;   {other}
  0x0000019eca67064c: 0f1f 8400 | bc27 0038 | baf6 ffff | ff41 8beb 

  0x0000019eca67065c: ;   {runtime_call UncommonTrapBlob}
  0x0000019eca67065c: 6666 90e8 

  0x0000019eca670660: ; ImmutableOopMap {}
                      ;*daload {reexecute=0 rethrow=0 return_oop=0}
                      ; - it.unimi.dsi.fastutil.objects.Object2DoubleArrayMap::put@19 (line 471)
                      ; - net.minecraft.world.entity.Entity::updateFluidHeightAndDoFluidPushing@662 (line 4788)
  0x0000019eca670660: 9c76 dcfe 

  0x0000019eca670664: ;   {other}
  0x0000019eca670664: 0f1f 8400 | d427 0039 

  0x0000019eca67066c: ;   {internal_word}
  0x0000019eca67066c: 49ba 9fe9 | 66ca 9e01 | 0000 4d89 | 9770 0400 

  0x0000019eca67067c: ;   {runtime_call SafepointBlob}
  0x0000019eca67067c: 00e9 fe64 | dcfe 4883 | ec08 c57b 

  0x0000019eca670688: ;   {runtime_call StubRoutines (initial stubs)}
  0x0000019eca670688: 1134 24e8 | 070b d7fe | 4158 e9a3 | dfff ff48 | 83ec 08c5 | 7b11 2c24 

  0x0000019eca6706a0: ;   {runtime_call StubRoutines (initial stubs)}
  0x0000019eca6706a0: e8f2 0ad7 | fe41 58e9 | 48df ffff | 4883 ec08 | c57b 1124 

  0x0000019eca6706b4: ;   {runtime_call StubRoutines (initial stubs)}
  0x0000019eca6706b4: 24e8 dd0a | d7fe 4158 | e9e9 deff | ff48 83ec | 08c5 7b11 

  0x0000019eca6706c8: ;   {runtime_call StubRoutines (initial stubs)}
  0x0000019eca6706c8: 1c24 e8c8 | 0ad7 fe5e | e96d deff | ff48 83ec | 08c5 7b11 

  0x0000019eca6706dc: ;   {runtime_call StubRoutines (initial stubs)}
  0x0000019eca6706dc: 1424 e8b4 | 0ad7 fe41 | 59e9 05de | ffff 4883 | ec08 c57b 

  0x0000019eca6706f0: ;   {runtime_call StubRoutines (initial stubs)}
  0x0000019eca6706f0: 110c 24e8 | 9f0a d7fe | 5be9 9edd | ffff 4883 | ec08 c5fb 

  0x0000019eca670704: ;   {runtime_call StubRoutines (initial stubs)}
  0x0000019eca670704: 1114 24e8 | 8b0a d7fe | 4159 e9e9 | dbff ff48 | 83ec 08c5 | fb11 2424 

  0x0000019eca67071c: ;   {runtime_call StubRoutines (initial stubs)}
  0x0000019eca67071c: e876 0ad7 | fe41 59e9 | 92db ffff | 4883 ec08 | c5fb 1114 

  0x0000019eca670730: ;   {runtime_call StubRoutines (initial stubs)}
  0x0000019eca670730: 24e8 610a | d7fe 59e9 | 39db ffff | 4883 ec08 | c5fb 111c 

  0x0000019eca670744: ;   {runtime_call StubRoutines (initial stubs)}
  0x0000019eca670744: 24e8 4d0a | d7fe 415a | e9cf daff 

  0x0000019eca670750: ;   {runtime_call StubRoutines (final stubs)}
  0x0000019eca670750: ffe8 6a68 | dafe e963 | daff fff4 | f4f4 f4f4 
[Exception Handler]
  0x0000019eca670760: ;   {no_reloc}
  0x0000019eca670760: e91b c3fb | fee8 0000 | 0000 4883 

  0x0000019eca67076c: ;   {runtime_call DeoptimizationBlob}
  0x0000019eca67076c: 2c24 05e9 | ac78 dcfe | f4f4 f4f4 
[/MachCode]


---------------  P R O C E S S  ---------------

Threads class SMR info:
_java_thread_list=0x0000019f28b1a780, length=53, elements={
0x0000019edb6171d0, 0x0000019edb618b50, 0x0000019edb6200d0, 0x0000019edb620b30,
0x0000019edb6222b0, 0x0000019edb626350, 0x0000019edb6320e0, 0x0000019edb63cee0,
0x0000019edb853d60, 0x0000019edb858010, 0x0000019eb77e0ea0, 0x0000019f21165930,
0x0000019f2137d160, 0x0000019f21bb84e0, 0x0000019f26baeba0, 0x0000019f26baf8c0,
0x0000019f26bb1990, 0x0000019f26bae510, 0x0000019f26bb33d0, 0x0000019f259d5130,
0x0000019f213d1a20, 0x0000019f24debb40, 0x0000019f24decef0, 0x0000019f24dec1d0,
0x0000019f24de9a70, 0x0000019f24ded580, 0x0000019f24dea100, 0x0000019f24df0a00,
0x0000019f24deefc0, 0x0000019f24dedc10, 0x0000019f24dee2a0, 0x0000019f24def650,
0x0000019f24dee930, 0x0000019f24defce0, 0x0000019f259d0f90, 0x0000019f259d1cb0,
0x0000019f259d2340, 0x0000019f259d29d0, 0x0000019f23845ed0, 0x0000019f23844490,
0x0000019f23843e00, 0x0000019f23844b20, 0x0000019f23847fa0, 0x0000019f23846bf0,
0x0000019f23847910, 0x0000019f23848630, 0x0000019f23846560, 0x0000019f238451b0,
0x0000019f259cfbe0, 0x0000019f259d0270, 0x0000019f259d3d80, 0x0000019f259d0900,
0x0000019f259d4aa0
}

Java Threads: ( => current thread )
  0x0000019edb6171d0 JavaThread "Reference Handler"          daemon [_thread_blocked, id=29280, stack(0x0000000241f00000,0x0000000242000000) (1024K)]
  0x0000019edb618b50 JavaThread "Finalizer"                  daemon [_thread_blocked, id=39716, stack(0x0000000242000000,0x0000000242100000) (1024K)]
  0x0000019edb6200d0 JavaThread "Signal Dispatcher"          daemon [_thread_blocked, id=7956, stack(0x0000000242100000,0x0000000242200000) (1024K)]
  0x0000019edb620b30 JavaThread "Attach Listener"            daemon [_thread_blocked, id=37680, stack(0x0000000242200000,0x0000000242300000) (1024K)]
  0x0000019edb6222b0 JavaThread "Service Thread"             daemon [_thread_blocked, id=31564, stack(0x0000000242300000,0x0000000242400000) (1024K)]
  0x0000019edb626350 JavaThread "Monitor Deflation Thread"   daemon [_thread_blocked, id=37188, stack(0x0000000242400000,0x0000000242500000) (1024K)]
  0x0000019edb6320e0 JavaThread "C2 CompilerThread0"         daemon [_thread_blocked, id=14352, stack(0x0000000242500000,0x0000000242600000) (1024K)]
  0x0000019edb63cee0 JavaThread "C1 CompilerThread0"         daemon [_thread_blocked, id=33820, stack(0x0000000242600000,0x0000000242700000) (1024K)]
  0x0000019edb853d60 JavaThread "Notification Thread"        daemon [_thread_blocked, id=36564, stack(0x0000000242b00000,0x0000000242c00000) (1024K)]
  0x0000019edb858010 JavaThread "Common-Cleaner"             daemon [_thread_blocked, id=34380, stack(0x0000000242c00000,0x0000000242d00000) (1024K)]
  0x0000019eb77e0ea0 JavaThread "DestroyJavaVM"                     [_thread_blocked, id=39704, stack(0x0000000241700000,0x0000000241800000) (1024K)]
  0x0000019f21165930 JavaThread "WindowsStreamPump"          daemon [_thread_blocked, id=38048, stack(0x0000000243800000,0x0000000243900000) (1024K)]
  0x0000019f2137d160 JavaThread "Log4j2-AsyncAppenderEventDispatcher-1-Async" daemon [_thread_blocked, id=38096, stack(0x0000000243900000,0x0000000243a00000) (1024K)]
  0x0000019f21bb84e0 JavaThread "JNA Cleaner"                daemon [_thread_blocked, id=28700, stack(0x0000000245400000,0x0000000245500000) (1024K)]
  0x0000019f26baeba0 JavaThread "Timer hack thread"          daemon [_thread_blocked, id=38412, stack(0x0000000245a00000,0x0000000245b00000) (1024K)]
  0x0000019f26baf8c0 JavaThread "Yggdrasil Key Fetcher"      daemon [_thread_blocked, id=38368, stack(0x0000000245b00000,0x0000000245c00000) (1024K)]
  0x0000019f26bb1990 JavaThread "Worker-Main-1"              daemon [_thread_blocked, id=38388, stack(0x0000000245e00000,0x0000000245f00000) (1024K)]
  0x0000019f26bae510 JavaThread "Worker-Main-2"              daemon [_thread_blocked, id=39384, stack(0x0000000245f00000,0x0000000246000000) (1024K)]
  0x0000019f26bb33d0 JavaThread "Worker-Main-3"              daemon [_thread_blocked, id=32160, stack(0x0000000246000000,0x0000000246100000) (1024K)]
  0x0000019f259d5130 JavaThread "Worker-Main-4"              daemon [_thread_blocked, id=28780, stack(0x0000000246100000,0x0000000246200000) (1024K)]
=>0x0000019f213d1a20 JavaThread "Server thread"                     [_thread_in_Java, id=14416, stack(0x0000000243500000,0x0000000243600000) (1024K)]
  0x0000019f24debb40 JavaThread "Paper Common Worker #0"     daemon [_thread_blocked, id=32752, stack(0x0000000243700000,0x0000000243800000) (1024K)]
  0x0000019f24decef0 JavaThread "Paper Common Worker #1"     daemon [_thread_blocked, id=35196, stack(0x0000000245800000,0x0000000245900000) (1024K)]
  0x0000019f24dec1d0 JavaThread "Paper Common Worker #2"     daemon [_thread_blocked, id=39908, stack(0x0000000245900000,0x0000000245a00000) (1024K)]
  0x0000019f24de9a70 JavaThread "Paper Common Worker #3"     daemon [_thread_blocked, id=34916, stack(0x0000000246500000,0x0000000246600000) (1024K)]
  0x0000019f24ded580 JavaThread "Paper Common Worker #4"     daemon [_thread_blocked, id=32428, stack(0x0000000246600000,0x0000000246700000) (1024K)]
  0x0000019f24dea100 JavaThread "Paper Common Worker #5"     daemon [_thread_blocked, id=32848, stack(0x0000000246700000,0x0000000246800000) (1024K)]
  0x0000019f24df0a00 JavaThread "Paper Common Worker #6"     daemon [_thread_blocked, id=37832, stack(0x0000000246800000,0x0000000246900000) (1024K)]
  0x0000019f24deefc0 JavaThread "Paper Common Worker #7"     daemon [_thread_blocked, id=39800, stack(0x0000000246900000,0x0000000246a00000) (1024K)]
  0x0000019f24dedc10 JavaThread "Paper I/O Worker #0"        daemon [_thread_blocked, id=39788, stack(0x0000000246a00000,0x0000000246b00000) (1024K)]
  0x0000019f24dee2a0 JavaThread "Paper Watchdog Thread"             [_thread_blocked, id=29244, stack(0x0000000246b00000,0x0000000246c00000) (1024K)]
  0x0000019f24def650 JavaThread "Server console handler"     daemon [_thread_blocked, id=39652, stack(0x0000000246c00000,0x0000000246d00000) (1024K)]
  0x0000019f24dee930 JavaThread "pool-9-thread-1"                   [_thread_blocked, id=39644, stack(0x0000000246d00000,0x0000000246e00000) (1024K)]
  0x0000019f24defce0 JavaThread "Netty Server IO #0"         daemon [_thread_in_native, id=39636, stack(0x0000000246e00000,0x0000000246f00000) (1024K)]
  0x0000019f259d0f90 JavaThread "Worker-Main-5"              daemon [_thread_blocked, id=39640, stack(0x0000000247000000,0x0000000247100000) (1024K)]
  0x0000019f259d1cb0 JavaThread "Worker-Main-6"              daemon [_thread_blocked, id=39632, stack(0x0000000247100000,0x0000000247200000) (1024K)]
  0x0000019f259d2340 JavaThread "Worker-Main-7"              daemon [_thread_blocked, id=39656, stack(0x0000000247200000,0x0000000247300000) (1024K)]
  0x0000019f259d29d0 JavaThread "Worker-Main-8"              daemon [_thread_blocked, id=39624, stack(0x0000000247300000,0x0000000247400000) (1024K)]
  0x0000019f23845ed0 JavaThread "Timer-0"                    daemon [_thread_blocked, id=35324, stack(0x0000000246400000,0x0000000246500000) (1024K)]
  0x0000019f23844490 JavaThread "spark-monitoring-thread"    daemon [_thread_blocked, id=19800, stack(0x0000000247600000,0x0000000247700000) (1024K)]
  0x0000019f23843e00 JavaThread "Paper Async Task Handler Thread - 0"        [_thread_blocked, id=39372, stack(0x0000000247700000,0x0000000247800000) (1024K)]
  0x0000019f23844b20 JavaThread "spark-java-sampler-0-0"            [_thread_blocked, id=23220, stack(0x0000000247800000,0x0000000247900000) (1024K)]
  0x0000019f23847fa0 JavaThread "spark-java-sampler-0-1"            [_thread_blocked, id=20952, stack(0x0000000247900000,0x0000000247a00000) (1024K)]
  0x0000019f23846bf0 JavaThread "spark-java-sampler-0-2"            [_thread_blocked, id=29368, stack(0x0000000247a00000,0x0000000247b00000) (1024K)]
  0x0000019f23847910 JavaThread "spark-java-sampler-0-3"            [_thread_blocked, id=36104, stack(0x0000000247b00000,0x0000000247c00000) (1024K)]
  0x0000019f23848630 JavaThread "spark-java-sampler-0-4"            [_thread_blocked, id=22420, stack(0x0000000247c00000,0x0000000247d00000) (1024K)]
  0x0000019f23846560 JavaThread "Craft Async Scheduler Management Thread"        [_thread_blocked, id=33596, stack(0x0000000247d00000,0x0000000247e00000) (1024K)]
  0x0000019f238451b0 JavaThread "spark-java-sampler-0-5"            [_thread_blocked, id=38340, stack(0x0000000247e00000,0x0000000247f00000) (1024K)]
  0x0000019f259cfbe0 JavaThread "Dimension-Data-IO-Worker-1"        [_thread_blocked, id=29604, stack(0x0000000243400000,0x0000000243500000) (1024K)]
  0x0000019f259d0270 JavaThread "Dimension-Data-IO-Worker-2"        [_thread_blocked, id=30120, stack(0x0000000243600000,0x0000000243700000) (1024K)]
  0x0000019f259d3d80 JavaThread "Dimension-Data-IO-Worker-3"        [_thread_blocked, id=30116, stack(0x0000000245600000,0x0000000245700000) (1024K)]
  0x0000019f259d0900 JavaThread "Dimension-Data-IO-Worker-4"        [_thread_blocked, id=37676, stack(0x0000000245700000,0x0000000245800000) (1024K)]
  0x0000019f259d4aa0 JavaThread "Craft Scheduler Thread - 79"        [_thread_blocked, id=32944, stack(0x0000000241400000,0x0000000241500000) (1024K)]
Total: 53

Other Threads:
  0x0000019edb5f2120 VMThread "VM Thread"                           [id=24700, stack(0x0000000241e00000,0x0000000241f00000) (1024K)] _threads_hazard_ptr=0x0000019f28b1a780
  0x0000019edb5cecf0 WatcherThread "VM Periodic Task Thread"        [id=8848, stack(0x0000000241d00000,0x0000000241e00000) (1024K)]
  0x0000019eb9cf4e90 WorkerThread "GC Thread#0"                     [id=39708, stack(0x0000000241800000,0x0000000241900000) (1024K)]
  0x0000019f24296260 WorkerThread "GC Thread#1"                     [id=38100, stack(0x0000000243000000,0x0000000243100000) (1024K)]
  0x0000019f21fce4a0 WorkerThread "GC Thread#2"                     [id=38104, stack(0x0000000243a00000,0x0000000243b00000) (1024K)]
  0x0000019f21fce850 WorkerThread "GC Thread#3"                     [id=38112, stack(0x0000000243b00000,0x0000000243c00000) (1024K)]
  0x0000019f21fcec00 WorkerThread "GC Thread#4"                     [id=38088, stack(0x0000000243c00000,0x0000000243d00000) (1024K)]
  0x0000019f24385b80 WorkerThread "GC Thread#5"                     [id=38124, stack(0x0000000243d00000,0x0000000243e00000) (1024K)]
  0x0000019f21c277a0 WorkerThread "GC Thread#6"                     [id=38116, stack(0x0000000243e00000,0x0000000243f00000) (1024K)]
  0x0000019f21c273f0 WorkerThread "GC Thread#7"                     [id=38068, stack(0x0000000243f00000,0x0000000244000000) (1024K)]
  0x0000019f21c282b0 WorkerThread "GC Thread#8"                     [id=38128, stack(0x0000000244000000,0x0000000244100000) (1024K)]
  0x0000019f21c27b50 WorkerThread "GC Thread#9"                     [id=38632, stack(0x0000000244100000,0x0000000244200000) (1024K)]
  0x0000019f21c27f00 WorkerThread "GC Thread#10"                    [id=38136, stack(0x0000000244200000,0x0000000244300000) (1024K)]
  0x0000019f21c28dc0 WorkerThread "GC Thread#11"                    [id=38092, stack(0x0000000244300000,0x0000000244400000) (1024K)]
  0x0000019f21c28660 WorkerThread "GC Thread#12"                    [id=38156, stack(0x0000000244400000,0x0000000244500000) (1024K)]
  0x0000019f21c28a10 WorkerThread "GC Thread#13"                    [id=32568, stack(0x0000000244500000,0x0000000244600000) (1024K)]
  0x0000019f21ab4b40 WorkerThread "GC Thread#14"                    [id=34280, stack(0x0000000244600000,0x0000000244700000) (1024K)]
  0x0000019f21ab13f0 WorkerThread "GC Thread#15"                    [id=27760, stack(0x0000000244700000,0x0000000244800000) (1024K)]
  0x0000019f21ab4030 WorkerThread "GC Thread#16"                    [id=9768, stack(0x0000000244800000,0x0000000244900000) (1024K)]
  0x0000019f21ab4ef0 WorkerThread "GC Thread#17"                    [id=21252, stack(0x0000000244900000,0x0000000244a00000) (1024K)]
  0x0000019f21ab38d0 WorkerThread "GC Thread#18"                    [id=37952, stack(0x0000000244a00000,0x0000000244b00000) (1024K)]
  0x0000019f21ab3520 WorkerThread "GC Thread#19"                    [id=26116, stack(0x0000000244b00000,0x0000000244c00000) (1024K)]
  0x0000019f21ab1f00 WorkerThread "GC Thread#20"                    [id=39876, stack(0x0000000244c00000,0x0000000244d00000) (1024K)]
  0x0000019f21ab3c80 WorkerThread "GC Thread#21"                    [id=13980, stack(0x0000000244d00000,0x0000000244e00000) (1024K)]
  0x0000019f21ab22b0 WorkerThread "GC Thread#22"                    [id=20336, stack(0x0000000244e00000,0x0000000244f00000) (1024K)]
  0x0000019eb9d08520 ConcurrentGCThread "G1 Main Marker"            [id=39692, stack(0x0000000241900000,0x0000000241a00000) (1024K)]
  0x0000019eb9d09f50 WorkerThread "G1 Conc#0"                       [id=35904, stack(0x0000000241a00000,0x0000000241b00000) (1024K)]
  0x0000019f21ab43e0 WorkerThread "G1 Conc#1"                       [id=29220, stack(0x0000000244f00000,0x0000000245000000) (1024K)]
  0x0000019f21ab17a0 WorkerThread "G1 Conc#2"                       [id=34000, stack(0x0000000245000000,0x0000000245100000) (1024K)]
  0x0000019f21ab4790 WorkerThread "G1 Conc#3"                       [id=37928, stack(0x0000000245100000,0x0000000245200000) (1024K)]
  0x0000019f21ab3170 WorkerThread "G1 Conc#4"                       [id=9368, stack(0x0000000245200000,0x0000000245300000) (1024K)]
  0x0000019f21ab1b50 WorkerThread "G1 Conc#5"                       [id=31308, stack(0x0000000245300000,0x0000000245400000) (1024K)]
  0x0000019edb2ec440 ConcurrentGCThread "G1 Refine#0"               [id=31084, stack(0x0000000241b00000,0x0000000241c00000) (1024K)]
  0x0000019edb2ec9e0 ConcurrentGCThread "G1 Service"                [id=36988, stack(0x0000000241c00000,0x0000000241d00000) (1024K)]
Total: 34

Threads with active compile tasks:
Total: 0

VM state: synchronizing (normal execution)

VM Mutex/Monitor currently owned by a thread:  ([mutex/lock_event])
[0x00007ffce7a0bbb8] Threads_lock - owner thread: 0x0000019edb5f2120

Heap address: 0x0000000700000000, size: 4096 MB, Compressed Oops mode: Zero based, Oop shift amount: 3

CDS archive(s) mapped at: [0x0000019edc000000-0x0000019edcc60000-0x0000019edcc60000), size 12976128, SharedBaseAddress: 0x0000019edc000000, ArchiveRelocationMode: 1.
Compressed class space mapped at: 0x0000019edd000000-0x0000019f1d000000, reserved size: 1073741824
Narrow klass base: 0x0000019edc000000, Narrow klass shift: 0, Narrow klass range: 0x41000000

GC Precious Log:
 CardTable entry size: 512
 Card Set container configuration: InlinePtr #cards 4 size 8 Array Of Cards #cards 16 size 48 Howl #buckets 8 coarsen threshold 3686 Howl Bitmap #cards 512 size 80 coarsen threshold 460 Card regions per heap region 1 cards per card region 4096
 CPUs: 32 total, 32 available
 Memory: 64663M
 Large Page Support: Disabled
 NUMA Support: Disabled
 Compressed Oops: Enabled (Zero based)
 Heap Region Size: 2M
 Heap Min Capacity: 4G
 Heap Initial Capacity: 4G
 Heap Max Capacity: 4G
 Pre-touch: Disabled
 Parallel Workers: 23
 Concurrent Workers: 6
 Concurrent Refinement Workers: 23
 Periodic GC: Disabled

Heap:
 garbage-first heap   total reserved 4194304K, committed 4194304K, used 2346214K [0x0000000700000000, 0x0000000800000000)
  region size 2048K, 1018 young (2084864K), 5 survivors (10240K)
 Metaspace       used 142833K, committed 144320K, reserved 1179648K
  class space    used 23351K, committed 24000K, reserved 1048576K

Heap Regions: E=young(eden), S=young(survivor), O=old, HS=humongous(starts), HC=humongous(continues), CS=collection set, F=free, TAMS=top-at-mark-start, PB=parsable bottom
|   0|0x0000000700000000, 0x00000007001fffe0, 0x0000000700200000| 99%| O|  |TAMS 0x0000000700000000| PB 0x0000000700000000| Untracked |  0
|   1|0x0000000700200000, 0x00000007003fffe0, 0x0000000700400000| 99%| O|  |TAMS 0x0000000700200000| PB 0x0000000700200000| Untracked |  0
|   2|0x0000000700400000, 0x0000000700600000, 0x0000000700600000|100%| O|  |TAMS 0x0000000700400000| PB 0x0000000700400000| Untracked |  0
|   3|0x0000000700600000, 0x00000007007f0348, 0x0000000700800000| 96%| O|  |TAMS 0x0000000700600000| PB 0x0000000700600000| Untracked |  0
|   4|0x0000000700800000, 0x00000007009fdae0, 0x0000000700a00000| 99%| O|  |TAMS 0x0000000700800000| PB 0x0000000700800000| Untracked |  0
|   5|0x0000000700a00000, 0x0000000700bfffd0, 0x0000000700c00000| 99%| O|  |TAMS 0x0000000700a00000| PB 0x0000000700a00000| Untracked |  0
|   6|0x0000000700c00000, 0x0000000700dfffe8, 0x0000000700e00000| 99%| O|  |TAMS 0x0000000700c00000| PB 0x0000000700c00000| Untracked |  0
|   7|0x0000000700e00000, 0x0000000700ffe6d0, 0x0000000701000000| 99%| O|  |TAMS 0x0000000700e00000| PB 0x0000000700e00000| Untracked |  0
|   8|0x0000000701000000, 0x00000007011fefe0, 0x0000000701200000| 99%| O|  |TAMS 0x0000000701000000| PB 0x0000000701000000| Untracked |  0
|   9|0x0000000701200000, 0x00000007013f8ac8, 0x0000000701400000| 98%| O|  |TAMS 0x0000000701200000| PB 0x0000000701200000| Untracked |  0
|  10|0x0000000701400000, 0x00000007015ffff0, 0x0000000701600000| 99%| O|  |TAMS 0x0000000701400000| PB 0x0000000701400000| Untracked |  0
|  11|0x0000000701600000, 0x00000007017fffa0, 0x0000000701800000| 99%| O|  |TAMS 0x0000000701600000| PB 0x0000000701600000| Untracked |  0
|  12|0x0000000701800000, 0x00000007019fffe8, 0x0000000701a00000| 99%| O|  |TAMS 0x0000000701800000| PB 0x0000000701800000| Untracked |  0
|  13|0x0000000701a00000, 0x0000000701bffff8, 0x0000000701c00000| 99%| O|  |TAMS 0x0000000701a00000| PB 0x0000000701a00000| Untracked |  0
|  14|0x0000000701c00000, 0x0000000701dffff0, 0x0000000701e00000| 99%| O|  |TAMS 0x0000000701c00000| PB 0x0000000701c00000| Untracked |  0
|  15|0x0000000701e00000, 0x0000000701ffffb8, 0x0000000702000000| 99%| O|  |TAMS 0x0000000701e00000| PB 0x0000000701e00000| Untracked |  0
|  16|0x0000000702000000, 0x00000007021ffff8, 0x0000000702200000| 99%| O|  |TAMS 0x0000000702000000| PB 0x0000000702000000| Untracked |  0
|  17|0x0000000702200000, 0x0000000702400000, 0x0000000702400000|100%| O|  |TAMS 0x0000000702200000| PB 0x0000000702200000| Untracked |  0
|  18|0x0000000702400000, 0x0000000702600000, 0x0000000702600000|100%| O|  |TAMS 0x0000000702400000| PB 0x0000000702400000| Untracked |  0
|  19|0x0000000702600000, 0x0000000702800000, 0x0000000702800000|100%| O|  |TAMS 0x0000000702600000| PB 0x0000000702600000| Untracked |  0
|  20|0x0000000702800000, 0x0000000702a00000, 0x0000000702a00000|100%| O|  |TAMS 0x0000000702800000| PB 0x0000000702800000| Untracked |  0
|  21|0x0000000702a00000, 0x0000000702c00000, 0x0000000702c00000|100%| O|  |TAMS 0x0000000702a00000| PB 0x0000000702a00000| Untracked |  0
|  22|0x0000000702c00000, 0x0000000702e00000, 0x0000000702e00000|100%| O|  |TAMS 0x0000000702c00000| PB 0x0000000702c00000| Untracked |  0
|  23|0x0000000702e00000, 0x0000000703000000, 0x0000000703000000|100%| O|  |TAMS 0x0000000702e00000| PB 0x0000000702e00000| Untracked |  0
|  24|0x0000000703000000, 0x0000000703200000, 0x0000000703200000|100%| O|  |TAMS 0x0000000703000000| PB 0x0000000703000000| Untracked |  0
|  25|0x0000000703200000, 0x0000000703400000, 0x0000000703400000|100%| O|  |TAMS 0x0000000703200000| PB 0x0000000703200000| Untracked |  0
|  26|0x0000000703400000, 0x0000000703600000, 0x0000000703600000|100%| O|  |TAMS 0x0000000703400000| PB 0x0000000703400000| Untracked |  0
|  27|0x0000000703600000, 0x0000000703800000, 0x0000000703800000|100%| O|  |TAMS 0x0000000703600000| PB 0x0000000703600000| Untracked |  0
|  28|0x0000000703800000, 0x0000000703a00000, 0x0000000703a00000|100%| O|  |TAMS 0x0000000703800000| PB 0x0000000703800000| Untracked |  0
|  29|0x0000000703a00000, 0x0000000703c00000, 0x0000000703c00000|100%| O|  |TAMS 0x0000000703a00000| PB 0x0000000703a00000| Untracked |  0
|  30|0x0000000703c00000, 0x0000000703e00000, 0x0000000703e00000|100%| O|  |TAMS 0x0000000703c00000| PB 0x0000000703c00000| Untracked |  0
|  31|0x0000000703e00000, 0x0000000704000000, 0x0000000704000000|100%| O|  |TAMS 0x0000000703e00000| PB 0x0000000703e00000| Untracked |  0
|  32|0x0000000704000000, 0x0000000704200000, 0x0000000704200000|100%| O|  |TAMS 0x0000000704000000| PB 0x0000000704000000| Untracked |  0
|  33|0x0000000704200000, 0x00000007043ffff8, 0x0000000704400000| 99%| O|  |TAMS 0x0000000704200000| PB 0x0000000704200000| Untracked |  0
|  34|0x0000000704400000, 0x0000000704600000, 0x0000000704600000|100%| O|  |TAMS 0x0000000704400000| PB 0x0000000704400000| Untracked |  0
|  35|0x0000000704600000, 0x00000007047fffa8, 0x0000000704800000| 99%| O|  |TAMS 0x0000000704600000| PB 0x0000000704600000| Untracked |  0
|  36|0x0000000704800000, 0x00000007049ffff8, 0x0000000704a00000| 99%| O|  |TAMS 0x0000000704800000| PB 0x0000000704800000| Untracked |  0
|  37|0x0000000704a00000, 0x0000000704bffff8, 0x0000000704c00000| 99%| O|  |TAMS 0x0000000704a00000| PB 0x0000000704a00000| Untracked |  0
|  38|0x0000000704c00000, 0x0000000704dff940, 0x0000000704e00000| 99%| O|  |TAMS 0x0000000704c00000| PB 0x0000000704c00000| Untracked |  0
|  39|0x0000000704e00000, 0x0000000704fffe98, 0x0000000705000000| 99%| O|  |TAMS 0x0000000704e00000| PB 0x0000000704e00000| Untracked |  0
|  40|0x0000000705000000, 0x00000007051fe9c8, 0x0000000705200000| 99%| O|  |TAMS 0x0000000705000000| PB 0x0000000705000000| Untracked |  0
|  41|0x0000000705200000, 0x00000007053ffff8, 0x0000000705400000| 99%| O|  |TAMS 0x0000000705200000| PB 0x0000000705200000| Untracked |  0
|  42|0x0000000705400000, 0x00000007055ffff8, 0x0000000705600000| 99%| O|  |TAMS 0x0000000705400000| PB 0x0000000705400000| Untracked |  0
|  43|0x0000000705600000, 0x00000007057fcaa8, 0x0000000705800000| 99%| O|  |TAMS 0x0000000705600000| PB 0x0000000705600000| Untracked |  0
|  44|0x0000000705800000, 0x0000000705a00000, 0x0000000705a00000|100%| O|  |TAMS 0x0000000705800000| PB 0x0000000705800000| Untracked |  0
|  45|0x0000000705a00000, 0x0000000705c00000, 0x0000000705c00000|100%| O|  |TAMS 0x0000000705a00000| PB 0x0000000705a00000| Untracked |  0
|  46|0x0000000705c00000, 0x0000000705dfffd0, 0x0000000705e00000| 99%| O|  |TAMS 0x0000000705c00000| PB 0x0000000705c00000| Untracked |  0
|  47|0x0000000705e00000, 0x0000000705ffffe8, 0x0000000706000000| 99%| O|  |TAMS 0x0000000705e00000| PB 0x0000000705e00000| Untracked |  0
|  48|0x0000000706000000, 0x00000007061fffa0, 0x0000000706200000| 99%| O|  |TAMS 0x0000000706000000| PB 0x0000000706000000| Untracked |  0
|  49|0x0000000706200000, 0x0000000706400000, 0x0000000706400000|100%| O|  |TAMS 0x0000000706200000| PB 0x0000000706200000| Untracked |  0
|  50|0x0000000706400000, 0x00000007065edcb8, 0x0000000706600000| 96%| O|  |TAMS 0x0000000706400000| PB 0x0000000706400000| Untracked |  0
|  51|0x0000000706600000, 0x0000000706800000, 0x0000000706800000|100%| O|  |TAMS 0x0000000706600000| PB 0x0000000706600000| Untracked |  0
|  52|0x0000000706800000, 0x0000000706a00000, 0x0000000706a00000|100%| O|  |TAMS 0x0000000706800000| PB 0x0000000706800000| Untracked |  0
|  53|0x0000000706a00000, 0x0000000706c00000, 0x0000000706c00000|100%| O|  |TAMS 0x0000000706a00000| PB 0x0000000706a00000| Untracked |  0
|  54|0x0000000706c00000, 0x0000000706e00000, 0x0000000706e00000|100%| O|  |TAMS 0x0000000706c00000| PB 0x0000000706c00000| Untracked |  0
|  55|0x0000000706e00000, 0x0000000706ffffd8, 0x0000000707000000| 99%| O|  |TAMS 0x0000000706e00000| PB 0x0000000706e00000| Untracked |  0
|  56|0x0000000707000000, 0x00000007071fff58, 0x0000000707200000| 99%| O|  |TAMS 0x0000000707000000| PB 0x0000000707000000| Untracked |  0
|  57|0x0000000707200000, 0x00000007073fffd0, 0x0000000707400000| 99%| O|  |TAMS 0x0000000707200000| PB 0x0000000707200000| Untracked |  0
|  58|0x0000000707400000, 0x00000007075ffff0, 0x0000000707600000| 99%| O|  |TAMS 0x0000000707400000| PB 0x0000000707400000| Untracked |  0
|  59|0x0000000707600000, 0x00000007077ffff0, 0x0000000707800000| 99%| O|  |TAMS 0x0000000707600000| PB 0x0000000707600000| Untracked |  0
|  60|0x0000000707800000, 0x00000007079ffff8, 0x0000000707a00000| 99%| O|  |TAMS 0x0000000707800000| PB 0x0000000707800000| Untracked |  0
|  61|0x0000000707a00000, 0x0000000707a6b4c8, 0x0000000707c00000| 20%| O|  |TAMS 0x0000000707a00000| PB 0x0000000707a00000| Untracked |  0
|  62|0x0000000707c00000, 0x0000000707d98c18, 0x0000000707e00000| 79%| O|  |TAMS 0x0000000707c00000| PB 0x0000000707c00000| Untracked |  0
|  63|0x0000000707e00000, 0x0000000707f3b668, 0x0000000708000000| 61%| O|  |TAMS 0x0000000707e00000| PB 0x0000000707e00000| Untracked |  0
|  64|0x0000000708000000, 0x00000007081ffbf8, 0x0000000708200000| 99%| O|  |TAMS 0x0000000708000000| PB 0x0000000708000000| Untracked |  0
|  65|0x0000000708200000, 0x00000007083ffff0, 0x0000000708400000| 99%| O|  |TAMS 0x0000000708200000| PB 0x0000000708200000| Untracked |  0
|  66|0x0000000708400000, 0x0000000708600000, 0x0000000708600000|100%| O|  |TAMS 0x0000000708400000| PB 0x0000000708400000| Untracked |  0
|  67|0x0000000708600000, 0x00000007087fff80, 0x0000000708800000| 99%| O|  |TAMS 0x0000000708600000| PB 0x0000000708600000| Untracked |  0
|  68|0x0000000708800000, 0x00000007089fffd8, 0x0000000708a00000| 99%| O|  |TAMS 0x0000000708800000| PB 0x0000000708800000| Untracked |  0
|  69|0x0000000708a00000, 0x0000000708bfffb8, 0x0000000708c00000| 99%| O|  |TAMS 0x0000000708a00000| PB 0x0000000708a00000| Untracked |  0
|  70|0x0000000708c00000, 0x0000000708dfffe0, 0x0000000708e00000| 99%| O|  |TAMS 0x0000000708c00000| PB 0x0000000708c00000| Untracked |  0
|  71|0x0000000708e00000, 0x0000000709000000, 0x0000000709000000|100%| O|  |TAMS 0x0000000708e00000| PB 0x0000000708e00000| Untracked |  0
|  72|0x0000000709000000, 0x00000007091fffc8, 0x0000000709200000| 99%| O|  |TAMS 0x0000000709000000| PB 0x0000000709000000| Untracked |  0
|  73|0x0000000709200000, 0x0000000709400000, 0x0000000709400000|100%| O|  |TAMS 0x0000000709200000| PB 0x0000000709200000| Untracked |  0
|  74|0x0000000709400000, 0x0000000709600000, 0x0000000709600000|100%| O|  |TAMS 0x0000000709400000| PB 0x0000000709400000| Untracked |  0
|  75|0x0000000709600000, 0x0000000709800000, 0x0000000709800000|100%| O|  |TAMS 0x0000000709600000| PB 0x0000000709600000| Untracked |  0
|  76|0x0000000709800000, 0x0000000709a00000, 0x0000000709a00000|100%| O|  |TAMS 0x0000000709800000| PB 0x0000000709800000| Untracked |  0
|  77|0x0000000709a00000, 0x0000000709c00000, 0x0000000709c00000|100%| O|  |TAMS 0x0000000709a00000| PB 0x0000000709a00000| Untracked |  0
|  78|0x0000000709c00000, 0x0000000709e00000, 0x0000000709e00000|100%| O|  |TAMS 0x0000000709c00000| PB 0x0000000709c00000| Untracked |  0
|  79|0x0000000709e00000, 0x000000070a000000, 0x000000070a000000|100%| O|  |TAMS 0x0000000709e00000| PB 0x0000000709e00000| Untracked |  0
|  80|0x000000070a000000, 0x000000070a1fffd8, 0x000000070a200000| 99%| O|  |TAMS 0x000000070a000000| PB 0x000000070a000000| Untracked |  0
|  81|0x000000070a200000, 0x000000070a3fffd8, 0x000000070a400000| 99%| O|  |TAMS 0x000000070a200000| PB 0x000000070a200000| Untracked |  0
|  82|0x000000070a400000, 0x000000070a5ff3f0, 0x000000070a600000| 99%| O|  |TAMS 0x000000070a400000| PB 0x000000070a400000| Untracked |  0
|  83|0x000000070a600000, 0x000000070a7a57e8, 0x000000070a800000| 82%| O|  |TAMS 0x000000070a600000| PB 0x000000070a600000| Untracked |  0
|  84|0x000000070a800000, 0x000000070aa00000, 0x000000070aa00000|100%| O|  |TAMS 0x000000070a800000| PB 0x000000070a800000| Untracked |  0
|  85|0x000000070aa00000, 0x000000070ac00000, 0x000000070ac00000|100%| O|  |TAMS 0x000000070aa00000| PB 0x000000070aa00000| Untracked |  0
|  86|0x000000070ac00000, 0x000000070ae00000, 0x000000070ae00000|100%| O|  |TAMS 0x000000070ac00000| PB 0x000000070ac00000| Untracked |  0
|  87|0x000000070ae00000, 0x000000070b000000, 0x000000070b000000|100%| O|  |TAMS 0x000000070ae00000| PB 0x000000070ae00000| Untracked |  0
|  88|0x000000070b000000, 0x000000070b200000, 0x000000070b200000|100%| O|  |TAMS 0x000000070b000000| PB 0x000000070b000000| Untracked |  0
|  89|0x000000070b200000, 0x000000070b400000, 0x000000070b400000|100%| O|  |TAMS 0x000000070b200000| PB 0x000000070b200000| Untracked |  0
|  90|0x000000070b400000, 0x000000070b5ff870, 0x000000070b600000| 99%| O|  |TAMS 0x000000070b400000| PB 0x000000070b400000| Untracked |  0
|  91|0x000000070b600000, 0x000000070b800000, 0x000000070b800000|100%| O|  |TAMS 0x000000070b600000| PB 0x000000070b600000| Untracked |  0
|  92|0x000000070b800000, 0x000000070ba00000, 0x000000070ba00000|100%| O|  |TAMS 0x000000070b800000| PB 0x000000070b800000| Untracked |  0
|  93|0x000000070ba00000, 0x000000070bc00000, 0x000000070bc00000|100%| O|  |TAMS 0x000000070ba00000| PB 0x000000070ba00000| Untracked |  0
|  94|0x000000070bc00000, 0x000000070be00000, 0x000000070be00000|100%| O|  |TAMS 0x000000070bc00000| PB 0x000000070bc00000| Untracked |  0
|  95|0x000000070be00000, 0x000000070bee6528, 0x000000070c000000| 44%| O|  |TAMS 0x000000070be00000| PB 0x000000070be00000| Untracked |  0
|  96|0x000000070c000000, 0x000000070c200000, 0x000000070c200000|100%| O|  |TAMS 0x000000070c000000| PB 0x000000070c000000| Untracked |  0
|  97|0x000000070c200000, 0x000000070c400000, 0x000000070c400000|100%| O|  |TAMS 0x000000070c200000| PB 0x000000070c200000| Untracked |  0
|  98|0x000000070c400000, 0x000000070c600000, 0x000000070c600000|100%| O|  |TAMS 0x000000070c400000| PB 0x000000070c400000| Untracked |  0
|  99|0x000000070c600000, 0x000000070c800000, 0x000000070c800000|100%| O|  |TAMS 0x000000070c600000| PB 0x000000070c600000| Untracked |  0
| 100|0x000000070c800000, 0x000000070c8fcf00, 0x000000070ca00000| 49%| O|  |TAMS 0x000000070c800000| PB 0x000000070c800000| Untracked |  0
| 101|0x000000070ca00000, 0x000000070cae1830, 0x000000070cc00000| 44%| O|  |TAMS 0x000000070ca00000| PB 0x000000070ca00000| Untracked |  0
| 102|0x000000070cc00000, 0x000000070cc00000, 0x000000070ce00000|  0%| F|  |TAMS 0x000000070cc00000| PB 0x000000070cc00000| Untracked |  0
| 103|0x000000070ce00000, 0x000000070ce00000, 0x000000070d000000|  0%| F|  |TAMS 0x000000070ce00000| PB 0x000000070ce00000| Untracked |  0
| 104|0x000000070d000000, 0x000000070d200000, 0x000000070d200000|100%|HS|  |TAMS 0x000000070d000000| PB 0x000000070d000000| Untracked |  0
| 105|0x000000070d200000, 0x000000070d400000, 0x000000070d400000|100%| O|  |TAMS 0x000000070d200000| PB 0x000000070d200000| Untracked |  0
| 106|0x000000070d400000, 0x000000070d600000, 0x000000070d600000|100%| O|  |TAMS 0x000000070d400000| PB 0x000000070d400000| Untracked |  0
| 107|0x000000070d600000, 0x000000070d800000, 0x000000070d800000|100%| O|  |TAMS 0x000000070d600000| PB 0x000000070d600000| Untracked |  0
| 108|0x000000070d800000, 0x000000070da00000, 0x000000070da00000|100%| O|  |TAMS 0x000000070d800000| PB 0x000000070d800000| Untracked |  0
| 109|0x000000070da00000, 0x000000070da00000, 0x000000070dc00000|  0%| F|  |TAMS 0x000000070da00000| PB 0x000000070da00000| Untracked |  0
| 110|0x000000070dc00000, 0x000000070de00000, 0x000000070de00000|100%| O|  |TAMS 0x000000070dc00000| PB 0x000000070dc00000| Untracked |  0
| 111|0x000000070de00000, 0x000000070dffffe0, 0x000000070e000000| 99%| O|  |TAMS 0x000000070de00000| PB 0x000000070de00000| Untracked |  0
| 112|0x000000070e000000, 0x000000070e1ffff8, 0x000000070e200000| 99%| O|  |TAMS 0x000000070e000000| PB 0x000000070e000000| Untracked |  0
| 113|0x000000070e200000, 0x000000070e3fffa8, 0x000000070e400000| 99%| O|  |TAMS 0x000000070e200000| PB 0x000000070e200000| Untracked |  0
| 114|0x000000070e400000, 0x000000070e600000, 0x000000070e600000|100%| O|  |TAMS 0x000000070e400000| PB 0x000000070e400000| Untracked |  0
| 115|0x000000070e600000, 0x000000070e800000, 0x000000070e800000|100%| O|  |TAMS 0x000000070e600000| PB 0x000000070e600000| Untracked |  0
| 116|0x000000070e800000, 0x000000070ea00000, 0x000000070ea00000|100%| O|  |TAMS 0x000000070e800000| PB 0x000000070e800000| Untracked |  0
| 117|0x000000070ea00000, 0x000000070ebffff8, 0x000000070ec00000| 99%| O|  |TAMS 0x000000070ea00000| PB 0x000000070ea00000| Untracked |  0
| 118|0x000000070ec00000, 0x000000070ee00000, 0x000000070ee00000|100%| O|  |TAMS 0x000000070ec00000| PB 0x000000070ec00000| Untracked |  0
| 119|0x000000070ee00000, 0x000000070f000000, 0x000000070f000000|100%| O|  |TAMS 0x000000070ee00000| PB 0x000000070ee00000| Untracked |  0
| 120|0x000000070f000000, 0x000000070f0e3330, 0x000000070f200000| 44%| O|  |TAMS 0x000000070f000000| PB 0x000000070f000000| Untracked |  0
| 121|0x000000070f200000, 0x000000070f400000, 0x000000070f400000|100%| O|  |TAMS 0x000000070f200000| PB 0x000000070f200000| Untracked |  0
| 122|0x000000070f400000, 0x000000070f600000, 0x000000070f600000|100%| O|  |TAMS 0x000000070f400000| PB 0x000000070f400000| Untracked |  0
| 123|0x000000070f600000, 0x000000070f70ace0, 0x000000070f800000| 52%| O|  |TAMS 0x000000070f600000| PB 0x000000070f600000| Untracked |  0
| 124|0x000000070f800000, 0x000000070f8ba520, 0x000000070fa00000| 36%| O|  |TAMS 0x000000070f800000| PB 0x000000070f800000| Untracked |  0
| 125|0x000000070fa00000, 0x000000070fbffe00, 0x000000070fc00000| 99%| O|  |TAMS 0x000000070fa00000| PB 0x000000070fa00000| Untracked |  0
| 126|0x000000070fc00000, 0x000000070fd5a798, 0x000000070fe00000| 67%| O|  |TAMS 0x000000070fc00000| PB 0x000000070fc00000| Untracked |  0
| 127|0x000000070fe00000, 0x000000070ff15d70, 0x0000000710000000| 54%| O|  |TAMS 0x000000070fe00000| PB 0x000000070fe00000| Untracked |  0
| 128|0x0000000710000000, 0x00000007101e0480, 0x0000000710200000| 93%| O|  |TAMS 0x0000000710000000| PB 0x0000000710000000| Untracked |  0
| 129|0x0000000710200000, 0x00000007103ff9d0, 0x0000000710400000| 99%| O|  |TAMS 0x0000000710200000| PB 0x0000000710200000| Untracked |  0
| 130|0x0000000710400000, 0x00000007105122f0, 0x0000000710600000| 53%| O|  |TAMS 0x0000000710400000| PB 0x0000000710400000| Untracked |  0
| 131|0x0000000710600000, 0x0000000710600000, 0x0000000710800000|  0%| F|  |TAMS 0x0000000710600000| PB 0x0000000710600000| Untracked |  0
| 132|0x0000000710800000, 0x0000000710a00000, 0x0000000710a00000|100%| O|  |TAMS 0x0000000710800000| PB 0x0000000710800000| Untracked |  0
| 133|0x0000000710a00000, 0x0000000710ba4f10, 0x0000000710c00000| 82%| O|  |TAMS 0x0000000710a00000| PB 0x0000000710a00000| Untracked |  0
| 134|0x0000000710c00000, 0x0000000710dffff8, 0x0000000710e00000| 99%| O|  |TAMS 0x0000000710c00000| PB 0x0000000710c00000| Untracked |  0
| 135|0x0000000710e00000, 0x0000000710fb37c8, 0x0000000711000000| 85%| O|  |TAMS 0x0000000710e00000| PB 0x0000000710e00000| Untracked |  0
| 136|0x0000000711000000, 0x0000000711000000, 0x0000000711200000|  0%| F|  |TAMS 0x0000000711000000| PB 0x0000000711000000| Untracked |  0
| 137|0x0000000711200000, 0x0000000711200000, 0x0000000711400000|  0%| F|  |TAMS 0x0000000711200000| PB 0x0000000711200000| Untracked |  0
| 138|0x0000000711400000, 0x0000000711400000, 0x0000000711600000|  0%| F|  |TAMS 0x0000000711400000| PB 0x0000000711400000| Untracked |  0
| 139|0x0000000711600000, 0x0000000711600000, 0x0000000711800000|  0%| F|  |TAMS 0x0000000711600000| PB 0x0000000711600000| Untracked |  0
| 140|0x0000000711800000, 0x0000000711800000, 0x0000000711a00000|  0%| F|  |TAMS 0x0000000711800000| PB 0x0000000711800000| Untracked |  0
| 141|0x0000000711a00000, 0x0000000711a00000, 0x0000000711c00000|  0%| F|  |TAMS 0x0000000711a00000| PB 0x0000000711a00000| Untracked |  0
| 142|0x0000000711c00000, 0x0000000711cc25d0, 0x0000000711e00000| 37%| O|  |TAMS 0x0000000711c00000| PB 0x0000000711c00000| Untracked |  0
| 143|0x0000000711e00000, 0x0000000711e97968, 0x0000000712000000| 29%| O|  |TAMS 0x0000000711e00000| PB 0x0000000711e00000| Untracked |  0
| 144|0x0000000712000000, 0x00000007120af2b0, 0x0000000712200000| 34%| O|  |TAMS 0x0000000712000000| PB 0x0000000712000000| Untracked |  0
| 145|0x0000000712200000, 0x000000071222bd00, 0x0000000712400000|  8%| O|  |TAMS 0x0000000712200000| PB 0x0000000712200000| Untracked |  0
| 146|0x0000000712400000, 0x0000000712400000, 0x0000000712600000|  0%| F|  |TAMS 0x0000000712400000| PB 0x0000000712400000| Untracked |  0
| 147|0x0000000712600000, 0x0000000712600000, 0x0000000712800000|  0%| F|  |TAMS 0x0000000712600000| PB 0x0000000712600000| Untracked |  0
| 148|0x0000000712800000, 0x0000000712800000, 0x0000000712a00000|  0%| F|  |TAMS 0x0000000712800000| PB 0x0000000712800000| Untracked |  0
| 149|0x0000000712a00000, 0x0000000712a755d0, 0x0000000712c00000| 22%| O|  |TAMS 0x0000000712a00000| PB 0x0000000712a00000| Untracked |  0
| 150|0x0000000712c00000, 0x0000000712c00000, 0x0000000712e00000|  0%| F|  |TAMS 0x0000000712c00000| PB 0x0000000712c00000| Untracked |  0
| 151|0x0000000712e00000, 0x0000000712e00000, 0x0000000713000000|  0%| F|  |TAMS 0x0000000712e00000| PB 0x0000000712e00000| Untracked |  0
| 152|0x0000000713000000, 0x0000000713000000, 0x0000000713200000|  0%| F|  |TAMS 0x0000000713000000| PB 0x0000000713000000| Untracked |  0
| 153|0x0000000713200000, 0x0000000713246560, 0x0000000713400000| 13%| O|  |TAMS 0x0000000713200000| PB 0x0000000713200000| Untracked |  0
| 154|0x0000000713400000, 0x0000000713400000, 0x0000000713600000|  0%| F|  |TAMS 0x0000000713400000| PB 0x0000000713400000| Untracked |  0
| 155|0x0000000713600000, 0x0000000713600000, 0x0000000713800000|  0%| F|  |TAMS 0x0000000713600000| PB 0x0000000713600000| Untracked |  0
| 156|0x0000000713800000, 0x0000000713800000, 0x0000000713a00000|  0%| F|  |TAMS 0x0000000713800000| PB 0x0000000713800000| Untracked |  0
| 157|0x0000000713a00000, 0x0000000713a27e58, 0x0000000713c00000|  7%| O|  |TAMS 0x0000000713a00000| PB 0x0000000713a00000| Untracked |  0
| 158|0x0000000713c00000, 0x0000000713c00000, 0x0000000713e00000|  0%| F|  |TAMS 0x0000000713c00000| PB 0x0000000713c00000| Untracked |  0
| 159|0x0000000713e00000, 0x0000000713e00000, 0x0000000714000000|  0%| F|  |TAMS 0x0000000713e00000| PB 0x0000000713e00000| Untracked |  0
| 160|0x0000000714000000, 0x0000000714000000, 0x0000000714200000|  0%| F|  |TAMS 0x0000000714000000| PB 0x0000000714000000| Untracked |  0
| 161|0x0000000714200000, 0x0000000714200000, 0x0000000714400000|  0%| F|  |TAMS 0x0000000714200000| PB 0x0000000714200000| Untracked |  0
| 162|0x0000000714400000, 0x0000000714400000, 0x0000000714600000|  0%| F|  |TAMS 0x0000000714400000| PB 0x0000000714400000| Untracked |  0
| 163|0x0000000714600000, 0x0000000714600000, 0x0000000714800000|  0%| F|  |TAMS 0x0000000714600000| PB 0x0000000714600000| Untracked |  0
| 164|0x0000000714800000, 0x0000000714800000, 0x0000000714a00000|  0%| F|  |TAMS 0x0000000714800000| PB 0x0000000714800000| Untracked |  0
| 165|0x0000000714a00000, 0x0000000714a00000, 0x0000000714c00000|  0%| F|  |TAMS 0x0000000714a00000| PB 0x0000000714a00000| Untracked |  0
| 166|0x0000000714c00000, 0x0000000714c00000, 0x0000000714e00000|  0%| F|  |TAMS 0x0000000714c00000| PB 0x0000000714c00000| Untracked |  0
| 167|0x0000000714e00000, 0x0000000714e00000, 0x0000000715000000|  0%| F|  |TAMS 0x0000000714e00000| PB 0x0000000714e00000| Untracked |  0
| 168|0x0000000715000000, 0x0000000715000000, 0x0000000715200000|  0%| F|  |TAMS 0x0000000715000000| PB 0x0000000715000000| Untracked |  0
| 169|0x0000000715200000, 0x0000000715200000, 0x0000000715400000|  0%| F|  |TAMS 0x0000000715200000| PB 0x0000000715200000| Untracked |  0
| 170|0x0000000715400000, 0x0000000715400000, 0x0000000715600000|  0%| F|  |TAMS 0x0000000715400000| PB 0x0000000715400000| Untracked |  0
| 171|0x0000000715600000, 0x0000000715600000, 0x0000000715800000|  0%| F|  |TAMS 0x0000000715600000| PB 0x0000000715600000| Untracked |  0
| 172|0x0000000715800000, 0x0000000715800000, 0x0000000715a00000|  0%| F|  |TAMS 0x0000000715800000| PB 0x0000000715800000| Untracked |  0
| 173|0x0000000715a00000, 0x0000000715a00000, 0x0000000715c00000|  0%| F|  |TAMS 0x0000000715a00000| PB 0x0000000715a00000| Untracked |  0
| 174|0x0000000715c00000, 0x0000000715c00000, 0x0000000715e00000|  0%| F|  |TAMS 0x0000000715c00000| PB 0x0000000715c00000| Untracked |  0
| 175|0x0000000715e00000, 0x0000000715e00000, 0x0000000716000000|  0%| F|  |TAMS 0x0000000715e00000| PB 0x0000000715e00000| Untracked |  0
| 176|0x0000000716000000, 0x0000000716000000, 0x0000000716200000|  0%| F|  |TAMS 0x0000000716000000| PB 0x0000000716000000| Untracked |  0
| 177|0x0000000716200000, 0x0000000716200000, 0x0000000716400000|  0%| F|  |TAMS 0x0000000716200000| PB 0x0000000716200000| Untracked |  0
| 178|0x0000000716400000, 0x0000000716400000, 0x0000000716600000|  0%| F|  |TAMS 0x0000000716400000| PB 0x0000000716400000| Untracked |  0
| 179|0x0000000716600000, 0x0000000716600000, 0x0000000716800000|  0%| F|  |TAMS 0x0000000716600000| PB 0x0000000716600000| Untracked |  0
| 180|0x0000000716800000, 0x0000000716800000, 0x0000000716a00000|  0%| F|  |TAMS 0x0000000716800000| PB 0x0000000716800000| Untracked |  0
| 181|0x0000000716a00000, 0x0000000716a00000, 0x0000000716c00000|  0%| F|  |TAMS 0x0000000716a00000| PB 0x0000000716a00000| Untracked |  0
| 182|0x0000000716c00000, 0x0000000716c00000, 0x0000000716e00000|  0%| F|  |TAMS 0x0000000716c00000| PB 0x0000000716c00000| Untracked |  0
| 183|0x0000000716e00000, 0x0000000716e00000, 0x0000000717000000|  0%| F|  |TAMS 0x0000000716e00000| PB 0x0000000716e00000| Untracked |  0
| 184|0x0000000717000000, 0x0000000717000000, 0x0000000717200000|  0%| F|  |TAMS 0x0000000717000000| PB 0x0000000717000000| Untracked |  0
| 185|0x0000000717200000, 0x0000000717200000, 0x0000000717400000|  0%| F|  |TAMS 0x0000000717200000| PB 0x0000000717200000| Untracked |  0
| 186|0x0000000717400000, 0x0000000717400000, 0x0000000717600000|  0%| F|  |TAMS 0x0000000717400000| PB 0x0000000717400000| Untracked |  0
| 187|0x0000000717600000, 0x0000000717600000, 0x0000000717800000|  0%| F|  |TAMS 0x0000000717600000| PB 0x0000000717600000| Untracked |  0
| 188|0x0000000717800000, 0x0000000717800000, 0x0000000717a00000|  0%| F|  |TAMS 0x0000000717800000| PB 0x0000000717800000| Untracked |  0
| 189|0x0000000717a00000, 0x0000000717a00000, 0x0000000717c00000|  0%| F|  |TAMS 0x0000000717a00000| PB 0x0000000717a00000| Untracked |  0
| 190|0x0000000717c00000, 0x0000000717c00000, 0x0000000717e00000|  0%| F|  |TAMS 0x0000000717c00000| PB 0x0000000717c00000| Untracked |  0
| 191|0x0000000717e00000, 0x0000000717e00000, 0x0000000718000000|  0%| F|  |TAMS 0x0000000717e00000| PB 0x0000000717e00000| Untracked |  0
| 192|0x0000000718000000, 0x0000000718000000, 0x0000000718200000|  0%| F|  |TAMS 0x0000000718000000| PB 0x0000000718000000| Untracked |  0
| 193|0x0000000718200000, 0x0000000718200000, 0x0000000718400000|  0%| F|  |TAMS 0x0000000718200000| PB 0x0000000718200000| Untracked |  0
| 194|0x0000000718400000, 0x0000000718400000, 0x0000000718600000|  0%| F|  |TAMS 0x0000000718400000| PB 0x0000000718400000| Untracked |  0
| 195|0x0000000718600000, 0x0000000718600000, 0x0000000718800000|  0%| F|  |TAMS 0x0000000718600000| PB 0x0000000718600000| Untracked |  0
| 196|0x0000000718800000, 0x0000000718800000, 0x0000000718a00000|  0%| F|  |TAMS 0x0000000718800000| PB 0x0000000718800000| Untracked |  0
| 197|0x0000000718a00000, 0x0000000718a00000, 0x0000000718c00000|  0%| F|  |TAMS 0x0000000718a00000| PB 0x0000000718a00000| Untracked |  0
| 198|0x0000000718c00000, 0x0000000718c00000, 0x0000000718e00000|  0%| F|  |TAMS 0x0000000718c00000| PB 0x0000000718c00000| Untracked |  0
| 199|0x0000000718e00000, 0x0000000718e00000, 0x0000000719000000|  0%| F|  |TAMS 0x0000000718e00000| PB 0x0000000718e00000| Untracked |  0
| 200|0x0000000719000000, 0x0000000719000000, 0x0000000719200000|  0%| F|  |TAMS 0x0000000719000000| PB 0x0000000719000000| Untracked |  0
| 201|0x0000000719200000, 0x0000000719200000, 0x0000000719400000|  0%| F|  |TAMS 0x0000000719200000| PB 0x0000000719200000| Untracked |  0
| 202|0x0000000719400000, 0x0000000719400000, 0x0000000719600000|  0%| F|  |TAMS 0x0000000719400000| PB 0x0000000719400000| Untracked |  0
| 203|0x0000000719600000, 0x0000000719600000, 0x0000000719800000|  0%| F|  |TAMS 0x0000000719600000| PB 0x0000000719600000| Untracked |  0
| 204|0x0000000719800000, 0x0000000719800000, 0x0000000719a00000|  0%| F|  |TAMS 0x0000000719800000| PB 0x0000000719800000| Untracked |  0
| 205|0x0000000719a00000, 0x0000000719a00000, 0x0000000719c00000|  0%| F|  |TAMS 0x0000000719a00000| PB 0x0000000719a00000| Untracked |  0
| 206|0x0000000719c00000, 0x0000000719c00000, 0x0000000719e00000|  0%| F|  |TAMS 0x0000000719c00000| PB 0x0000000719c00000| Untracked |  0
| 207|0x0000000719e00000, 0x0000000719e00000, 0x000000071a000000|  0%| F|  |TAMS 0x0000000719e00000| PB 0x0000000719e00000| Untracked |  0
| 208|0x000000071a000000, 0x000000071a000000, 0x000000071a200000|  0%| F|  |TAMS 0x000000071a000000| PB 0x000000071a000000| Untracked |  0
| 209|0x000000071a200000, 0x000000071a200000, 0x000000071a400000|  0%| F|  |TAMS 0x000000071a200000| PB 0x000000071a200000| Untracked |  0
| 210|0x000000071a400000, 0x000000071a400000, 0x000000071a600000|  0%| F|  |TAMS 0x000000071a400000| PB 0x000000071a400000| Untracked |  0
| 211|0x000000071a600000, 0x000000071a600000, 0x000000071a800000|  0%| F|  |TAMS 0x000000071a600000| PB 0x000000071a600000| Untracked |  0
| 212|0x000000071a800000, 0x000000071a800000, 0x000000071aa00000|  0%| F|  |TAMS 0x000000071a800000| PB 0x000000071a800000| Untracked |  0
| 213|0x000000071aa00000, 0x000000071aa00000, 0x000000071ac00000|  0%| F|  |TAMS 0x000000071aa00000| PB 0x000000071aa00000| Untracked |  0
| 214|0x000000071ac00000, 0x000000071ac00000, 0x000000071ae00000|  0%| F|  |TAMS 0x000000071ac00000| PB 0x000000071ac00000| Untracked |  0
| 215|0x000000071ae00000, 0x000000071ae00000, 0x000000071b000000|  0%| F|  |TAMS 0x000000071ae00000| PB 0x000000071ae00000| Untracked |  0
| 216|0x000000071b000000, 0x000000071b000000, 0x000000071b200000|  0%| F|  |TAMS 0x000000071b000000| PB 0x000000071b000000| Untracked |  0
| 217|0x000000071b200000, 0x000000071b200000, 0x000000071b400000|  0%| F|  |TAMS 0x000000071b200000| PB 0x000000071b200000| Untracked |  0
| 218|0x000000071b400000, 0x000000071b400000, 0x000000071b600000|  0%| F|  |TAMS 0x000000071b400000| PB 0x000000071b400000| Untracked |  0
| 219|0x000000071b600000, 0x000000071b600000, 0x000000071b800000|  0%| F|  |TAMS 0x000000071b600000| PB 0x000000071b600000| Untracked |  0
| 220|0x000000071b800000, 0x000000071b800000, 0x000000071ba00000|  0%| F|  |TAMS 0x000000071b800000| PB 0x000000071b800000| Untracked |  0
| 221|0x000000071ba00000, 0x000000071ba00000, 0x000000071bc00000|  0%| F|  |TAMS 0x000000071ba00000| PB 0x000000071ba00000| Untracked |  0
| 222|0x000000071bc00000, 0x000000071bc00000, 0x000000071be00000|  0%| F|  |TAMS 0x000000071bc00000| PB 0x000000071bc00000| Untracked |  0
| 223|0x000000071be00000, 0x000000071be00000, 0x000000071c000000|  0%| F|  |TAMS 0x000000071be00000| PB 0x000000071be00000| Untracked |  0
| 224|0x000000071c000000, 0x000000071c000000, 0x000000071c200000|  0%| F|  |TAMS 0x000000071c000000| PB 0x000000071c000000| Untracked |  0
| 225|0x000000071c200000, 0x000000071c200000, 0x000000071c400000|  0%| F|  |TAMS 0x000000071c200000| PB 0x000000071c200000| Untracked |  0
| 226|0x000000071c400000, 0x000000071c400000, 0x000000071c600000|  0%| F|  |TAMS 0x000000071c400000| PB 0x000000071c400000| Untracked |  0
| 227|0x000000071c600000, 0x000000071c600000, 0x000000071c800000|  0%| F|  |TAMS 0x000000071c600000| PB 0x000000071c600000| Untracked |  0
| 228|0x000000071c800000, 0x000000071c800000, 0x000000071ca00000|  0%| F|  |TAMS 0x000000071c800000| PB 0x000000071c800000| Untracked |  0
| 229|0x000000071ca00000, 0x000000071ca00000, 0x000000071cc00000|  0%| F|  |TAMS 0x000000071ca00000| PB 0x000000071ca00000| Untracked |  0
| 230|0x000000071cc00000, 0x000000071cc00000, 0x000000071ce00000|  0%| F|  |TAMS 0x000000071cc00000| PB 0x000000071cc00000| Untracked |  0
| 231|0x000000071ce00000, 0x000000071ce00000, 0x000000071d000000|  0%| F|  |TAMS 0x000000071ce00000| PB 0x000000071ce00000| Untracked |  0
| 232|0x000000071d000000, 0x000000071d000000, 0x000000071d200000|  0%| F|  |TAMS 0x000000071d000000| PB 0x000000071d000000| Untracked |  0
| 233|0x000000071d200000, 0x000000071d200000, 0x000000071d400000|  0%| F|  |TAMS 0x000000071d200000| PB 0x000000071d200000| Untracked |  0
| 234|0x000000071d400000, 0x000000071d400000, 0x000000071d600000|  0%| F|  |TAMS 0x000000071d400000| PB 0x000000071d400000| Untracked |  0
| 235|0x000000071d600000, 0x000000071d600000, 0x000000071d800000|  0%| F|  |TAMS 0x000000071d600000| PB 0x000000071d600000| Untracked |  0
| 236|0x000000071d800000, 0x000000071d800000, 0x000000071da00000|  0%| F|  |TAMS 0x000000071d800000| PB 0x000000071d800000| Untracked |  0
| 237|0x000000071da00000, 0x000000071da00000, 0x000000071dc00000|  0%| F|  |TAMS 0x000000071da00000| PB 0x000000071da00000| Untracked |  0
| 238|0x000000071dc00000, 0x000000071dc00000, 0x000000071de00000|  0%| F|  |TAMS 0x000000071dc00000| PB 0x000000071dc00000| Untracked |  0
| 239|0x000000071de00000, 0x000000071de00000, 0x000000071e000000|  0%| F|  |TAMS 0x000000071de00000| PB 0x000000071de00000| Untracked |  0
| 240|0x000000071e000000, 0x000000071e000000, 0x000000071e200000|  0%| F|  |TAMS 0x000000071e000000| PB 0x000000071e000000| Untracked |  0
| 241|0x000000071e200000, 0x000000071e200000, 0x000000071e400000|  0%| F|  |TAMS 0x000000071e200000| PB 0x000000071e200000| Untracked |  0
| 242|0x000000071e400000, 0x000000071e400000, 0x000000071e600000|  0%| F|  |TAMS 0x000000071e400000| PB 0x000000071e400000| Untracked |  0
| 243|0x000000071e600000, 0x000000071e600000, 0x000000071e800000|  0%| F|  |TAMS 0x000000071e600000| PB 0x000000071e600000| Untracked |  0
| 244|0x000000071e800000, 0x000000071e800000, 0x000000071ea00000|  0%| F|  |TAMS 0x000000071e800000| PB 0x000000071e800000| Untracked |  0
| 245|0x000000071ea00000, 0x000000071ea00000, 0x000000071ec00000|  0%| F|  |TAMS 0x000000071ea00000| PB 0x000000071ea00000| Untracked |  0
| 246|0x000000071ec00000, 0x000000071ec00000, 0x000000071ee00000|  0%| F|  |TAMS 0x000000071ec00000| PB 0x000000071ec00000| Untracked |  0
| 247|0x000000071ee00000, 0x000000071ee00000, 0x000000071f000000|  0%| F|  |TAMS 0x000000071ee00000| PB 0x000000071ee00000| Untracked |  0
| 248|0x000000071f000000, 0x000000071f000000, 0x000000071f200000|  0%| F|  |TAMS 0x000000071f000000| PB 0x000000071f000000| Untracked |  0
| 249|0x000000071f200000, 0x000000071f200000, 0x000000071f400000|  0%| F|  |TAMS 0x000000071f200000| PB 0x000000071f200000| Untracked |  0
| 250|0x000000071f400000, 0x000000071f400000, 0x000000071f600000|  0%| F|  |TAMS 0x000000071f400000| PB 0x000000071f400000| Untracked |  0
| 251|0x000000071f600000, 0x000000071f600000, 0x000000071f800000|  0%| F|  |TAMS 0x000000071f600000| PB 0x000000071f600000| Untracked |  0
| 252|0x000000071f800000, 0x000000071f800000, 0x000000071fa00000|  0%| F|  |TAMS 0x000000071f800000| PB 0x000000071f800000| Untracked |  0
| 253|0x000000071fa00000, 0x000000071fa00000, 0x000000071fc00000|  0%| F|  |TAMS 0x000000071fa00000| PB 0x000000071fa00000| Untracked |  0
| 254|0x000000071fc00000, 0x000000071fc00000, 0x000000071fe00000|  0%| F|  |TAMS 0x000000071fc00000| PB 0x000000071fc00000| Untracked |  0
| 255|0x000000071fe00000, 0x000000071fe00000, 0x0000000720000000|  0%| F|  |TAMS 0x000000071fe00000| PB 0x000000071fe00000| Untracked |  0
| 256|0x0000000720000000, 0x0000000720000000, 0x0000000720200000|  0%| F|  |TAMS 0x0000000720000000| PB 0x0000000720000000| Untracked |  0
| 257|0x0000000720200000, 0x0000000720200000, 0x0000000720400000|  0%| F|  |TAMS 0x0000000720200000| PB 0x0000000720200000| Untracked |  0
| 258|0x0000000720400000, 0x0000000720400000, 0x0000000720600000|  0%| F|  |TAMS 0x0000000720400000| PB 0x0000000720400000| Untracked |  0
| 259|0x0000000720600000, 0x0000000720600000, 0x0000000720800000|  0%| F|  |TAMS 0x0000000720600000| PB 0x0000000720600000| Untracked |  0
| 260|0x0000000720800000, 0x0000000720800000, 0x0000000720a00000|  0%| F|  |TAMS 0x0000000720800000| PB 0x0000000720800000| Untracked |  0
| 261|0x0000000720a00000, 0x0000000720a00000, 0x0000000720c00000|  0%| F|  |TAMS 0x0000000720a00000| PB 0x0000000720a00000| Untracked |  0
| 262|0x0000000720c00000, 0x0000000720c00000, 0x0000000720e00000|  0%| F|  |TAMS 0x0000000720c00000| PB 0x0000000720c00000| Untracked |  0
| 263|0x0000000720e00000, 0x0000000720e00000, 0x0000000721000000|  0%| F|  |TAMS 0x0000000720e00000| PB 0x0000000720e00000| Untracked |  0
| 264|0x0000000721000000, 0x0000000721000000, 0x0000000721200000|  0%| F|  |TAMS 0x0000000721000000| PB 0x0000000721000000| Untracked |  0
| 265|0x0000000721200000, 0x0000000721200000, 0x0000000721400000|  0%| F|  |TAMS 0x0000000721200000| PB 0x0000000721200000| Untracked |  0
| 266|0x0000000721400000, 0x0000000721400000, 0x0000000721600000|  0%| F|  |TAMS 0x0000000721400000| PB 0x0000000721400000| Untracked |  0
| 267|0x0000000721600000, 0x0000000721600000, 0x0000000721800000|  0%| F|  |TAMS 0x0000000721600000| PB 0x0000000721600000| Untracked |  0
| 268|0x0000000721800000, 0x0000000721800000, 0x0000000721a00000|  0%| F|  |TAMS 0x0000000721800000| PB 0x0000000721800000| Untracked |  0
| 269|0x0000000721a00000, 0x0000000721a00000, 0x0000000721c00000|  0%| F|  |TAMS 0x0000000721a00000| PB 0x0000000721a00000| Untracked |  0
| 270|0x0000000721c00000, 0x0000000721c00000, 0x0000000721e00000|  0%| F|  |TAMS 0x0000000721c00000| PB 0x0000000721c00000| Untracked |  0
| 271|0x0000000721e00000, 0x0000000721e00000, 0x0000000722000000|  0%| F|  |TAMS 0x0000000721e00000| PB 0x0000000721e00000| Untracked |  0
| 272|0x0000000722000000, 0x0000000722000000, 0x0000000722200000|  0%| F|  |TAMS 0x0000000722000000| PB 0x0000000722000000| Untracked |  0
| 273|0x0000000722200000, 0x0000000722200000, 0x0000000722400000|  0%| F|  |TAMS 0x0000000722200000| PB 0x0000000722200000| Untracked |  0
| 274|0x0000000722400000, 0x0000000722400000, 0x0000000722600000|  0%| F|  |TAMS 0x0000000722400000| PB 0x0000000722400000| Untracked |  0
| 275|0x0000000722600000, 0x0000000722600000, 0x0000000722800000|  0%| F|  |TAMS 0x0000000722600000| PB 0x0000000722600000| Untracked |  0
| 276|0x0000000722800000, 0x0000000722800000, 0x0000000722a00000|  0%| F|  |TAMS 0x0000000722800000| PB 0x0000000722800000| Untracked |  0
| 277|0x0000000722a00000, 0x0000000722a00000, 0x0000000722c00000|  0%| F|  |TAMS 0x0000000722a00000| PB 0x0000000722a00000| Untracked |  0
| 278|0x0000000722c00000, 0x0000000722c00000, 0x0000000722e00000|  0%| F|  |TAMS 0x0000000722c00000| PB 0x0000000722c00000| Untracked |  0
| 279|0x0000000722e00000, 0x0000000722e00000, 0x0000000723000000|  0%| F|  |TAMS 0x0000000722e00000| PB 0x0000000722e00000| Untracked |  0
| 280|0x0000000723000000, 0x0000000723000000, 0x0000000723200000|  0%| F|  |TAMS 0x0000000723000000| PB 0x0000000723000000| Untracked |  0
| 281|0x0000000723200000, 0x0000000723200000, 0x0000000723400000|  0%| F|  |TAMS 0x0000000723200000| PB 0x0000000723200000| Untracked |  0
| 282|0x0000000723400000, 0x0000000723400000, 0x0000000723600000|  0%| F|  |TAMS 0x0000000723400000| PB 0x0000000723400000| Untracked |  0
| 283|0x0000000723600000, 0x0000000723600000, 0x0000000723800000|  0%| F|  |TAMS 0x0000000723600000| PB 0x0000000723600000| Untracked |  0
| 284|0x0000000723800000, 0x0000000723800000, 0x0000000723a00000|  0%| F|  |TAMS 0x0000000723800000| PB 0x0000000723800000| Untracked |  0
| 285|0x0000000723a00000, 0x0000000723a00000, 0x0000000723c00000|  0%| F|  |TAMS 0x0000000723a00000| PB 0x0000000723a00000| Untracked |  0
| 286|0x0000000723c00000, 0x0000000723c00000, 0x0000000723e00000|  0%| F|  |TAMS 0x0000000723c00000| PB 0x0000000723c00000| Untracked |  0
| 287|0x0000000723e00000, 0x0000000724000000, 0x0000000724000000|100%|HS|  |TAMS 0x0000000723e00000| PB 0x0000000723e00000| Untracked |  0
| 288|0x0000000724000000, 0x0000000724000000, 0x0000000724200000|  0%| F|  |TAMS 0x0000000724000000| PB 0x0000000724000000| Untracked |  0
| 289|0x0000000724200000, 0x0000000724200000, 0x0000000724400000|  0%| F|  |TAMS 0x0000000724200000| PB 0x0000000724200000| Untracked |  0
| 290|0x0000000724400000, 0x0000000724400000, 0x0000000724600000|  0%| F|  |TAMS 0x0000000724400000| PB 0x0000000724400000| Untracked |  0
| 291|0x0000000724600000, 0x0000000724800000, 0x0000000724800000|100%|HS|  |TAMS 0x0000000724600000| PB 0x0000000724600000| Untracked |  0
| 292|0x0000000724800000, 0x0000000724800000, 0x0000000724a00000|  0%| F|  |TAMS 0x0000000724800000| PB 0x0000000724800000| Untracked |  0
| 293|0x0000000724a00000, 0x0000000724a00000, 0x0000000724c00000|  0%| F|  |TAMS 0x0000000724a00000| PB 0x0000000724a00000| Untracked |  0
| 294|0x0000000724c00000, 0x0000000724c00000, 0x0000000724e00000|  0%| F|  |TAMS 0x0000000724c00000| PB 0x0000000724c00000| Untracked |  0
| 295|0x0000000724e00000, 0x0000000724e00000, 0x0000000725000000|  0%| F|  |TAMS 0x0000000724e00000| PB 0x0000000724e00000| Untracked |  0
| 296|0x0000000725000000, 0x0000000725000000, 0x0000000725200000|  0%| F|  |TAMS 0x0000000725000000| PB 0x0000000725000000| Untracked |  0
| 297|0x0000000725200000, 0x0000000725200000, 0x0000000725400000|  0%| F|  |TAMS 0x0000000725200000| PB 0x0000000725200000| Untracked |  0
| 298|0x0000000725400000, 0x0000000725400000, 0x0000000725600000|  0%| F|  |TAMS 0x0000000725400000| PB 0x0000000725400000| Untracked |  0
| 299|0x0000000725600000, 0x0000000725600000, 0x0000000725800000|  0%| F|  |TAMS 0x0000000725600000| PB 0x0000000725600000| Untracked |  0
| 300|0x0000000725800000, 0x0000000725800000, 0x0000000725a00000|  0%| F|  |TAMS 0x0000000725800000| PB 0x0000000725800000| Untracked |  0
| 301|0x0000000725a00000, 0x0000000725a00000, 0x0000000725c00000|  0%| F|  |TAMS 0x0000000725a00000| PB 0x0000000725a00000| Untracked |  0
| 302|0x0000000725c00000, 0x0000000725c00000, 0x0000000725e00000|  0%| F|  |TAMS 0x0000000725c00000| PB 0x0000000725c00000| Untracked |  0
| 303|0x0000000725e00000, 0x0000000725e00000, 0x0000000726000000|  0%| F|  |TAMS 0x0000000725e00000| PB 0x0000000725e00000| Untracked |  0
| 304|0x0000000726000000, 0x0000000726000000, 0x0000000726200000|  0%| F|  |TAMS 0x0000000726000000| PB 0x0000000726000000| Untracked |  0
| 305|0x0000000726200000, 0x0000000726200000, 0x0000000726400000|  0%| F|  |TAMS 0x0000000726200000| PB 0x0000000726200000| Untracked |  0
| 306|0x0000000726400000, 0x0000000726400000, 0x0000000726600000|  0%| F|  |TAMS 0x0000000726400000| PB 0x0000000726400000| Untracked |  0
| 307|0x0000000726600000, 0x0000000726600000, 0x0000000726800000|  0%| F|  |TAMS 0x0000000726600000| PB 0x0000000726600000| Untracked |  0
| 308|0x0000000726800000, 0x0000000726800000, 0x0000000726a00000|  0%| F|  |TAMS 0x0000000726800000| PB 0x0000000726800000| Untracked |  0
| 309|0x0000000726a00000, 0x0000000726a00000, 0x0000000726c00000|  0%| F|  |TAMS 0x0000000726a00000| PB 0x0000000726a00000| Untracked |  0
| 310|0x0000000726c00000, 0x0000000726c00000, 0x0000000726e00000|  0%| F|  |TAMS 0x0000000726c00000| PB 0x0000000726c00000| Untracked |  0
| 311|0x0000000726e00000, 0x0000000726e00000, 0x0000000727000000|  0%| F|  |TAMS 0x0000000726e00000| PB 0x0000000726e00000| Untracked |  0
| 312|0x0000000727000000, 0x0000000727000000, 0x0000000727200000|  0%| F|  |TAMS 0x0000000727000000| PB 0x0000000727000000| Untracked |  0
| 313|0x0000000727200000, 0x0000000727200000, 0x0000000727400000|  0%| F|  |TAMS 0x0000000727200000| PB 0x0000000727200000| Untracked |  0
| 314|0x0000000727400000, 0x0000000727400000, 0x0000000727600000|  0%| F|  |TAMS 0x0000000727400000| PB 0x0000000727400000| Untracked |  0
| 315|0x0000000727600000, 0x0000000727600000, 0x0000000727800000|  0%| F|  |TAMS 0x0000000727600000| PB 0x0000000727600000| Untracked |  0
| 316|0x0000000727800000, 0x0000000727800000, 0x0000000727a00000|  0%| F|  |TAMS 0x0000000727800000| PB 0x0000000727800000| Untracked |  0
| 317|0x0000000727a00000, 0x0000000727a00000, 0x0000000727c00000|  0%| F|  |TAMS 0x0000000727a00000| PB 0x0000000727a00000| Untracked |  0
| 318|0x0000000727c00000, 0x0000000727c00000, 0x0000000727e00000|  0%| F|  |TAMS 0x0000000727c00000| PB 0x0000000727c00000| Untracked |  0
| 319|0x0000000727e00000, 0x0000000727e00000, 0x0000000728000000|  0%| F|  |TAMS 0x0000000727e00000| PB 0x0000000727e00000| Untracked |  0
| 320|0x0000000728000000, 0x0000000728000000, 0x0000000728200000|  0%| F|  |TAMS 0x0000000728000000| PB 0x0000000728000000| Untracked |  0
| 321|0x0000000728200000, 0x0000000728200000, 0x0000000728400000|  0%| F|  |TAMS 0x0000000728200000| PB 0x0000000728200000| Untracked |  0
| 322|0x0000000728400000, 0x0000000728400000, 0x0000000728600000|  0%| F|  |TAMS 0x0000000728400000| PB 0x0000000728400000| Untracked |  0
| 323|0x0000000728600000, 0x0000000728600000, 0x0000000728800000|  0%| F|  |TAMS 0x0000000728600000| PB 0x0000000728600000| Untracked |  0
| 324|0x0000000728800000, 0x0000000728800000, 0x0000000728a00000|  0%| F|  |TAMS 0x0000000728800000| PB 0x0000000728800000| Untracked |  0
| 325|0x0000000728a00000, 0x0000000728a00000, 0x0000000728c00000|  0%| F|  |TAMS 0x0000000728a00000| PB 0x0000000728a00000| Untracked |  0
| 326|0x0000000728c00000, 0x0000000728c00000, 0x0000000728e00000|  0%| F|  |TAMS 0x0000000728c00000| PB 0x0000000728c00000| Untracked |  0
| 327|0x0000000728e00000, 0x0000000728e00000, 0x0000000729000000|  0%| F|  |TAMS 0x0000000728e00000| PB 0x0000000728e00000| Untracked |  0
| 328|0x0000000729000000, 0x0000000729000000, 0x0000000729200000|  0%| F|  |TAMS 0x0000000729000000| PB 0x0000000729000000| Untracked |  0
| 329|0x0000000729200000, 0x0000000729200000, 0x0000000729400000|  0%| F|  |TAMS 0x0000000729200000| PB 0x0000000729200000| Untracked |  0
| 330|0x0000000729400000, 0x0000000729400000, 0x0000000729600000|  0%| F|  |TAMS 0x0000000729400000| PB 0x0000000729400000| Untracked |  0
| 331|0x0000000729600000, 0x0000000729600000, 0x0000000729800000|  0%| F|  |TAMS 0x0000000729600000| PB 0x0000000729600000| Untracked |  0
| 332|0x0000000729800000, 0x0000000729800000, 0x0000000729a00000|  0%| F|  |TAMS 0x0000000729800000| PB 0x0000000729800000| Untracked |  0
| 333|0x0000000729a00000, 0x0000000729a00000, 0x0000000729c00000|  0%| F|  |TAMS 0x0000000729a00000| PB 0x0000000729a00000| Untracked |  0
| 334|0x0000000729c00000, 0x0000000729c00000, 0x0000000729e00000|  0%| F|  |TAMS 0x0000000729c00000| PB 0x0000000729c00000| Untracked |  0
| 335|0x0000000729e00000, 0x0000000729e00000, 0x000000072a000000|  0%| F|  |TAMS 0x0000000729e00000| PB 0x0000000729e00000| Untracked |  0
| 336|0x000000072a000000, 0x000000072a000000, 0x000000072a200000|  0%| F|  |TAMS 0x000000072a000000| PB 0x000000072a000000| Untracked |  0
| 337|0x000000072a200000, 0x000000072a200000, 0x000000072a400000|  0%| F|  |TAMS 0x000000072a200000| PB 0x000000072a200000| Untracked |  0
| 338|0x000000072a400000, 0x000000072a400000, 0x000000072a600000|  0%| F|  |TAMS 0x000000072a400000| PB 0x000000072a400000| Untracked |  0
| 339|0x000000072a600000, 0x000000072a600000, 0x000000072a800000|  0%| F|  |TAMS 0x000000072a600000| PB 0x000000072a600000| Untracked |  0
| 340|0x000000072a800000, 0x000000072a800000, 0x000000072aa00000|  0%| F|  |TAMS 0x000000072a800000| PB 0x000000072a800000| Untracked |  0
| 341|0x000000072aa00000, 0x000000072aa00000, 0x000000072ac00000|  0%| F|  |TAMS 0x000000072aa00000| PB 0x000000072aa00000| Untracked |  0
| 342|0x000000072ac00000, 0x000000072ac00000, 0x000000072ae00000|  0%| F|  |TAMS 0x000000072ac00000| PB 0x000000072ac00000| Untracked |  0
| 343|0x000000072ae00000, 0x000000072ae00000, 0x000000072b000000|  0%| F|  |TAMS 0x000000072ae00000| PB 0x000000072ae00000| Untracked |  0
| 344|0x000000072b000000, 0x000000072b000000, 0x000000072b200000|  0%| F|  |TAMS 0x000000072b000000| PB 0x000000072b000000| Untracked |  0
| 345|0x000000072b200000, 0x000000072b200000, 0x000000072b400000|  0%| F|  |TAMS 0x000000072b200000| PB 0x000000072b200000| Untracked |  0
| 346|0x000000072b400000, 0x000000072b400000, 0x000000072b600000|  0%| F|  |TAMS 0x000000072b400000| PB 0x000000072b400000| Untracked |  0
| 347|0x000000072b600000, 0x000000072b600000, 0x000000072b800000|  0%| F|  |TAMS 0x000000072b600000| PB 0x000000072b600000| Untracked |  0
| 348|0x000000072b800000, 0x000000072b800000, 0x000000072ba00000|  0%| F|  |TAMS 0x000000072b800000| PB 0x000000072b800000| Untracked |  0
| 349|0x000000072ba00000, 0x000000072ba00000, 0x000000072bc00000|  0%| F|  |TAMS 0x000000072ba00000| PB 0x000000072ba00000| Untracked |  0
| 350|0x000000072bc00000, 0x000000072bc00000, 0x000000072be00000|  0%| F|  |TAMS 0x000000072bc00000| PB 0x000000072bc00000| Untracked |  0
| 351|0x000000072be00000, 0x000000072be00000, 0x000000072c000000|  0%| F|  |TAMS 0x000000072be00000| PB 0x000000072be00000| Untracked |  0
| 352|0x000000072c000000, 0x000000072c000000, 0x000000072c200000|  0%| F|  |TAMS 0x000000072c000000| PB 0x000000072c000000| Untracked |  0
| 353|0x000000072c200000, 0x000000072c200000, 0x000000072c400000|  0%| F|  |TAMS 0x000000072c200000| PB 0x000000072c200000| Untracked |  0
| 354|0x000000072c400000, 0x000000072c400000, 0x000000072c600000|  0%| F|  |TAMS 0x000000072c400000| PB 0x000000072c400000| Untracked |  0
| 355|0x000000072c600000, 0x000000072c600000, 0x000000072c800000|  0%| F|  |TAMS 0x000000072c600000| PB 0x000000072c600000| Untracked |  0
| 356|0x000000072c800000, 0x000000072c800000, 0x000000072ca00000|  0%| F|  |TAMS 0x000000072c800000| PB 0x000000072c800000| Untracked |  0
| 357|0x000000072ca00000, 0x000000072ca00000, 0x000000072cc00000|  0%| F|  |TAMS 0x000000072ca00000| PB 0x000000072ca00000| Untracked |  0
| 358|0x000000072cc00000, 0x000000072cc00000, 0x000000072ce00000|  0%| F|  |TAMS 0x000000072cc00000| PB 0x000000072cc00000| Untracked |  0
| 359|0x000000072ce00000, 0x000000072ce00000, 0x000000072d000000|  0%| F|  |TAMS 0x000000072ce00000| PB 0x000000072ce00000| Untracked |  0
| 360|0x000000072d000000, 0x000000072d000000, 0x000000072d200000|  0%| F|  |TAMS 0x000000072d000000| PB 0x000000072d000000| Untracked |  0
| 361|0x000000072d200000, 0x000000072d200000, 0x000000072d400000|  0%| F|  |TAMS 0x000000072d200000| PB 0x000000072d200000| Untracked |  0
| 362|0x000000072d400000, 0x000000072d400000, 0x000000072d600000|  0%| F|  |TAMS 0x000000072d400000| PB 0x000000072d400000| Untracked |  0
| 363|0x000000072d600000, 0x000000072d600000, 0x000000072d800000|  0%| F|  |TAMS 0x000000072d600000| PB 0x000000072d600000| Untracked |  0
| 364|0x000000072d800000, 0x000000072d800000, 0x000000072da00000|  0%| F|  |TAMS 0x000000072d800000| PB 0x000000072d800000| Untracked |  0
| 365|0x000000072da00000, 0x000000072da00000, 0x000000072dc00000|  0%| F|  |TAMS 0x000000072da00000| PB 0x000000072da00000| Untracked |  0
| 366|0x000000072dc00000, 0x000000072dc00000, 0x000000072de00000|  0%| F|  |TAMS 0x000000072dc00000| PB 0x000000072dc00000| Untracked |  0
| 367|0x000000072de00000, 0x000000072de00000, 0x000000072e000000|  0%| F|  |TAMS 0x000000072de00000| PB 0x000000072de00000| Untracked |  0
| 368|0x000000072e000000, 0x000000072e000000, 0x000000072e200000|  0%| F|  |TAMS 0x000000072e000000| PB 0x000000072e000000| Untracked |  0
| 369|0x000000072e200000, 0x000000072e200000, 0x000000072e400000|  0%| F|  |TAMS 0x000000072e200000| PB 0x000000072e200000| Untracked |  0
| 370|0x000000072e400000, 0x000000072e400000, 0x000000072e600000|  0%| F|  |TAMS 0x000000072e400000| PB 0x000000072e400000| Untracked |  0
| 371|0x000000072e600000, 0x000000072e600000, 0x000000072e800000|  0%| F|  |TAMS 0x000000072e600000| PB 0x000000072e600000| Untracked |  0
| 372|0x000000072e800000, 0x000000072e800000, 0x000000072ea00000|  0%| F|  |TAMS 0x000000072e800000| PB 0x000000072e800000| Untracked |  0
| 373|0x000000072ea00000, 0x000000072ea00000, 0x000000072ec00000|  0%| F|  |TAMS 0x000000072ea00000| PB 0x000000072ea00000| Untracked |  0
| 374|0x000000072ec00000, 0x000000072ec00000, 0x000000072ee00000|  0%| F|  |TAMS 0x000000072ec00000| PB 0x000000072ec00000| Untracked |  0
| 375|0x000000072ee00000, 0x000000072ee00000, 0x000000072f000000|  0%| F|  |TAMS 0x000000072ee00000| PB 0x000000072ee00000| Untracked |  0
| 376|0x000000072f000000, 0x000000072f000000, 0x000000072f200000|  0%| F|  |TAMS 0x000000072f000000| PB 0x000000072f000000| Untracked |  0
| 377|0x000000072f200000, 0x000000072f200000, 0x000000072f400000|  0%| F|  |TAMS 0x000000072f200000| PB 0x000000072f200000| Untracked |  0
| 378|0x000000072f400000, 0x000000072f400000, 0x000000072f600000|  0%| F|  |TAMS 0x000000072f400000| PB 0x000000072f400000| Untracked |  0
| 379|0x000000072f600000, 0x000000072f600000, 0x000000072f800000|  0%| F|  |TAMS 0x000000072f600000| PB 0x000000072f600000| Untracked |  0
| 380|0x000000072f800000, 0x000000072f800000, 0x000000072fa00000|  0%| F|  |TAMS 0x000000072f800000| PB 0x000000072f800000| Untracked |  0
| 381|0x000000072fa00000, 0x000000072fa00000, 0x000000072fc00000|  0%| F|  |TAMS 0x000000072fa00000| PB 0x000000072fa00000| Untracked |  0
| 382|0x000000072fc00000, 0x000000072fc00000, 0x000000072fe00000|  0%| F|  |TAMS 0x000000072fc00000| PB 0x000000072fc00000| Untracked |  0
| 383|0x000000072fe00000, 0x000000072fe00000, 0x0000000730000000|  0%| F|  |TAMS 0x000000072fe00000| PB 0x000000072fe00000| Untracked |  0
| 384|0x0000000730000000, 0x0000000730000000, 0x0000000730200000|  0%| F|  |TAMS 0x0000000730000000| PB 0x0000000730000000| Untracked |  0
| 385|0x0000000730200000, 0x0000000730200000, 0x0000000730400000|  0%| F|  |TAMS 0x0000000730200000| PB 0x0000000730200000| Untracked |  0
| 386|0x0000000730400000, 0x0000000730400000, 0x0000000730600000|  0%| F|  |TAMS 0x0000000730400000| PB 0x0000000730400000| Untracked |  0
| 387|0x0000000730600000, 0x0000000730600000, 0x0000000730800000|  0%| F|  |TAMS 0x0000000730600000| PB 0x0000000730600000| Untracked |  0
| 388|0x0000000730800000, 0x0000000730800000, 0x0000000730a00000|  0%| F|  |TAMS 0x0000000730800000| PB 0x0000000730800000| Untracked |  0
| 389|0x0000000730a00000, 0x0000000730a00000, 0x0000000730c00000|  0%| F|  |TAMS 0x0000000730a00000| PB 0x0000000730a00000| Untracked |  0
| 390|0x0000000730c00000, 0x0000000730c00000, 0x0000000730e00000|  0%| F|  |TAMS 0x0000000730c00000| PB 0x0000000730c00000| Untracked |  0
| 391|0x0000000730e00000, 0x0000000730e00000, 0x0000000731000000|  0%| F|  |TAMS 0x0000000730e00000| PB 0x0000000730e00000| Untracked |  0
| 392|0x0000000731000000, 0x0000000731000000, 0x0000000731200000|  0%| F|  |TAMS 0x0000000731000000| PB 0x0000000731000000| Untracked |  0
| 393|0x0000000731200000, 0x0000000731200000, 0x0000000731400000|  0%| F|  |TAMS 0x0000000731200000| PB 0x0000000731200000| Untracked |  0
| 394|0x0000000731400000, 0x0000000731400000, 0x0000000731600000|  0%| F|  |TAMS 0x0000000731400000| PB 0x0000000731400000| Untracked |  0
| 395|0x0000000731600000, 0x0000000731600000, 0x0000000731800000|  0%| F|  |TAMS 0x0000000731600000| PB 0x0000000731600000| Untracked |  0
| 396|0x0000000731800000, 0x0000000731800000, 0x0000000731a00000|  0%| F|  |TAMS 0x0000000731800000| PB 0x0000000731800000| Untracked |  0
| 397|0x0000000731a00000, 0x0000000731a00000, 0x0000000731c00000|  0%| F|  |TAMS 0x0000000731a00000| PB 0x0000000731a00000| Untracked |  0
| 398|0x0000000731c00000, 0x0000000731c00000, 0x0000000731e00000|  0%| F|  |TAMS 0x0000000731c00000| PB 0x0000000731c00000| Untracked |  0
| 399|0x0000000731e00000, 0x0000000731e00000, 0x0000000732000000|  0%| F|  |TAMS 0x0000000731e00000| PB 0x0000000731e00000| Untracked |  0
| 400|0x0000000732000000, 0x0000000732000000, 0x0000000732200000|  0%| F|  |TAMS 0x0000000732000000| PB 0x0000000732000000| Untracked |  0
| 401|0x0000000732200000, 0x0000000732200000, 0x0000000732400000|  0%| F|  |TAMS 0x0000000732200000| PB 0x0000000732200000| Untracked |  0
| 402|0x0000000732400000, 0x0000000732400000, 0x0000000732600000|  0%| F|  |TAMS 0x0000000732400000| PB 0x0000000732400000| Untracked |  0
| 403|0x0000000732600000, 0x0000000732600000, 0x0000000732800000|  0%| F|  |TAMS 0x0000000732600000| PB 0x0000000732600000| Untracked |  0
| 404|0x0000000732800000, 0x0000000732800000, 0x0000000732a00000|  0%| F|  |TAMS 0x0000000732800000| PB 0x0000000732800000| Untracked |  0
| 405|0x0000000732a00000, 0x0000000732a00000, 0x0000000732c00000|  0%| F|  |TAMS 0x0000000732a00000| PB 0x0000000732a00000| Untracked |  0
| 406|0x0000000732c00000, 0x0000000732c00000, 0x0000000732e00000|  0%| F|  |TAMS 0x0000000732c00000| PB 0x0000000732c00000| Untracked |  0
| 407|0x0000000732e00000, 0x0000000732e00000, 0x0000000733000000|  0%| F|  |TAMS 0x0000000732e00000| PB 0x0000000732e00000| Untracked |  0
| 408|0x0000000733000000, 0x0000000733000000, 0x0000000733200000|  0%| F|  |TAMS 0x0000000733000000| PB 0x0000000733000000| Untracked |  0
| 409|0x0000000733200000, 0x0000000733200000, 0x0000000733400000|  0%| F|  |TAMS 0x0000000733200000| PB 0x0000000733200000| Untracked |  0
| 410|0x0000000733400000, 0x0000000733400000, 0x0000000733600000|  0%| F|  |TAMS 0x0000000733400000| PB 0x0000000733400000| Untracked |  0
| 411|0x0000000733600000, 0x0000000733600000, 0x0000000733800000|  0%| F|  |TAMS 0x0000000733600000| PB 0x0000000733600000| Untracked |  0
| 412|0x0000000733800000, 0x0000000733800000, 0x0000000733a00000|  0%| F|  |TAMS 0x0000000733800000| PB 0x0000000733800000| Untracked |  0
| 413|0x0000000733a00000, 0x0000000733a00000, 0x0000000733c00000|  0%| F|  |TAMS 0x0000000733a00000| PB 0x0000000733a00000| Untracked |  0
| 414|0x0000000733c00000, 0x0000000733c00000, 0x0000000733e00000|  0%| F|  |TAMS 0x0000000733c00000| PB 0x0000000733c00000| Untracked |  0
| 415|0x0000000733e00000, 0x0000000733e00000, 0x0000000734000000|  0%| F|  |TAMS 0x0000000733e00000| PB 0x0000000733e00000| Untracked |  0
| 416|0x0000000734000000, 0x0000000734000000, 0x0000000734200000|  0%| F|  |TAMS 0x0000000734000000| PB 0x0000000734000000| Untracked |  0
| 417|0x0000000734200000, 0x0000000734200000, 0x0000000734400000|  0%| F|  |TAMS 0x0000000734200000| PB 0x0000000734200000| Untracked |  0
| 418|0x0000000734400000, 0x0000000734400000, 0x0000000734600000|  0%| F|  |TAMS 0x0000000734400000| PB 0x0000000734400000| Untracked |  0
| 419|0x0000000734600000, 0x0000000734600000, 0x0000000734800000|  0%| F|  |TAMS 0x0000000734600000| PB 0x0000000734600000| Untracked |  0
| 420|0x0000000734800000, 0x0000000734800000, 0x0000000734a00000|  0%| F|  |TAMS 0x0000000734800000| PB 0x0000000734800000| Untracked |  0
| 421|0x0000000734a00000, 0x0000000734a00000, 0x0000000734c00000|  0%| F|  |TAMS 0x0000000734a00000| PB 0x0000000734a00000| Untracked |  0
| 422|0x0000000734c00000, 0x0000000734c00000, 0x0000000734e00000|  0%| F|  |TAMS 0x0000000734c00000| PB 0x0000000734c00000| Untracked |  0
| 423|0x0000000734e00000, 0x0000000734e00000, 0x0000000735000000|  0%| F|  |TAMS 0x0000000734e00000| PB 0x0000000734e00000| Untracked |  0
| 424|0x0000000735000000, 0x0000000735000000, 0x0000000735200000|  0%| F|  |TAMS 0x0000000735000000| PB 0x0000000735000000| Untracked |  0
| 425|0x0000000735200000, 0x0000000735200000, 0x0000000735400000|  0%| F|  |TAMS 0x0000000735200000| PB 0x0000000735200000| Untracked |  0
| 426|0x0000000735400000, 0x0000000735400000, 0x0000000735600000|  0%| F|  |TAMS 0x0000000735400000| PB 0x0000000735400000| Untracked |  0
| 427|0x0000000735600000, 0x0000000735600000, 0x0000000735800000|  0%| F|  |TAMS 0x0000000735600000| PB 0x0000000735600000| Untracked |  0
| 428|0x0000000735800000, 0x0000000735800000, 0x0000000735a00000|  0%| F|  |TAMS 0x0000000735800000| PB 0x0000000735800000| Untracked |  0
| 429|0x0000000735a00000, 0x0000000735a00000, 0x0000000735c00000|  0%| F|  |TAMS 0x0000000735a00000| PB 0x0000000735a00000| Untracked |  0
| 430|0x0000000735c00000, 0x0000000735c00000, 0x0000000735e00000|  0%| F|  |TAMS 0x0000000735c00000| PB 0x0000000735c00000| Untracked |  0
| 431|0x0000000735e00000, 0x0000000735e00000, 0x0000000736000000|  0%| F|  |TAMS 0x0000000735e00000| PB 0x0000000735e00000| Untracked |  0
| 432|0x0000000736000000, 0x0000000736000000, 0x0000000736200000|  0%| F|  |TAMS 0x0000000736000000| PB 0x0000000736000000| Untracked |  0
| 433|0x0000000736200000, 0x0000000736200000, 0x0000000736400000|  0%| F|  |TAMS 0x0000000736200000| PB 0x0000000736200000| Untracked |  0
| 434|0x0000000736400000, 0x0000000736400000, 0x0000000736600000|  0%| F|  |TAMS 0x0000000736400000| PB 0x0000000736400000| Untracked |  0
| 435|0x0000000736600000, 0x0000000736600000, 0x0000000736800000|  0%| F|  |TAMS 0x0000000736600000| PB 0x0000000736600000| Untracked |  0
| 436|0x0000000736800000, 0x0000000736800000, 0x0000000736a00000|  0%| F|  |TAMS 0x0000000736800000| PB 0x0000000736800000| Untracked |  0
| 437|0x0000000736a00000, 0x0000000736a00000, 0x0000000736c00000|  0%| F|  |TAMS 0x0000000736a00000| PB 0x0000000736a00000| Untracked |  0
| 438|0x0000000736c00000, 0x0000000736c00000, 0x0000000736e00000|  0%| F|  |TAMS 0x0000000736c00000| PB 0x0000000736c00000| Untracked |  0
| 439|0x0000000736e00000, 0x0000000736e00000, 0x0000000737000000|  0%| F|  |TAMS 0x0000000736e00000| PB 0x0000000736e00000| Untracked |  0
| 440|0x0000000737000000, 0x0000000737000000, 0x0000000737200000|  0%| F|  |TAMS 0x0000000737000000| PB 0x0000000737000000| Untracked |  0
| 441|0x0000000737200000, 0x0000000737200000, 0x0000000737400000|  0%| F|  |TAMS 0x0000000737200000| PB 0x0000000737200000| Untracked |  0
| 442|0x0000000737400000, 0x0000000737400000, 0x0000000737600000|  0%| F|  |TAMS 0x0000000737400000| PB 0x0000000737400000| Untracked |  0
| 443|0x0000000737600000, 0x0000000737600000, 0x0000000737800000|  0%| F|  |TAMS 0x0000000737600000| PB 0x0000000737600000| Untracked |  0
| 444|0x0000000737800000, 0x0000000737800000, 0x0000000737a00000|  0%| F|  |TAMS 0x0000000737800000| PB 0x0000000737800000| Untracked |  0
| 445|0x0000000737a00000, 0x0000000737a00000, 0x0000000737c00000|  0%| F|  |TAMS 0x0000000737a00000| PB 0x0000000737a00000| Untracked |  0
| 446|0x0000000737c00000, 0x0000000737c00000, 0x0000000737e00000|  0%| F|  |TAMS 0x0000000737c00000| PB 0x0000000737c00000| Untracked |  0
| 447|0x0000000737e00000, 0x0000000737e00000, 0x0000000738000000|  0%| F|  |TAMS 0x0000000737e00000| PB 0x0000000737e00000| Untracked |  0
| 448|0x0000000738000000, 0x0000000738000000, 0x0000000738200000|  0%| F|  |TAMS 0x0000000738000000| PB 0x0000000738000000| Untracked |  0
| 449|0x0000000738200000, 0x0000000738200000, 0x0000000738400000|  0%| F|  |TAMS 0x0000000738200000| PB 0x0000000738200000| Untracked |  0
| 450|0x0000000738400000, 0x0000000738400000, 0x0000000738600000|  0%| F|  |TAMS 0x0000000738400000| PB 0x0000000738400000| Untracked |  0
| 451|0x0000000738600000, 0x0000000738600000, 0x0000000738800000|  0%| F|  |TAMS 0x0000000738600000| PB 0x0000000738600000| Untracked |  0
| 452|0x0000000738800000, 0x0000000738800000, 0x0000000738a00000|  0%| F|  |TAMS 0x0000000738800000| PB 0x0000000738800000| Untracked |  0
| 453|0x0000000738a00000, 0x0000000738a00000, 0x0000000738c00000|  0%| F|  |TAMS 0x0000000738a00000| PB 0x0000000738a00000| Untracked |  0
| 454|0x0000000738c00000, 0x0000000738c00000, 0x0000000738e00000|  0%| F|  |TAMS 0x0000000738c00000| PB 0x0000000738c00000| Untracked |  0
| 455|0x0000000738e00000, 0x0000000738e00000, 0x0000000739000000|  0%| F|  |TAMS 0x0000000738e00000| PB 0x0000000738e00000| Untracked |  0
| 456|0x0000000739000000, 0x0000000739000000, 0x0000000739200000|  0%| F|  |TAMS 0x0000000739000000| PB 0x0000000739000000| Untracked |  0
| 457|0x0000000739200000, 0x0000000739200000, 0x0000000739400000|  0%| F|  |TAMS 0x0000000739200000| PB 0x0000000739200000| Untracked |  0
| 458|0x0000000739400000, 0x0000000739400000, 0x0000000739600000|  0%| F|  |TAMS 0x0000000739400000| PB 0x0000000739400000| Untracked |  0
| 459|0x0000000739600000, 0x0000000739600000, 0x0000000739800000|  0%| F|  |TAMS 0x0000000739600000| PB 0x0000000739600000| Untracked |  0
| 460|0x0000000739800000, 0x0000000739800000, 0x0000000739a00000|  0%| F|  |TAMS 0x0000000739800000| PB 0x0000000739800000| Untracked |  0
| 461|0x0000000739a00000, 0x0000000739a00000, 0x0000000739c00000|  0%| F|  |TAMS 0x0000000739a00000| PB 0x0000000739a00000| Untracked |  0
| 462|0x0000000739c00000, 0x0000000739c00000, 0x0000000739e00000|  0%| F|  |TAMS 0x0000000739c00000| PB 0x0000000739c00000| Untracked |  0
| 463|0x0000000739e00000, 0x0000000739e00000, 0x000000073a000000|  0%| F|  |TAMS 0x0000000739e00000| PB 0x0000000739e00000| Untracked |  0
| 464|0x000000073a000000, 0x000000073a000000, 0x000000073a200000|  0%| F|  |TAMS 0x000000073a000000| PB 0x000000073a000000| Untracked |  0
| 465|0x000000073a200000, 0x000000073a200000, 0x000000073a400000|  0%| F|  |TAMS 0x000000073a200000| PB 0x000000073a200000| Untracked |  0
| 466|0x000000073a400000, 0x000000073a400000, 0x000000073a600000|  0%| F|  |TAMS 0x000000073a400000| PB 0x000000073a400000| Untracked |  0
| 467|0x000000073a600000, 0x000000073a600000, 0x000000073a800000|  0%| F|  |TAMS 0x000000073a600000| PB 0x000000073a600000| Untracked |  0
| 468|0x000000073a800000, 0x000000073a800000, 0x000000073aa00000|  0%| F|  |TAMS 0x000000073a800000| PB 0x000000073a800000| Untracked |  0
| 469|0x000000073aa00000, 0x000000073aa00000, 0x000000073ac00000|  0%| F|  |TAMS 0x000000073aa00000| PB 0x000000073aa00000| Untracked |  0
| 470|0x000000073ac00000, 0x000000073ac00000, 0x000000073ae00000|  0%| F|  |TAMS 0x000000073ac00000| PB 0x000000073ac00000| Untracked |  0
| 471|0x000000073ae00000, 0x000000073ae00000, 0x000000073b000000|  0%| F|  |TAMS 0x000000073ae00000| PB 0x000000073ae00000| Untracked |  0
| 472|0x000000073b000000, 0x000000073b000000, 0x000000073b200000|  0%| F|  |TAMS 0x000000073b000000| PB 0x000000073b000000| Untracked |  0
| 473|0x000000073b200000, 0x000000073b200000, 0x000000073b400000|  0%| F|  |TAMS 0x000000073b200000| PB 0x000000073b200000| Untracked |  0
| 474|0x000000073b400000, 0x000000073b400000, 0x000000073b600000|  0%| F|  |TAMS 0x000000073b400000| PB 0x000000073b400000| Untracked |  0
| 475|0x000000073b600000, 0x000000073b600000, 0x000000073b800000|  0%| F|  |TAMS 0x000000073b600000| PB 0x000000073b600000| Untracked |  0
| 476|0x000000073b800000, 0x000000073b800000, 0x000000073ba00000|  0%| F|  |TAMS 0x000000073b800000| PB 0x000000073b800000| Untracked |  0
| 477|0x000000073ba00000, 0x000000073ba00000, 0x000000073bc00000|  0%| F|  |TAMS 0x000000073ba00000| PB 0x000000073ba00000| Untracked |  0
| 478|0x000000073bc00000, 0x000000073bc00000, 0x000000073be00000|  0%| F|  |TAMS 0x000000073bc00000| PB 0x000000073bc00000| Untracked |  0
| 479|0x000000073be00000, 0x000000073be00000, 0x000000073c000000|  0%| F|  |TAMS 0x000000073be00000| PB 0x000000073be00000| Untracked |  0
| 480|0x000000073c000000, 0x000000073c000000, 0x000000073c200000|  0%| F|  |TAMS 0x000000073c000000| PB 0x000000073c000000| Untracked |  0
| 481|0x000000073c200000, 0x000000073c200000, 0x000000073c400000|  0%| F|  |TAMS 0x000000073c200000| PB 0x000000073c200000| Untracked |  0
| 482|0x000000073c400000, 0x000000073c400000, 0x000000073c600000|  0%| F|  |TAMS 0x000000073c400000| PB 0x000000073c400000| Untracked |  0
| 483|0x000000073c600000, 0x000000073c600000, 0x000000073c800000|  0%| F|  |TAMS 0x000000073c600000| PB 0x000000073c600000| Untracked |  0
| 484|0x000000073c800000, 0x000000073c800000, 0x000000073ca00000|  0%| F|  |TAMS 0x000000073c800000| PB 0x000000073c800000| Untracked |  0
| 485|0x000000073ca00000, 0x000000073ca00000, 0x000000073cc00000|  0%| F|  |TAMS 0x000000073ca00000| PB 0x000000073ca00000| Untracked |  0
| 486|0x000000073cc00000, 0x000000073cc00000, 0x000000073ce00000|  0%| F|  |TAMS 0x000000073cc00000| PB 0x000000073cc00000| Untracked |  0
| 487|0x000000073ce00000, 0x000000073ce00000, 0x000000073d000000|  0%| F|  |TAMS 0x000000073ce00000| PB 0x000000073ce00000| Untracked |  0
| 488|0x000000073d000000, 0x000000073d000000, 0x000000073d200000|  0%| F|  |TAMS 0x000000073d000000| PB 0x000000073d000000| Untracked |  0
| 489|0x000000073d200000, 0x000000073d200000, 0x000000073d400000|  0%| F|  |TAMS 0x000000073d200000| PB 0x000000073d200000| Untracked |  0
| 490|0x000000073d400000, 0x000000073d400000, 0x000000073d600000|  0%| F|  |TAMS 0x000000073d400000| PB 0x000000073d400000| Untracked |  0
| 491|0x000000073d600000, 0x000000073d600000, 0x000000073d800000|  0%| F|  |TAMS 0x000000073d600000| PB 0x000000073d600000| Untracked |  0
| 492|0x000000073d800000, 0x000000073d800000, 0x000000073da00000|  0%| F|  |TAMS 0x000000073d800000| PB 0x000000073d800000| Untracked |  0
| 493|0x000000073da00000, 0x000000073da00000, 0x000000073dc00000|  0%| F|  |TAMS 0x000000073da00000| PB 0x000000073da00000| Untracked |  0
| 494|0x000000073dc00000, 0x000000073dc00000, 0x000000073de00000|  0%| F|  |TAMS 0x000000073dc00000| PB 0x000000073dc00000| Untracked |  0
| 495|0x000000073de00000, 0x000000073de00000, 0x000000073e000000|  0%| F|  |TAMS 0x000000073de00000| PB 0x000000073de00000| Untracked |  0
| 496|0x000000073e000000, 0x000000073e000000, 0x000000073e200000|  0%| F|  |TAMS 0x000000073e000000| PB 0x000000073e000000| Untracked |  0
| 497|0x000000073e200000, 0x000000073e200000, 0x000000073e400000|  0%| F|  |TAMS 0x000000073e200000| PB 0x000000073e200000| Untracked |  0
| 498|0x000000073e400000, 0x000000073e400000, 0x000000073e600000|  0%| F|  |TAMS 0x000000073e400000| PB 0x000000073e400000| Untracked |  0
| 499|0x000000073e600000, 0x000000073e600000, 0x000000073e800000|  0%| F|  |TAMS 0x000000073e600000| PB 0x000000073e600000| Untracked |  0
| 500|0x000000073e800000, 0x000000073e800000, 0x000000073ea00000|  0%| F|  |TAMS 0x000000073e800000| PB 0x000000073e800000| Untracked |  0
| 501|0x000000073ea00000, 0x000000073ea00000, 0x000000073ec00000|  0%| F|  |TAMS 0x000000073ea00000| PB 0x000000073ea00000| Untracked |  0
| 502|0x000000073ec00000, 0x000000073ec00000, 0x000000073ee00000|  0%| F|  |TAMS 0x000000073ec00000| PB 0x000000073ec00000| Untracked |  0
| 503|0x000000073ee00000, 0x000000073ee00000, 0x000000073f000000|  0%| F|  |TAMS 0x000000073ee00000| PB 0x000000073ee00000| Untracked |  0
| 504|0x000000073f000000, 0x000000073f000000, 0x000000073f200000|  0%| F|  |TAMS 0x000000073f000000| PB 0x000000073f000000| Untracked |  0
| 505|0x000000073f200000, 0x000000073f200000, 0x000000073f400000|  0%| F|  |TAMS 0x000000073f200000| PB 0x000000073f200000| Untracked |  0
| 506|0x000000073f400000, 0x000000073f400000, 0x000000073f600000|  0%| F|  |TAMS 0x000000073f400000| PB 0x000000073f400000| Untracked |  0
| 507|0x000000073f600000, 0x000000073f600000, 0x000000073f800000|  0%| F|  |TAMS 0x000000073f600000| PB 0x000000073f600000| Untracked |  0
| 508|0x000000073f800000, 0x000000073f800000, 0x000000073fa00000|  0%| F|  |TAMS 0x000000073f800000| PB 0x000000073f800000| Untracked |  0
| 509|0x000000073fa00000, 0x000000073fa00000, 0x000000073fc00000|  0%| F|  |TAMS 0x000000073fa00000| PB 0x000000073fa00000| Untracked |  0
| 510|0x000000073fc00000, 0x000000073fc00000, 0x000000073fe00000|  0%| F|  |TAMS 0x000000073fc00000| PB 0x000000073fc00000| Untracked |  0
| 511|0x000000073fe00000, 0x000000073fe00000, 0x0000000740000000|  0%| F|  |TAMS 0x000000073fe00000| PB 0x000000073fe00000| Untracked |  0
| 512|0x0000000740000000, 0x0000000740000000, 0x0000000740200000|  0%| F|  |TAMS 0x0000000740000000| PB 0x0000000740000000| Untracked |  0
| 513|0x0000000740200000, 0x0000000740200000, 0x0000000740400000|  0%| F|  |TAMS 0x0000000740200000| PB 0x0000000740200000| Untracked |  0
| 514|0x0000000740400000, 0x0000000740400000, 0x0000000740600000|  0%| F|  |TAMS 0x0000000740400000| PB 0x0000000740400000| Untracked |  0
| 515|0x0000000740600000, 0x0000000740600000, 0x0000000740800000|  0%| F|  |TAMS 0x0000000740600000| PB 0x0000000740600000| Untracked |  0
| 516|0x0000000740800000, 0x0000000740800000, 0x0000000740a00000|  0%| F|  |TAMS 0x0000000740800000| PB 0x0000000740800000| Untracked |  0
| 517|0x0000000740a00000, 0x0000000740a00000, 0x0000000740c00000|  0%| F|  |TAMS 0x0000000740a00000| PB 0x0000000740a00000| Untracked |  0
| 518|0x0000000740c00000, 0x0000000740c00000, 0x0000000740e00000|  0%| F|  |TAMS 0x0000000740c00000| PB 0x0000000740c00000| Untracked |  0
| 519|0x0000000740e00000, 0x0000000740e00000, 0x0000000741000000|  0%| F|  |TAMS 0x0000000740e00000| PB 0x0000000740e00000| Untracked |  0
| 520|0x0000000741000000, 0x0000000741000000, 0x0000000741200000|  0%| F|  |TAMS 0x0000000741000000| PB 0x0000000741000000| Untracked |  0
| 521|0x0000000741200000, 0x0000000741200000, 0x0000000741400000|  0%| F|  |TAMS 0x0000000741200000| PB 0x0000000741200000| Untracked |  0
| 522|0x0000000741400000, 0x0000000741400000, 0x0000000741600000|  0%| F|  |TAMS 0x0000000741400000| PB 0x0000000741400000| Untracked |  0
| 523|0x0000000741600000, 0x0000000741600000, 0x0000000741800000|  0%| F|  |TAMS 0x0000000741600000| PB 0x0000000741600000| Untracked |  0
| 524|0x0000000741800000, 0x0000000741800000, 0x0000000741a00000|  0%| F|  |TAMS 0x0000000741800000| PB 0x0000000741800000| Untracked |  0
| 525|0x0000000741a00000, 0x0000000741a00000, 0x0000000741c00000|  0%| F|  |TAMS 0x0000000741a00000| PB 0x0000000741a00000| Untracked |  0
| 526|0x0000000741c00000, 0x0000000741c00000, 0x0000000741e00000|  0%| F|  |TAMS 0x0000000741c00000| PB 0x0000000741c00000| Untracked |  0
| 527|0x0000000741e00000, 0x0000000741e00000, 0x0000000742000000|  0%| F|  |TAMS 0x0000000741e00000| PB 0x0000000741e00000| Untracked |  0
| 528|0x0000000742000000, 0x0000000742000000, 0x0000000742200000|  0%| F|  |TAMS 0x0000000742000000| PB 0x0000000742000000| Untracked |  0
| 529|0x0000000742200000, 0x0000000742200000, 0x0000000742400000|  0%| F|  |TAMS 0x0000000742200000| PB 0x0000000742200000| Untracked |  0
| 530|0x0000000742400000, 0x0000000742400000, 0x0000000742600000|  0%| F|  |TAMS 0x0000000742400000| PB 0x0000000742400000| Untracked |  0
| 531|0x0000000742600000, 0x0000000742600000, 0x0000000742800000|  0%| F|  |TAMS 0x0000000742600000| PB 0x0000000742600000| Untracked |  0
| 532|0x0000000742800000, 0x0000000742800000, 0x0000000742a00000|  0%| F|  |TAMS 0x0000000742800000| PB 0x0000000742800000| Untracked |  0
| 533|0x0000000742a00000, 0x0000000742a00000, 0x0000000742c00000|  0%| F|  |TAMS 0x0000000742a00000| PB 0x0000000742a00000| Untracked |  0
| 534|0x0000000742c00000, 0x0000000742c00000, 0x0000000742e00000|  0%| F|  |TAMS 0x0000000742c00000| PB 0x0000000742c00000| Untracked |  0
| 535|0x0000000742e00000, 0x0000000742e00000, 0x0000000743000000|  0%| F|  |TAMS 0x0000000742e00000| PB 0x0000000742e00000| Untracked |  0
| 536|0x0000000743000000, 0x0000000743000000, 0x0000000743200000|  0%| F|  |TAMS 0x0000000743000000| PB 0x0000000743000000| Untracked |  0
| 537|0x0000000743200000, 0x0000000743200000, 0x0000000743400000|  0%| F|  |TAMS 0x0000000743200000| PB 0x0000000743200000| Untracked |  0
| 538|0x0000000743400000, 0x0000000743400000, 0x0000000743600000|  0%| F|  |TAMS 0x0000000743400000| PB 0x0000000743400000| Untracked |  0
| 539|0x0000000743600000, 0x0000000743600000, 0x0000000743800000|  0%| F|  |TAMS 0x0000000743600000| PB 0x0000000743600000| Untracked |  0
| 540|0x0000000743800000, 0x0000000743800000, 0x0000000743a00000|  0%| F|  |TAMS 0x0000000743800000| PB 0x0000000743800000| Untracked |  0
| 541|0x0000000743a00000, 0x0000000743a00000, 0x0000000743c00000|  0%| F|  |TAMS 0x0000000743a00000| PB 0x0000000743a00000| Untracked |  0
| 542|0x0000000743c00000, 0x0000000743c00000, 0x0000000743e00000|  0%| F|  |TAMS 0x0000000743c00000| PB 0x0000000743c00000| Untracked |  0
| 543|0x0000000743e00000, 0x0000000743e00000, 0x0000000744000000|  0%| F|  |TAMS 0x0000000743e00000| PB 0x0000000743e00000| Untracked |  0
| 544|0x0000000744000000, 0x0000000744000000, 0x0000000744200000|  0%| F|  |TAMS 0x0000000744000000| PB 0x0000000744000000| Untracked |  0
| 545|0x0000000744200000, 0x0000000744200000, 0x0000000744400000|  0%| F|  |TAMS 0x0000000744200000| PB 0x0000000744200000| Untracked |  0
| 546|0x0000000744400000, 0x0000000744400000, 0x0000000744600000|  0%| F|  |TAMS 0x0000000744400000| PB 0x0000000744400000| Untracked |  0
| 547|0x0000000744600000, 0x0000000744600000, 0x0000000744800000|  0%| F|  |TAMS 0x0000000744600000| PB 0x0000000744600000| Untracked |  0
| 548|0x0000000744800000, 0x0000000744800000, 0x0000000744a00000|  0%| F|  |TAMS 0x0000000744800000| PB 0x0000000744800000| Untracked |  0
| 549|0x0000000744a00000, 0x0000000744a00000, 0x0000000744c00000|  0%| F|  |TAMS 0x0000000744a00000| PB 0x0000000744a00000| Untracked |  0
| 550|0x0000000744c00000, 0x0000000744c00000, 0x0000000744e00000|  0%| F|  |TAMS 0x0000000744c00000| PB 0x0000000744c00000| Untracked |  0
| 551|0x0000000744e00000, 0x0000000744e00000, 0x0000000745000000|  0%| F|  |TAMS 0x0000000744e00000| PB 0x0000000744e00000| Untracked |  0
| 552|0x0000000745000000, 0x0000000745000000, 0x0000000745200000|  0%| F|  |TAMS 0x0000000745000000| PB 0x0000000745000000| Untracked |  0
| 553|0x0000000745200000, 0x0000000745200000, 0x0000000745400000|  0%| F|  |TAMS 0x0000000745200000| PB 0x0000000745200000| Untracked |  0
| 554|0x0000000745400000, 0x0000000745400000, 0x0000000745600000|  0%| F|  |TAMS 0x0000000745400000| PB 0x0000000745400000| Untracked |  0
| 555|0x0000000745600000, 0x0000000745600000, 0x0000000745800000|  0%| F|  |TAMS 0x0000000745600000| PB 0x0000000745600000| Untracked |  0
| 556|0x0000000745800000, 0x0000000745800000, 0x0000000745a00000|  0%| F|  |TAMS 0x0000000745800000| PB 0x0000000745800000| Untracked |  0
| 557|0x0000000745a00000, 0x0000000745a00000, 0x0000000745c00000|  0%| F|  |TAMS 0x0000000745a00000| PB 0x0000000745a00000| Untracked |  0
| 558|0x0000000745c00000, 0x0000000745c00000, 0x0000000745e00000|  0%| F|  |TAMS 0x0000000745c00000| PB 0x0000000745c00000| Untracked |  0
| 559|0x0000000745e00000, 0x0000000745e00000, 0x0000000746000000|  0%| F|  |TAMS 0x0000000745e00000| PB 0x0000000745e00000| Untracked |  0
| 560|0x0000000746000000, 0x0000000746000000, 0x0000000746200000|  0%| F|  |TAMS 0x0000000746000000| PB 0x0000000746000000| Untracked |  0
| 561|0x0000000746200000, 0x0000000746200000, 0x0000000746400000|  0%| F|  |TAMS 0x0000000746200000| PB 0x0000000746200000| Untracked |  0
| 562|0x0000000746400000, 0x0000000746400000, 0x0000000746600000|  0%| F|  |TAMS 0x0000000746400000| PB 0x0000000746400000| Untracked |  0
| 563|0x0000000746600000, 0x0000000746600000, 0x0000000746800000|  0%| F|  |TAMS 0x0000000746600000| PB 0x0000000746600000| Untracked |  0
| 564|0x0000000746800000, 0x0000000746800000, 0x0000000746a00000|  0%| F|  |TAMS 0x0000000746800000| PB 0x0000000746800000| Untracked |  0
| 565|0x0000000746a00000, 0x0000000746a00000, 0x0000000746c00000|  0%| F|  |TAMS 0x0000000746a00000| PB 0x0000000746a00000| Untracked |  0
| 566|0x0000000746c00000, 0x0000000746c00000, 0x0000000746e00000|  0%| F|  |TAMS 0x0000000746c00000| PB 0x0000000746c00000| Untracked |  0
| 567|0x0000000746e00000, 0x0000000746e00000, 0x0000000747000000|  0%| F|  |TAMS 0x0000000746e00000| PB 0x0000000746e00000| Untracked |  0
| 568|0x0000000747000000, 0x0000000747000000, 0x0000000747200000|  0%| F|  |TAMS 0x0000000747000000| PB 0x0000000747000000| Untracked |  0
| 569|0x0000000747200000, 0x0000000747200000, 0x0000000747400000|  0%| F|  |TAMS 0x0000000747200000| PB 0x0000000747200000| Untracked |  0
| 570|0x0000000747400000, 0x0000000747400000, 0x0000000747600000|  0%| F|  |TAMS 0x0000000747400000| PB 0x0000000747400000| Untracked |  0
| 571|0x0000000747600000, 0x0000000747600000, 0x0000000747800000|  0%| F|  |TAMS 0x0000000747600000| PB 0x0000000747600000| Untracked |  0
| 572|0x0000000747800000, 0x0000000747800000, 0x0000000747a00000|  0%| F|  |TAMS 0x0000000747800000| PB 0x0000000747800000| Untracked |  0
| 573|0x0000000747a00000, 0x0000000747a00000, 0x0000000747c00000|  0%| F|  |TAMS 0x0000000747a00000| PB 0x0000000747a00000| Untracked |  0
| 574|0x0000000747c00000, 0x0000000747c00000, 0x0000000747e00000|  0%| F|  |TAMS 0x0000000747c00000| PB 0x0000000747c00000| Untracked |  0
| 575|0x0000000747e00000, 0x0000000747e00000, 0x0000000748000000|  0%| F|  |TAMS 0x0000000747e00000| PB 0x0000000747e00000| Untracked |  0
| 576|0x0000000748000000, 0x0000000748000000, 0x0000000748200000|  0%| F|  |TAMS 0x0000000748000000| PB 0x0000000748000000| Untracked |  0
| 577|0x0000000748200000, 0x0000000748200000, 0x0000000748400000|  0%| F|  |TAMS 0x0000000748200000| PB 0x0000000748200000| Untracked |  0
| 578|0x0000000748400000, 0x0000000748400000, 0x0000000748600000|  0%| F|  |TAMS 0x0000000748400000| PB 0x0000000748400000| Untracked |  0
| 579|0x0000000748600000, 0x0000000748600000, 0x0000000748800000|  0%| F|  |TAMS 0x0000000748600000| PB 0x0000000748600000| Untracked |  0
| 580|0x0000000748800000, 0x0000000748800000, 0x0000000748a00000|  0%| F|  |TAMS 0x0000000748800000| PB 0x0000000748800000| Untracked |  0
| 581|0x0000000748a00000, 0x0000000748a00000, 0x0000000748c00000|  0%| F|  |TAMS 0x0000000748a00000| PB 0x0000000748a00000| Untracked |  0
| 582|0x0000000748c00000, 0x0000000748c00000, 0x0000000748e00000|  0%| F|  |TAMS 0x0000000748c00000| PB 0x0000000748c00000| Untracked |  0
| 583|0x0000000748e00000, 0x0000000748e00000, 0x0000000749000000|  0%| F|  |TAMS 0x0000000748e00000| PB 0x0000000748e00000| Untracked |  0
| 584|0x0000000749000000, 0x0000000749000000, 0x0000000749200000|  0%| F|  |TAMS 0x0000000749000000| PB 0x0000000749000000| Untracked |  0
| 585|0x0000000749200000, 0x0000000749200000, 0x0000000749400000|  0%| F|  |TAMS 0x0000000749200000| PB 0x0000000749200000| Untracked |  0
| 586|0x0000000749400000, 0x0000000749400000, 0x0000000749600000|  0%| F|  |TAMS 0x0000000749400000| PB 0x0000000749400000| Untracked |  0
| 587|0x0000000749600000, 0x0000000749600000, 0x0000000749800000|  0%| F|  |TAMS 0x0000000749600000| PB 0x0000000749600000| Untracked |  0
| 588|0x0000000749800000, 0x0000000749800000, 0x0000000749a00000|  0%| F|  |TAMS 0x0000000749800000| PB 0x0000000749800000| Untracked |  0
| 589|0x0000000749a00000, 0x0000000749a00000, 0x0000000749c00000|  0%| F|  |TAMS 0x0000000749a00000| PB 0x0000000749a00000| Untracked |  0
| 590|0x0000000749c00000, 0x0000000749c00000, 0x0000000749e00000|  0%| F|  |TAMS 0x0000000749c00000| PB 0x0000000749c00000| Untracked |  0
| 591|0x0000000749e00000, 0x0000000749e00000, 0x000000074a000000|  0%| F|  |TAMS 0x0000000749e00000| PB 0x0000000749e00000| Untracked |  0
| 592|0x000000074a000000, 0x000000074a000000, 0x000000074a200000|  0%| F|  |TAMS 0x000000074a000000| PB 0x000000074a000000| Untracked |  0
| 593|0x000000074a200000, 0x000000074a200000, 0x000000074a400000|  0%| F|  |TAMS 0x000000074a200000| PB 0x000000074a200000| Untracked |  0
| 594|0x000000074a400000, 0x000000074a400000, 0x000000074a600000|  0%| F|  |TAMS 0x000000074a400000| PB 0x000000074a400000| Untracked |  0
| 595|0x000000074a600000, 0x000000074a600000, 0x000000074a800000|  0%| F|  |TAMS 0x000000074a600000| PB 0x000000074a600000| Untracked |  0
| 596|0x000000074a800000, 0x000000074a800000, 0x000000074aa00000|  0%| F|  |TAMS 0x000000074a800000| PB 0x000000074a800000| Untracked |  0
| 597|0x000000074aa00000, 0x000000074aa00000, 0x000000074ac00000|  0%| F|  |TAMS 0x000000074aa00000| PB 0x000000074aa00000| Untracked |  0
| 598|0x000000074ac00000, 0x000000074ac00000, 0x000000074ae00000|  0%| F|  |TAMS 0x000000074ac00000| PB 0x000000074ac00000| Untracked |  0
| 599|0x000000074ae00000, 0x000000074ae00000, 0x000000074b000000|  0%| F|  |TAMS 0x000000074ae00000| PB 0x000000074ae00000| Untracked |  0
| 600|0x000000074b000000, 0x000000074b000000, 0x000000074b200000|  0%| F|  |TAMS 0x000000074b000000| PB 0x000000074b000000| Untracked |  0
| 601|0x000000074b200000, 0x000000074b200000, 0x000000074b400000|  0%| F|  |TAMS 0x000000074b200000| PB 0x000000074b200000| Untracked |  0
| 602|0x000000074b400000, 0x000000074b400000, 0x000000074b600000|  0%| F|  |TAMS 0x000000074b400000| PB 0x000000074b400000| Untracked |  0
| 603|0x000000074b600000, 0x000000074b600000, 0x000000074b800000|  0%| F|  |TAMS 0x000000074b600000| PB 0x000000074b600000| Untracked |  0
| 604|0x000000074b800000, 0x000000074b800000, 0x000000074ba00000|  0%| F|  |TAMS 0x000000074b800000| PB 0x000000074b800000| Untracked |  0
| 605|0x000000074ba00000, 0x000000074ba00000, 0x000000074bc00000|  0%| F|  |TAMS 0x000000074ba00000| PB 0x000000074ba00000| Untracked |  0
| 606|0x000000074bc00000, 0x000000074bc00000, 0x000000074be00000|  0%| F|  |TAMS 0x000000074bc00000| PB 0x000000074bc00000| Untracked |  0
| 607|0x000000074be00000, 0x000000074be00000, 0x000000074c000000|  0%| F|  |TAMS 0x000000074be00000| PB 0x000000074be00000| Untracked |  0
| 608|0x000000074c000000, 0x000000074c000000, 0x000000074c200000|  0%| F|  |TAMS 0x000000074c000000| PB 0x000000074c000000| Untracked |  0
| 609|0x000000074c200000, 0x000000074c200000, 0x000000074c400000|  0%| F|  |TAMS 0x000000074c200000| PB 0x000000074c200000| Untracked |  0
| 610|0x000000074c400000, 0x000000074c400000, 0x000000074c600000|  0%| F|  |TAMS 0x000000074c400000| PB 0x000000074c400000| Untracked |  0
| 611|0x000000074c600000, 0x000000074c600000, 0x000000074c800000|  0%| F|  |TAMS 0x000000074c600000| PB 0x000000074c600000| Untracked |  0
| 612|0x000000074c800000, 0x000000074c800000, 0x000000074ca00000|  0%| F|  |TAMS 0x000000074c800000| PB 0x000000074c800000| Untracked |  0
| 613|0x000000074ca00000, 0x000000074ca00000, 0x000000074cc00000|  0%| F|  |TAMS 0x000000074ca00000| PB 0x000000074ca00000| Untracked |  0
| 614|0x000000074cc00000, 0x000000074cc00000, 0x000000074ce00000|  0%| F|  |TAMS 0x000000074cc00000| PB 0x000000074cc00000| Untracked |  0
| 615|0x000000074ce00000, 0x000000074ce00000, 0x000000074d000000|  0%| F|  |TAMS 0x000000074ce00000| PB 0x000000074ce00000| Untracked |  0
| 616|0x000000074d000000, 0x000000074d000000, 0x000000074d200000|  0%| F|  |TAMS 0x000000074d000000| PB 0x000000074d000000| Untracked |  0
| 617|0x000000074d200000, 0x000000074d200000, 0x000000074d400000|  0%| F|  |TAMS 0x000000074d200000| PB 0x000000074d200000| Untracked |  0
| 618|0x000000074d400000, 0x000000074d400000, 0x000000074d600000|  0%| F|  |TAMS 0x000000074d400000| PB 0x000000074d400000| Untracked |  0
| 619|0x000000074d600000, 0x000000074d600000, 0x000000074d800000|  0%| F|  |TAMS 0x000000074d600000| PB 0x000000074d600000| Untracked |  0
| 620|0x000000074d800000, 0x000000074d800000, 0x000000074da00000|  0%| F|  |TAMS 0x000000074d800000| PB 0x000000074d800000| Untracked |  0
| 621|0x000000074da00000, 0x000000074da00000, 0x000000074dc00000|  0%| F|  |TAMS 0x000000074da00000| PB 0x000000074da00000| Untracked |  0
| 622|0x000000074dc00000, 0x000000074dc00000, 0x000000074de00000|  0%| F|  |TAMS 0x000000074dc00000| PB 0x000000074dc00000| Untracked |  0
| 623|0x000000074de00000, 0x000000074de00000, 0x000000074e000000|  0%| F|  |TAMS 0x000000074de00000| PB 0x000000074de00000| Untracked |  0
| 624|0x000000074e000000, 0x000000074e000000, 0x000000074e200000|  0%| F|  |TAMS 0x000000074e000000| PB 0x000000074e000000| Untracked |  0
| 625|0x000000074e200000, 0x000000074e200000, 0x000000074e400000|  0%| F|  |TAMS 0x000000074e200000| PB 0x000000074e200000| Untracked |  0
| 626|0x000000074e400000, 0x000000074e400000, 0x000000074e600000|  0%| F|  |TAMS 0x000000074e400000| PB 0x000000074e400000| Untracked |  0
| 627|0x000000074e600000, 0x000000074e600000, 0x000000074e800000|  0%| F|  |TAMS 0x000000074e600000| PB 0x000000074e600000| Untracked |  0
| 628|0x000000074e800000, 0x000000074e800000, 0x000000074ea00000|  0%| F|  |TAMS 0x000000074e800000| PB 0x000000074e800000| Untracked |  0
| 629|0x000000074ea00000, 0x000000074ea00000, 0x000000074ec00000|  0%| F|  |TAMS 0x000000074ea00000| PB 0x000000074ea00000| Untracked |  0
| 630|0x000000074ec00000, 0x000000074ec00000, 0x000000074ee00000|  0%| F|  |TAMS 0x000000074ec00000| PB 0x000000074ec00000| Untracked |  0
| 631|0x000000074ee00000, 0x000000074ee00000, 0x000000074f000000|  0%| F|  |TAMS 0x000000074ee00000| PB 0x000000074ee00000| Untracked |  0
| 632|0x000000074f000000, 0x000000074f000000, 0x000000074f200000|  0%| F|  |TAMS 0x000000074f000000| PB 0x000000074f000000| Untracked |  0
| 633|0x000000074f200000, 0x000000074f200000, 0x000000074f400000|  0%| F|  |TAMS 0x000000074f200000| PB 0x000000074f200000| Untracked |  0
| 634|0x000000074f400000, 0x000000074f400000, 0x000000074f600000|  0%| F|  |TAMS 0x000000074f400000| PB 0x000000074f400000| Untracked |  0
| 635|0x000000074f600000, 0x000000074f600000, 0x000000074f800000|  0%| F|  |TAMS 0x000000074f600000| PB 0x000000074f600000| Untracked |  0
| 636|0x000000074f800000, 0x000000074f800000, 0x000000074fa00000|  0%| F|  |TAMS 0x000000074f800000| PB 0x000000074f800000| Untracked |  0
| 637|0x000000074fa00000, 0x000000074fa00000, 0x000000074fc00000|  0%| F|  |TAMS 0x000000074fa00000| PB 0x000000074fa00000| Untracked |  0
| 638|0x000000074fc00000, 0x000000074fc00000, 0x000000074fe00000|  0%| F|  |TAMS 0x000000074fc00000| PB 0x000000074fc00000| Untracked |  0
| 639|0x000000074fe00000, 0x000000074fe00000, 0x0000000750000000|  0%| F|  |TAMS 0x000000074fe00000| PB 0x000000074fe00000| Untracked |  0
| 640|0x0000000750000000, 0x0000000750000000, 0x0000000750200000|  0%| F|  |TAMS 0x0000000750000000| PB 0x0000000750000000| Untracked |  0
| 641|0x0000000750200000, 0x0000000750200000, 0x0000000750400000|  0%| F|  |TAMS 0x0000000750200000| PB 0x0000000750200000| Untracked |  0
| 642|0x0000000750400000, 0x0000000750400000, 0x0000000750600000|  0%| F|  |TAMS 0x0000000750400000| PB 0x0000000750400000| Untracked |  0
| 643|0x0000000750600000, 0x0000000750600000, 0x0000000750800000|  0%| F|  |TAMS 0x0000000750600000| PB 0x0000000750600000| Untracked |  0
| 644|0x0000000750800000, 0x0000000750800000, 0x0000000750a00000|  0%| F|  |TAMS 0x0000000750800000| PB 0x0000000750800000| Untracked |  0
| 645|0x0000000750a00000, 0x0000000750a00000, 0x0000000750c00000|  0%| F|  |TAMS 0x0000000750a00000| PB 0x0000000750a00000| Untracked |  0
| 646|0x0000000750c00000, 0x0000000750c00000, 0x0000000750e00000|  0%| F|  |TAMS 0x0000000750c00000| PB 0x0000000750c00000| Untracked |  0
| 647|0x0000000750e00000, 0x0000000750e00000, 0x0000000751000000|  0%| F|  |TAMS 0x0000000750e00000| PB 0x0000000750e00000| Untracked |  0
| 648|0x0000000751000000, 0x0000000751000000, 0x0000000751200000|  0%| F|  |TAMS 0x0000000751000000| PB 0x0000000751000000| Untracked |  0
| 649|0x0000000751200000, 0x0000000751200000, 0x0000000751400000|  0%| F|  |TAMS 0x0000000751200000| PB 0x0000000751200000| Untracked |  0
| 650|0x0000000751400000, 0x0000000751400000, 0x0000000751600000|  0%| F|  |TAMS 0x0000000751400000| PB 0x0000000751400000| Untracked |  0
| 651|0x0000000751600000, 0x0000000751600000, 0x0000000751800000|  0%| F|  |TAMS 0x0000000751600000| PB 0x0000000751600000| Untracked |  0
| 652|0x0000000751800000, 0x0000000751800000, 0x0000000751a00000|  0%| F|  |TAMS 0x0000000751800000| PB 0x0000000751800000| Untracked |  0
| 653|0x0000000751a00000, 0x0000000751a00000, 0x0000000751c00000|  0%| F|  |TAMS 0x0000000751a00000| PB 0x0000000751a00000| Untracked |  0
| 654|0x0000000751c00000, 0x0000000751c00000, 0x0000000751e00000|  0%| F|  |TAMS 0x0000000751c00000| PB 0x0000000751c00000| Untracked |  0
| 655|0x0000000751e00000, 0x0000000751e00000, 0x0000000752000000|  0%| F|  |TAMS 0x0000000751e00000| PB 0x0000000751e00000| Untracked |  0
| 656|0x0000000752000000, 0x0000000752000000, 0x0000000752200000|  0%| F|  |TAMS 0x0000000752000000| PB 0x0000000752000000| Untracked |  0
| 657|0x0000000752200000, 0x0000000752200000, 0x0000000752400000|  0%| F|  |TAMS 0x0000000752200000| PB 0x0000000752200000| Untracked |  0
| 658|0x0000000752400000, 0x0000000752400000, 0x0000000752600000|  0%| F|  |TAMS 0x0000000752400000| PB 0x0000000752400000| Untracked |  0
| 659|0x0000000752600000, 0x0000000752600000, 0x0000000752800000|  0%| F|  |TAMS 0x0000000752600000| PB 0x0000000752600000| Untracked |  0
| 660|0x0000000752800000, 0x0000000752800000, 0x0000000752a00000|  0%| F|  |TAMS 0x0000000752800000| PB 0x0000000752800000| Untracked |  0
| 661|0x0000000752a00000, 0x0000000752a00000, 0x0000000752c00000|  0%| F|  |TAMS 0x0000000752a00000| PB 0x0000000752a00000| Untracked |  0
| 662|0x0000000752c00000, 0x0000000752c00000, 0x0000000752e00000|  0%| F|  |TAMS 0x0000000752c00000| PB 0x0000000752c00000| Untracked |  0
| 663|0x0000000752e00000, 0x0000000752e00000, 0x0000000753000000|  0%| F|  |TAMS 0x0000000752e00000| PB 0x0000000752e00000| Untracked |  0
| 664|0x0000000753000000, 0x0000000753000000, 0x0000000753200000|  0%| F|  |TAMS 0x0000000753000000| PB 0x0000000753000000| Untracked |  0
| 665|0x0000000753200000, 0x0000000753200000, 0x0000000753400000|  0%| F|  |TAMS 0x0000000753200000| PB 0x0000000753200000| Untracked |  0
| 666|0x0000000753400000, 0x0000000753400000, 0x0000000753600000|  0%| F|  |TAMS 0x0000000753400000| PB 0x0000000753400000| Untracked |  0
| 667|0x0000000753600000, 0x0000000753600000, 0x0000000753800000|  0%| F|  |TAMS 0x0000000753600000| PB 0x0000000753600000| Untracked |  0
| 668|0x0000000753800000, 0x0000000753800000, 0x0000000753a00000|  0%| F|  |TAMS 0x0000000753800000| PB 0x0000000753800000| Untracked |  0
| 669|0x0000000753a00000, 0x0000000753a00000, 0x0000000753c00000|  0%| F|  |TAMS 0x0000000753a00000| PB 0x0000000753a00000| Untracked |  0
| 670|0x0000000753c00000, 0x0000000753c00000, 0x0000000753e00000|  0%| F|  |TAMS 0x0000000753c00000| PB 0x0000000753c00000| Untracked |  0
| 671|0x0000000753e00000, 0x0000000753e00000, 0x0000000754000000|  0%| F|  |TAMS 0x0000000753e00000| PB 0x0000000753e00000| Untracked |  0
| 672|0x0000000754000000, 0x0000000754000000, 0x0000000754200000|  0%| F|  |TAMS 0x0000000754000000| PB 0x0000000754000000| Untracked |  0
| 673|0x0000000754200000, 0x0000000754200000, 0x0000000754400000|  0%| F|  |TAMS 0x0000000754200000| PB 0x0000000754200000| Untracked |  0
| 674|0x0000000754400000, 0x0000000754400000, 0x0000000754600000|  0%| F|  |TAMS 0x0000000754400000| PB 0x0000000754400000| Untracked |  0
| 675|0x0000000754600000, 0x0000000754600000, 0x0000000754800000|  0%| F|  |TAMS 0x0000000754600000| PB 0x0000000754600000| Untracked |  0
| 676|0x0000000754800000, 0x0000000754800000, 0x0000000754a00000|  0%| F|  |TAMS 0x0000000754800000| PB 0x0000000754800000| Untracked |  0
| 677|0x0000000754a00000, 0x0000000754a00000, 0x0000000754c00000|  0%| F|  |TAMS 0x0000000754a00000| PB 0x0000000754a00000| Untracked |  0
| 678|0x0000000754c00000, 0x0000000754c00000, 0x0000000754e00000|  0%| F|  |TAMS 0x0000000754c00000| PB 0x0000000754c00000| Untracked |  0
| 679|0x0000000754e00000, 0x0000000754e00000, 0x0000000755000000|  0%| F|  |TAMS 0x0000000754e00000| PB 0x0000000754e00000| Untracked |  0
| 680|0x0000000755000000, 0x0000000755000000, 0x0000000755200000|  0%| F|  |TAMS 0x0000000755000000| PB 0x0000000755000000| Untracked |  0
| 681|0x0000000755200000, 0x0000000755200000, 0x0000000755400000|  0%| F|  |TAMS 0x0000000755200000| PB 0x0000000755200000| Untracked |  0
| 682|0x0000000755400000, 0x0000000755400000, 0x0000000755600000|  0%| F|  |TAMS 0x0000000755400000| PB 0x0000000755400000| Untracked |  0
| 683|0x0000000755600000, 0x0000000755600000, 0x0000000755800000|  0%| F|  |TAMS 0x0000000755600000| PB 0x0000000755600000| Untracked |  0
| 684|0x0000000755800000, 0x0000000755800000, 0x0000000755a00000|  0%| F|  |TAMS 0x0000000755800000| PB 0x0000000755800000| Untracked |  0
| 685|0x0000000755a00000, 0x0000000755a00000, 0x0000000755c00000|  0%| F|  |TAMS 0x0000000755a00000| PB 0x0000000755a00000| Untracked |  0
| 686|0x0000000755c00000, 0x0000000755c00000, 0x0000000755e00000|  0%| F|  |TAMS 0x0000000755c00000| PB 0x0000000755c00000| Untracked |  0
| 687|0x0000000755e00000, 0x0000000755e00000, 0x0000000756000000|  0%| F|  |TAMS 0x0000000755e00000| PB 0x0000000755e00000| Untracked |  0
| 688|0x0000000756000000, 0x0000000756000000, 0x0000000756200000|  0%| F|  |TAMS 0x0000000756000000| PB 0x0000000756000000| Untracked |  0
| 689|0x0000000756200000, 0x0000000756200000, 0x0000000756400000|  0%| F|  |TAMS 0x0000000756200000| PB 0x0000000756200000| Untracked |  0
| 690|0x0000000756400000, 0x0000000756400000, 0x0000000756600000|  0%| F|  |TAMS 0x0000000756400000| PB 0x0000000756400000| Untracked |  0
| 691|0x0000000756600000, 0x0000000756600000, 0x0000000756800000|  0%| F|  |TAMS 0x0000000756600000| PB 0x0000000756600000| Untracked |  0
| 692|0x0000000756800000, 0x0000000756800000, 0x0000000756a00000|  0%| F|  |TAMS 0x0000000756800000| PB 0x0000000756800000| Untracked |  0
| 693|0x0000000756a00000, 0x0000000756a00000, 0x0000000756c00000|  0%| F|  |TAMS 0x0000000756a00000| PB 0x0000000756a00000| Untracked |  0
| 694|0x0000000756c00000, 0x0000000756c00000, 0x0000000756e00000|  0%| F|  |TAMS 0x0000000756c00000| PB 0x0000000756c00000| Untracked |  0
| 695|0x0000000756e00000, 0x0000000756e00000, 0x0000000757000000|  0%| F|  |TAMS 0x0000000756e00000| PB 0x0000000756e00000| Untracked |  0
| 696|0x0000000757000000, 0x0000000757000000, 0x0000000757200000|  0%| F|  |TAMS 0x0000000757000000| PB 0x0000000757000000| Untracked |  0
| 697|0x0000000757200000, 0x0000000757200000, 0x0000000757400000|  0%| F|  |TAMS 0x0000000757200000| PB 0x0000000757200000| Untracked |  0
| 698|0x0000000757400000, 0x0000000757400000, 0x0000000757600000|  0%| F|  |TAMS 0x0000000757400000| PB 0x0000000757400000| Untracked |  0
| 699|0x0000000757600000, 0x0000000757600000, 0x0000000757800000|  0%| F|  |TAMS 0x0000000757600000| PB 0x0000000757600000| Untracked |  0
| 700|0x0000000757800000, 0x0000000757800000, 0x0000000757a00000|  0%| F|  |TAMS 0x0000000757800000| PB 0x0000000757800000| Untracked |  0
| 701|0x0000000757a00000, 0x0000000757a00000, 0x0000000757c00000|  0%| F|  |TAMS 0x0000000757a00000| PB 0x0000000757a00000| Untracked |  0
| 702|0x0000000757c00000, 0x0000000757c00000, 0x0000000757e00000|  0%| F|  |TAMS 0x0000000757c00000| PB 0x0000000757c00000| Untracked |  0
| 703|0x0000000757e00000, 0x0000000757e00000, 0x0000000758000000|  0%| F|  |TAMS 0x0000000757e00000| PB 0x0000000757e00000| Untracked |  0
| 704|0x0000000758000000, 0x0000000758000000, 0x0000000758200000|  0%| F|  |TAMS 0x0000000758000000| PB 0x0000000758000000| Untracked |  0
| 705|0x0000000758200000, 0x0000000758200000, 0x0000000758400000|  0%| F|  |TAMS 0x0000000758200000| PB 0x0000000758200000| Untracked |  0
| 706|0x0000000758400000, 0x0000000758400000, 0x0000000758600000|  0%| F|  |TAMS 0x0000000758400000| PB 0x0000000758400000| Untracked |  0
| 707|0x0000000758600000, 0x0000000758600000, 0x0000000758800000|  0%| F|  |TAMS 0x0000000758600000| PB 0x0000000758600000| Untracked |  0
| 708|0x0000000758800000, 0x0000000758800000, 0x0000000758a00000|  0%| F|  |TAMS 0x0000000758800000| PB 0x0000000758800000| Untracked |  0
| 709|0x0000000758a00000, 0x0000000758a00000, 0x0000000758c00000|  0%| F|  |TAMS 0x0000000758a00000| PB 0x0000000758a00000| Untracked |  0
| 710|0x0000000758c00000, 0x0000000758c00000, 0x0000000758e00000|  0%| F|  |TAMS 0x0000000758c00000| PB 0x0000000758c00000| Untracked |  0
| 711|0x0000000758e00000, 0x0000000758e00000, 0x0000000759000000|  0%| F|  |TAMS 0x0000000758e00000| PB 0x0000000758e00000| Untracked |  0
| 712|0x0000000759000000, 0x0000000759000000, 0x0000000759200000|  0%| F|  |TAMS 0x0000000759000000| PB 0x0000000759000000| Untracked |  0
| 713|0x0000000759200000, 0x0000000759200000, 0x0000000759400000|  0%| F|  |TAMS 0x0000000759200000| PB 0x0000000759200000| Untracked |  0
| 714|0x0000000759400000, 0x0000000759400000, 0x0000000759600000|  0%| F|  |TAMS 0x0000000759400000| PB 0x0000000759400000| Untracked |  0
| 715|0x0000000759600000, 0x0000000759600000, 0x0000000759800000|  0%| F|  |TAMS 0x0000000759600000| PB 0x0000000759600000| Untracked |  0
| 716|0x0000000759800000, 0x0000000759800000, 0x0000000759a00000|  0%| F|  |TAMS 0x0000000759800000| PB 0x0000000759800000| Untracked |  0
| 717|0x0000000759a00000, 0x0000000759a00000, 0x0000000759c00000|  0%| F|  |TAMS 0x0000000759a00000| PB 0x0000000759a00000| Untracked |  0
| 718|0x0000000759c00000, 0x0000000759c00000, 0x0000000759e00000|  0%| F|  |TAMS 0x0000000759c00000| PB 0x0000000759c00000| Untracked |  0
| 719|0x0000000759e00000, 0x0000000759e00000, 0x000000075a000000|  0%| F|  |TAMS 0x0000000759e00000| PB 0x0000000759e00000| Untracked |  0
| 720|0x000000075a000000, 0x000000075a000000, 0x000000075a200000|  0%| F|  |TAMS 0x000000075a000000| PB 0x000000075a000000| Untracked |  0
| 721|0x000000075a200000, 0x000000075a200000, 0x000000075a400000|  0%| F|  |TAMS 0x000000075a200000| PB 0x000000075a200000| Untracked |  0
| 722|0x000000075a400000, 0x000000075a400000, 0x000000075a600000|  0%| F|  |TAMS 0x000000075a400000| PB 0x000000075a400000| Untracked |  0
| 723|0x000000075a600000, 0x000000075a600000, 0x000000075a800000|  0%| F|  |TAMS 0x000000075a600000| PB 0x000000075a600000| Untracked |  0
| 724|0x000000075a800000, 0x000000075a800000, 0x000000075aa00000|  0%| F|  |TAMS 0x000000075a800000| PB 0x000000075a800000| Untracked |  0
| 725|0x000000075aa00000, 0x000000075aa00000, 0x000000075ac00000|  0%| F|  |TAMS 0x000000075aa00000| PB 0x000000075aa00000| Untracked |  0
| 726|0x000000075ac00000, 0x000000075ac00000, 0x000000075ae00000|  0%| F|  |TAMS 0x000000075ac00000| PB 0x000000075ac00000| Untracked |  0
| 727|0x000000075ae00000, 0x000000075ae00000, 0x000000075b000000|  0%| F|  |TAMS 0x000000075ae00000| PB 0x000000075ae00000| Untracked |  0
| 728|0x000000075b000000, 0x000000075b000000, 0x000000075b200000|  0%| F|  |TAMS 0x000000075b000000| PB 0x000000075b000000| Untracked |  0
| 729|0x000000075b200000, 0x000000075b200000, 0x000000075b400000|  0%| F|  |TAMS 0x000000075b200000| PB 0x000000075b200000| Untracked |  0
| 730|0x000000075b400000, 0x000000075b400000, 0x000000075b600000|  0%| F|  |TAMS 0x000000075b400000| PB 0x000000075b400000| Untracked |  0
| 731|0x000000075b600000, 0x000000075b600000, 0x000000075b800000|  0%| F|  |TAMS 0x000000075b600000| PB 0x000000075b600000| Untracked |  0
| 732|0x000000075b800000, 0x000000075b800000, 0x000000075ba00000|  0%| F|  |TAMS 0x000000075b800000| PB 0x000000075b800000| Untracked |  0
| 733|0x000000075ba00000, 0x000000075ba00000, 0x000000075bc00000|  0%| F|  |TAMS 0x000000075ba00000| PB 0x000000075ba00000| Untracked |  0
| 734|0x000000075bc00000, 0x000000075bc00000, 0x000000075be00000|  0%| F|  |TAMS 0x000000075bc00000| PB 0x000000075bc00000| Untracked |  0
| 735|0x000000075be00000, 0x000000075be00000, 0x000000075c000000|  0%| F|  |TAMS 0x000000075be00000| PB 0x000000075be00000| Untracked |  0
| 736|0x000000075c000000, 0x000000075c000000, 0x000000075c200000|  0%| F|  |TAMS 0x000000075c000000| PB 0x000000075c000000| Untracked |  0
| 737|0x000000075c200000, 0x000000075c200000, 0x000000075c400000|  0%| F|  |TAMS 0x000000075c200000| PB 0x000000075c200000| Untracked |  0
| 738|0x000000075c400000, 0x000000075c400000, 0x000000075c600000|  0%| F|  |TAMS 0x000000075c400000| PB 0x000000075c400000| Untracked |  0
| 739|0x000000075c600000, 0x000000075c600000, 0x000000075c800000|  0%| F|  |TAMS 0x000000075c600000| PB 0x000000075c600000| Untracked |  0
| 740|0x000000075c800000, 0x000000075c800000, 0x000000075ca00000|  0%| F|  |TAMS 0x000000075c800000| PB 0x000000075c800000| Untracked |  0
| 741|0x000000075ca00000, 0x000000075ca00000, 0x000000075cc00000|  0%| F|  |TAMS 0x000000075ca00000| PB 0x000000075ca00000| Untracked |  0
| 742|0x000000075cc00000, 0x000000075cc00000, 0x000000075ce00000|  0%| F|  |TAMS 0x000000075cc00000| PB 0x000000075cc00000| Untracked |  0
| 743|0x000000075ce00000, 0x000000075ce00000, 0x000000075d000000|  0%| F|  |TAMS 0x000000075ce00000| PB 0x000000075ce00000| Untracked |  0
| 744|0x000000075d000000, 0x000000075d000000, 0x000000075d200000|  0%| F|  |TAMS 0x000000075d000000| PB 0x000000075d000000| Untracked |  0
| 745|0x000000075d200000, 0x000000075d200000, 0x000000075d400000|  0%| F|  |TAMS 0x000000075d200000| PB 0x000000075d200000| Untracked |  0
| 746|0x000000075d400000, 0x000000075d400000, 0x000000075d600000|  0%| F|  |TAMS 0x000000075d400000| PB 0x000000075d400000| Untracked |  0
| 747|0x000000075d600000, 0x000000075d600000, 0x000000075d800000|  0%| F|  |TAMS 0x000000075d600000| PB 0x000000075d600000| Untracked |  0
| 748|0x000000075d800000, 0x000000075d800000, 0x000000075da00000|  0%| F|  |TAMS 0x000000075d800000| PB 0x000000075d800000| Untracked |  0
| 749|0x000000075da00000, 0x000000075da00000, 0x000000075dc00000|  0%| F|  |TAMS 0x000000075da00000| PB 0x000000075da00000| Untracked |  0
| 750|0x000000075dc00000, 0x000000075dc00000, 0x000000075de00000|  0%| F|  |TAMS 0x000000075dc00000| PB 0x000000075dc00000| Untracked |  0
| 751|0x000000075de00000, 0x000000075de00000, 0x000000075e000000|  0%| F|  |TAMS 0x000000075de00000| PB 0x000000075de00000| Untracked |  0
| 752|0x000000075e000000, 0x000000075e000000, 0x000000075e200000|  0%| F|  |TAMS 0x000000075e000000| PB 0x000000075e000000| Untracked |  0
| 753|0x000000075e200000, 0x000000075e200000, 0x000000075e400000|  0%| F|  |TAMS 0x000000075e200000| PB 0x000000075e200000| Untracked |  0
| 754|0x000000075e400000, 0x000000075e400000, 0x000000075e600000|  0%| F|  |TAMS 0x000000075e400000| PB 0x000000075e400000| Untracked |  0
| 755|0x000000075e600000, 0x000000075e600000, 0x000000075e800000|  0%| F|  |TAMS 0x000000075e600000| PB 0x000000075e600000| Untracked |  0
| 756|0x000000075e800000, 0x000000075e800000, 0x000000075ea00000|  0%| F|  |TAMS 0x000000075e800000| PB 0x000000075e800000| Untracked |  0
| 757|0x000000075ea00000, 0x000000075ea00000, 0x000000075ec00000|  0%| F|  |TAMS 0x000000075ea00000| PB 0x000000075ea00000| Untracked |  0
| 758|0x000000075ec00000, 0x000000075ec00000, 0x000000075ee00000|  0%| F|  |TAMS 0x000000075ec00000| PB 0x000000075ec00000| Untracked |  0
| 759|0x000000075ee00000, 0x000000075ee00000, 0x000000075f000000|  0%| F|  |TAMS 0x000000075ee00000| PB 0x000000075ee00000| Untracked |  0
| 760|0x000000075f000000, 0x000000075f000000, 0x000000075f200000|  0%| F|  |TAMS 0x000000075f000000| PB 0x000000075f000000| Untracked |  0
| 761|0x000000075f200000, 0x000000075f200000, 0x000000075f400000|  0%| F|  |TAMS 0x000000075f200000| PB 0x000000075f200000| Untracked |  0
| 762|0x000000075f400000, 0x000000075f400000, 0x000000075f600000|  0%| F|  |TAMS 0x000000075f400000| PB 0x000000075f400000| Untracked |  0
| 763|0x000000075f600000, 0x000000075f600000, 0x000000075f800000|  0%| F|  |TAMS 0x000000075f600000| PB 0x000000075f600000| Untracked |  0
| 764|0x000000075f800000, 0x000000075f800000, 0x000000075fa00000|  0%| F|  |TAMS 0x000000075f800000| PB 0x000000075f800000| Untracked |  0
| 765|0x000000075fa00000, 0x000000075fa00000, 0x000000075fc00000|  0%| F|  |TAMS 0x000000075fa00000| PB 0x000000075fa00000| Untracked |  0
| 766|0x000000075fc00000, 0x000000075fc00000, 0x000000075fe00000|  0%| F|  |TAMS 0x000000075fc00000| PB 0x000000075fc00000| Untracked |  0
| 767|0x000000075fe00000, 0x000000075fe00000, 0x0000000760000000|  0%| F|  |TAMS 0x000000075fe00000| PB 0x000000075fe00000| Untracked |  0
| 768|0x0000000760000000, 0x0000000760000000, 0x0000000760200000|  0%| F|  |TAMS 0x0000000760000000| PB 0x0000000760000000| Untracked |  0
| 769|0x0000000760200000, 0x0000000760200000, 0x0000000760400000|  0%| F|  |TAMS 0x0000000760200000| PB 0x0000000760200000| Untracked |  0
| 770|0x0000000760400000, 0x0000000760400000, 0x0000000760600000|  0%| F|  |TAMS 0x0000000760400000| PB 0x0000000760400000| Untracked |  0
| 771|0x0000000760600000, 0x0000000760600000, 0x0000000760800000|  0%| F|  |TAMS 0x0000000760600000| PB 0x0000000760600000| Untracked |  0
| 772|0x0000000760800000, 0x0000000760800000, 0x0000000760a00000|  0%| F|  |TAMS 0x0000000760800000| PB 0x0000000760800000| Untracked |  0
| 773|0x0000000760a00000, 0x0000000760a00000, 0x0000000760c00000|  0%| F|  |TAMS 0x0000000760a00000| PB 0x0000000760a00000| Untracked |  0
| 774|0x0000000760c00000, 0x0000000760c00000, 0x0000000760e00000|  0%| F|  |TAMS 0x0000000760c00000| PB 0x0000000760c00000| Untracked |  0
| 775|0x0000000760e00000, 0x0000000760e00000, 0x0000000761000000|  0%| F|  |TAMS 0x0000000760e00000| PB 0x0000000760e00000| Untracked |  0
| 776|0x0000000761000000, 0x0000000761000000, 0x0000000761200000|  0%| F|  |TAMS 0x0000000761000000| PB 0x0000000761000000| Untracked |  0
| 777|0x0000000761200000, 0x0000000761200000, 0x0000000761400000|  0%| F|  |TAMS 0x0000000761200000| PB 0x0000000761200000| Untracked |  0
| 778|0x0000000761400000, 0x0000000761400000, 0x0000000761600000|  0%| F|  |TAMS 0x0000000761400000| PB 0x0000000761400000| Untracked |  0
| 779|0x0000000761600000, 0x0000000761600000, 0x0000000761800000|  0%| F|  |TAMS 0x0000000761600000| PB 0x0000000761600000| Untracked |  0
| 780|0x0000000761800000, 0x0000000761800000, 0x0000000761a00000|  0%| F|  |TAMS 0x0000000761800000| PB 0x0000000761800000| Untracked |  0
| 781|0x0000000761a00000, 0x0000000761a00000, 0x0000000761c00000|  0%| F|  |TAMS 0x0000000761a00000| PB 0x0000000761a00000| Untracked |  0
| 782|0x0000000761c00000, 0x0000000761c00000, 0x0000000761e00000|  0%| F|  |TAMS 0x0000000761c00000| PB 0x0000000761c00000| Untracked |  0
| 783|0x0000000761e00000, 0x0000000761e00000, 0x0000000762000000|  0%| F|  |TAMS 0x0000000761e00000| PB 0x0000000761e00000| Untracked |  0
| 784|0x0000000762000000, 0x0000000762000000, 0x0000000762200000|  0%| F|  |TAMS 0x0000000762000000| PB 0x0000000762000000| Untracked |  0
| 785|0x0000000762200000, 0x0000000762200000, 0x0000000762400000|  0%| F|  |TAMS 0x0000000762200000| PB 0x0000000762200000| Untracked |  0
| 786|0x0000000762400000, 0x0000000762400000, 0x0000000762600000|  0%| F|  |TAMS 0x0000000762400000| PB 0x0000000762400000| Untracked |  0
| 787|0x0000000762600000, 0x0000000762600000, 0x0000000762800000|  0%| F|  |TAMS 0x0000000762600000| PB 0x0000000762600000| Untracked |  0
| 788|0x0000000762800000, 0x0000000762800000, 0x0000000762a00000|  0%| F|  |TAMS 0x0000000762800000| PB 0x0000000762800000| Untracked |  0
| 789|0x0000000762a00000, 0x0000000762a00000, 0x0000000762c00000|  0%| F|  |TAMS 0x0000000762a00000| PB 0x0000000762a00000| Untracked |  0
| 790|0x0000000762c00000, 0x0000000762c00000, 0x0000000762e00000|  0%| F|  |TAMS 0x0000000762c00000| PB 0x0000000762c00000| Untracked |  0
| 791|0x0000000762e00000, 0x0000000762e00000, 0x0000000763000000|  0%| F|  |TAMS 0x0000000762e00000| PB 0x0000000762e00000| Untracked |  0
| 792|0x0000000763000000, 0x0000000763000000, 0x0000000763200000|  0%| F|  |TAMS 0x0000000763000000| PB 0x0000000763000000| Untracked |  0
| 793|0x0000000763200000, 0x0000000763200000, 0x0000000763400000|  0%| F|  |TAMS 0x0000000763200000| PB 0x0000000763200000| Untracked |  0
| 794|0x0000000763400000, 0x0000000763400000, 0x0000000763600000|  0%| F|  |TAMS 0x0000000763400000| PB 0x0000000763400000| Untracked |  0
| 795|0x0000000763600000, 0x0000000763600000, 0x0000000763800000|  0%| F|  |TAMS 0x0000000763600000| PB 0x0000000763600000| Untracked |  0
| 796|0x0000000763800000, 0x0000000763800000, 0x0000000763a00000|  0%| F|  |TAMS 0x0000000763800000| PB 0x0000000763800000| Untracked |  0
| 797|0x0000000763a00000, 0x0000000763a00000, 0x0000000763c00000|  0%| F|  |TAMS 0x0000000763a00000| PB 0x0000000763a00000| Untracked |  0
| 798|0x0000000763c00000, 0x0000000763c00000, 0x0000000763e00000|  0%| F|  |TAMS 0x0000000763c00000| PB 0x0000000763c00000| Untracked |  0
| 799|0x0000000763e00000, 0x0000000763e00000, 0x0000000764000000|  0%| F|  |TAMS 0x0000000763e00000| PB 0x0000000763e00000| Untracked |  0
| 800|0x0000000764000000, 0x0000000764000000, 0x0000000764200000|  0%| F|  |TAMS 0x0000000764000000| PB 0x0000000764000000| Untracked |  0
| 801|0x0000000764200000, 0x0000000764200000, 0x0000000764400000|  0%| F|  |TAMS 0x0000000764200000| PB 0x0000000764200000| Untracked |  0
| 802|0x0000000764400000, 0x0000000764400000, 0x0000000764600000|  0%| F|  |TAMS 0x0000000764400000| PB 0x0000000764400000| Untracked |  0
| 803|0x0000000764600000, 0x0000000764600000, 0x0000000764800000|  0%| F|  |TAMS 0x0000000764600000| PB 0x0000000764600000| Untracked |  0
| 804|0x0000000764800000, 0x0000000764800000, 0x0000000764a00000|  0%| F|  |TAMS 0x0000000764800000| PB 0x0000000764800000| Untracked |  0
| 805|0x0000000764a00000, 0x0000000764a00000, 0x0000000764c00000|  0%| F|  |TAMS 0x0000000764a00000| PB 0x0000000764a00000| Untracked |  0
| 806|0x0000000764c00000, 0x0000000764c00000, 0x0000000764e00000|  0%| F|  |TAMS 0x0000000764c00000| PB 0x0000000764c00000| Untracked |  0
| 807|0x0000000764e00000, 0x0000000764e00000, 0x0000000765000000|  0%| F|  |TAMS 0x0000000764e00000| PB 0x0000000764e00000| Untracked |  0
| 808|0x0000000765000000, 0x0000000765000000, 0x0000000765200000|  0%| F|  |TAMS 0x0000000765000000| PB 0x0000000765000000| Untracked |  0
| 809|0x0000000765200000, 0x0000000765200000, 0x0000000765400000|  0%| F|  |TAMS 0x0000000765200000| PB 0x0000000765200000| Untracked |  0
| 810|0x0000000765400000, 0x0000000765400000, 0x0000000765600000|  0%| F|  |TAMS 0x0000000765400000| PB 0x0000000765400000| Untracked |  0
| 811|0x0000000765600000, 0x0000000765600000, 0x0000000765800000|  0%| F|  |TAMS 0x0000000765600000| PB 0x0000000765600000| Untracked |  0
| 812|0x0000000765800000, 0x0000000765800000, 0x0000000765a00000|  0%| F|  |TAMS 0x0000000765800000| PB 0x0000000765800000| Untracked |  0
| 813|0x0000000765a00000, 0x0000000765a00000, 0x0000000765c00000|  0%| F|  |TAMS 0x0000000765a00000| PB 0x0000000765a00000| Untracked |  0
| 814|0x0000000765c00000, 0x0000000765c00000, 0x0000000765e00000|  0%| F|  |TAMS 0x0000000765c00000| PB 0x0000000765c00000| Untracked |  0
| 815|0x0000000765e00000, 0x0000000765e00000, 0x0000000766000000|  0%| F|  |TAMS 0x0000000765e00000| PB 0x0000000765e00000| Untracked |  0
| 816|0x0000000766000000, 0x0000000766000000, 0x0000000766200000|  0%| F|  |TAMS 0x0000000766000000| PB 0x0000000766000000| Untracked |  0
| 817|0x0000000766200000, 0x0000000766200000, 0x0000000766400000|  0%| F|  |TAMS 0x0000000766200000| PB 0x0000000766200000| Untracked |  0
| 818|0x0000000766400000, 0x0000000766400000, 0x0000000766600000|  0%| F|  |TAMS 0x0000000766400000| PB 0x0000000766400000| Untracked |  0
| 819|0x0000000766600000, 0x0000000766600000, 0x0000000766800000|  0%| F|  |TAMS 0x0000000766600000| PB 0x0000000766600000| Untracked |  0
| 820|0x0000000766800000, 0x0000000766800000, 0x0000000766a00000|  0%| F|  |TAMS 0x0000000766800000| PB 0x0000000766800000| Untracked |  0
| 821|0x0000000766a00000, 0x0000000766a00000, 0x0000000766c00000|  0%| F|  |TAMS 0x0000000766a00000| PB 0x0000000766a00000| Untracked |  0
| 822|0x0000000766c00000, 0x0000000766c00000, 0x0000000766e00000|  0%| F|  |TAMS 0x0000000766c00000| PB 0x0000000766c00000| Untracked |  0
| 823|0x0000000766e00000, 0x0000000766e00000, 0x0000000767000000|  0%| F|  |TAMS 0x0000000766e00000| PB 0x0000000766e00000| Untracked |  0
| 824|0x0000000767000000, 0x0000000767000000, 0x0000000767200000|  0%| F|  |TAMS 0x0000000767000000| PB 0x0000000767000000| Untracked |  0
| 825|0x0000000767200000, 0x0000000767200000, 0x0000000767400000|  0%| F|  |TAMS 0x0000000767200000| PB 0x0000000767200000| Untracked |  0
| 826|0x0000000767400000, 0x0000000767400000, 0x0000000767600000|  0%| F|  |TAMS 0x0000000767400000| PB 0x0000000767400000| Untracked |  0
| 827|0x0000000767600000, 0x0000000767600000, 0x0000000767800000|  0%| F|  |TAMS 0x0000000767600000| PB 0x0000000767600000| Untracked |  0
| 828|0x0000000767800000, 0x0000000767800000, 0x0000000767a00000|  0%| F|  |TAMS 0x0000000767800000| PB 0x0000000767800000| Untracked |  0
| 829|0x0000000767a00000, 0x0000000767a00000, 0x0000000767c00000|  0%| F|  |TAMS 0x0000000767a00000| PB 0x0000000767a00000| Untracked |  0
| 830|0x0000000767c00000, 0x0000000767c00000, 0x0000000767e00000|  0%| F|  |TAMS 0x0000000767c00000| PB 0x0000000767c00000| Untracked |  0
| 831|0x0000000767e00000, 0x0000000767e00000, 0x0000000768000000|  0%| F|  |TAMS 0x0000000767e00000| PB 0x0000000767e00000| Untracked |  0
| 832|0x0000000768000000, 0x0000000768000000, 0x0000000768200000|  0%| F|  |TAMS 0x0000000768000000| PB 0x0000000768000000| Untracked |  0
| 833|0x0000000768200000, 0x0000000768200000, 0x0000000768400000|  0%| F|  |TAMS 0x0000000768200000| PB 0x0000000768200000| Untracked |  0
| 834|0x0000000768400000, 0x0000000768400000, 0x0000000768600000|  0%| F|  |TAMS 0x0000000768400000| PB 0x0000000768400000| Untracked |  0
| 835|0x0000000768600000, 0x0000000768600000, 0x0000000768800000|  0%| F|  |TAMS 0x0000000768600000| PB 0x0000000768600000| Untracked |  0
| 836|0x0000000768800000, 0x0000000768800000, 0x0000000768a00000|  0%| F|  |TAMS 0x0000000768800000| PB 0x0000000768800000| Untracked |  0
| 837|0x0000000768a00000, 0x0000000768a00000, 0x0000000768c00000|  0%| F|  |TAMS 0x0000000768a00000| PB 0x0000000768a00000| Untracked |  0
| 838|0x0000000768c00000, 0x0000000768c00000, 0x0000000768e00000|  0%| F|  |TAMS 0x0000000768c00000| PB 0x0000000768c00000| Untracked |  0
| 839|0x0000000768e00000, 0x0000000768e00000, 0x0000000769000000|  0%| F|  |TAMS 0x0000000768e00000| PB 0x0000000768e00000| Untracked |  0
| 840|0x0000000769000000, 0x0000000769000000, 0x0000000769200000|  0%| F|  |TAMS 0x0000000769000000| PB 0x0000000769000000| Untracked |  0
| 841|0x0000000769200000, 0x0000000769200000, 0x0000000769400000|  0%| F|  |TAMS 0x0000000769200000| PB 0x0000000769200000| Untracked |  0
| 842|0x0000000769400000, 0x0000000769400000, 0x0000000769600000|  0%| F|  |TAMS 0x0000000769400000| PB 0x0000000769400000| Untracked |  0
| 843|0x0000000769600000, 0x0000000769600000, 0x0000000769800000|  0%| F|  |TAMS 0x0000000769600000| PB 0x0000000769600000| Untracked |  0
| 844|0x0000000769800000, 0x0000000769800000, 0x0000000769a00000|  0%| F|  |TAMS 0x0000000769800000| PB 0x0000000769800000| Untracked |  0
| 845|0x0000000769a00000, 0x0000000769a00000, 0x0000000769c00000|  0%| F|  |TAMS 0x0000000769a00000| PB 0x0000000769a00000| Untracked |  0
| 846|0x0000000769c00000, 0x0000000769c00000, 0x0000000769e00000|  0%| F|  |TAMS 0x0000000769c00000| PB 0x0000000769c00000| Untracked |  0
| 847|0x0000000769e00000, 0x0000000769e00000, 0x000000076a000000|  0%| F|  |TAMS 0x0000000769e00000| PB 0x0000000769e00000| Untracked |  0
| 848|0x000000076a000000, 0x000000076a000000, 0x000000076a200000|  0%| F|  |TAMS 0x000000076a000000| PB 0x000000076a000000| Untracked |  0
| 849|0x000000076a200000, 0x000000076a200000, 0x000000076a400000|  0%| F|  |TAMS 0x000000076a200000| PB 0x000000076a200000| Untracked |  0
| 850|0x000000076a400000, 0x000000076a400000, 0x000000076a600000|  0%| F|  |TAMS 0x000000076a400000| PB 0x000000076a400000| Untracked |  0
| 851|0x000000076a600000, 0x000000076a600000, 0x000000076a800000|  0%| F|  |TAMS 0x000000076a600000| PB 0x000000076a600000| Untracked |  0
| 852|0x000000076a800000, 0x000000076a800000, 0x000000076aa00000|  0%| F|  |TAMS 0x000000076a800000| PB 0x000000076a800000| Untracked |  0
| 853|0x000000076aa00000, 0x000000076aa00000, 0x000000076ac00000|  0%| F|  |TAMS 0x000000076aa00000| PB 0x000000076aa00000| Untracked |  0
| 854|0x000000076ac00000, 0x000000076ac00000, 0x000000076ae00000|  0%| F|  |TAMS 0x000000076ac00000| PB 0x000000076ac00000| Untracked |  0
| 855|0x000000076ae00000, 0x000000076ae00000, 0x000000076b000000|  0%| F|  |TAMS 0x000000076ae00000| PB 0x000000076ae00000| Untracked |  0
| 856|0x000000076b000000, 0x000000076b000000, 0x000000076b200000|  0%| F|  |TAMS 0x000000076b000000| PB 0x000000076b000000| Untracked |  0
| 857|0x000000076b200000, 0x000000076b200000, 0x000000076b400000|  0%| F|  |TAMS 0x000000076b200000| PB 0x000000076b200000| Untracked |  0
| 858|0x000000076b400000, 0x000000076b400000, 0x000000076b600000|  0%| F|  |TAMS 0x000000076b400000| PB 0x000000076b400000| Untracked |  0
| 859|0x000000076b600000, 0x000000076b600000, 0x000000076b800000|  0%| F|  |TAMS 0x000000076b600000| PB 0x000000076b600000| Untracked |  0
| 860|0x000000076b800000, 0x000000076b800000, 0x000000076ba00000|  0%| F|  |TAMS 0x000000076b800000| PB 0x000000076b800000| Untracked |  0
| 861|0x000000076ba00000, 0x000000076ba00000, 0x000000076bc00000|  0%| F|  |TAMS 0x000000076ba00000| PB 0x000000076ba00000| Untracked |  0
| 862|0x000000076bc00000, 0x000000076bc00000, 0x000000076be00000|  0%| F|  |TAMS 0x000000076bc00000| PB 0x000000076bc00000| Untracked |  0
| 863|0x000000076be00000, 0x000000076be00000, 0x000000076c000000|  0%| F|  |TAMS 0x000000076be00000| PB 0x000000076be00000| Untracked |  0
| 864|0x000000076c000000, 0x000000076c000000, 0x000000076c200000|  0%| F|  |TAMS 0x000000076c000000| PB 0x000000076c000000| Untracked |  0
| 865|0x000000076c200000, 0x000000076c200000, 0x000000076c400000|  0%| F|  |TAMS 0x000000076c200000| PB 0x000000076c200000| Untracked |  0
| 866|0x000000076c400000, 0x000000076c400000, 0x000000076c600000|  0%| F|  |TAMS 0x000000076c400000| PB 0x000000076c400000| Untracked |  0
| 867|0x000000076c600000, 0x000000076c600000, 0x000000076c800000|  0%| F|  |TAMS 0x000000076c600000| PB 0x000000076c600000| Untracked |  0
| 868|0x000000076c800000, 0x000000076c800000, 0x000000076ca00000|  0%| F|  |TAMS 0x000000076c800000| PB 0x000000076c800000| Untracked |  0
| 869|0x000000076ca00000, 0x000000076ca00000, 0x000000076cc00000|  0%| F|  |TAMS 0x000000076ca00000| PB 0x000000076ca00000| Untracked |  0
| 870|0x000000076cc00000, 0x000000076cc00000, 0x000000076ce00000|  0%| F|  |TAMS 0x000000076cc00000| PB 0x000000076cc00000| Untracked |  0
| 871|0x000000076ce00000, 0x000000076ce00000, 0x000000076d000000|  0%| F|  |TAMS 0x000000076ce00000| PB 0x000000076ce00000| Untracked |  0
| 872|0x000000076d000000, 0x000000076d000000, 0x000000076d200000|  0%| F|  |TAMS 0x000000076d000000| PB 0x000000076d000000| Untracked |  0
| 873|0x000000076d200000, 0x000000076d200000, 0x000000076d400000|  0%| F|  |TAMS 0x000000076d200000| PB 0x000000076d200000| Untracked |  0
| 874|0x000000076d400000, 0x000000076d400000, 0x000000076d600000|  0%| F|  |TAMS 0x000000076d400000| PB 0x000000076d400000| Untracked |  0
| 875|0x000000076d600000, 0x000000076d600000, 0x000000076d800000|  0%| F|  |TAMS 0x000000076d600000| PB 0x000000076d600000| Untracked |  0
| 876|0x000000076d800000, 0x000000076d800000, 0x000000076da00000|  0%| F|  |TAMS 0x000000076d800000| PB 0x000000076d800000| Untracked |  0
| 877|0x000000076da00000, 0x000000076da00000, 0x000000076dc00000|  0%| F|  |TAMS 0x000000076da00000| PB 0x000000076da00000| Untracked |  0
| 878|0x000000076dc00000, 0x000000076dc00000, 0x000000076de00000|  0%| F|  |TAMS 0x000000076dc00000| PB 0x000000076dc00000| Untracked |  0
| 879|0x000000076de00000, 0x000000076de00000, 0x000000076e000000|  0%| F|  |TAMS 0x000000076de00000| PB 0x000000076de00000| Untracked |  0
| 880|0x000000076e000000, 0x000000076e000000, 0x000000076e200000|  0%| F|  |TAMS 0x000000076e000000| PB 0x000000076e000000| Untracked |  0
| 881|0x000000076e200000, 0x000000076e200000, 0x000000076e400000|  0%| F|  |TAMS 0x000000076e200000| PB 0x000000076e200000| Untracked |  0
| 882|0x000000076e400000, 0x000000076e400000, 0x000000076e600000|  0%| F|  |TAMS 0x000000076e400000| PB 0x000000076e400000| Untracked |  0
| 883|0x000000076e600000, 0x000000076e600000, 0x000000076e800000|  0%| F|  |TAMS 0x000000076e600000| PB 0x000000076e600000| Untracked |  0
| 884|0x000000076e800000, 0x000000076e800000, 0x000000076ea00000|  0%| F|  |TAMS 0x000000076e800000| PB 0x000000076e800000| Untracked |  0
| 885|0x000000076ea00000, 0x000000076ea00000, 0x000000076ec00000|  0%| F|  |TAMS 0x000000076ea00000| PB 0x000000076ea00000| Untracked |  0
| 886|0x000000076ec00000, 0x000000076ec00000, 0x000000076ee00000|  0%| F|  |TAMS 0x000000076ec00000| PB 0x000000076ec00000| Untracked |  0
| 887|0x000000076ee00000, 0x000000076ee00000, 0x000000076f000000|  0%| F|  |TAMS 0x000000076ee00000| PB 0x000000076ee00000| Untracked |  0
| 888|0x000000076f000000, 0x000000076f000000, 0x000000076f200000|  0%| F|  |TAMS 0x000000076f000000| PB 0x000000076f000000| Untracked |  0
| 889|0x000000076f200000, 0x000000076f200000, 0x000000076f400000|  0%| F|  |TAMS 0x000000076f200000| PB 0x000000076f200000| Untracked |  0
| 890|0x000000076f400000, 0x000000076f400000, 0x000000076f600000|  0%| F|  |TAMS 0x000000076f400000| PB 0x000000076f400000| Untracked |  0
| 891|0x000000076f600000, 0x000000076f600000, 0x000000076f800000|  0%| F|  |TAMS 0x000000076f600000| PB 0x000000076f600000| Untracked |  0
| 892|0x000000076f800000, 0x000000076f800000, 0x000000076fa00000|  0%| F|  |TAMS 0x000000076f800000| PB 0x000000076f800000| Untracked |  0
| 893|0x000000076fa00000, 0x000000076fa00000, 0x000000076fc00000|  0%| F|  |TAMS 0x000000076fa00000| PB 0x000000076fa00000| Untracked |  0
| 894|0x000000076fc00000, 0x000000076fc00000, 0x000000076fe00000|  0%| F|  |TAMS 0x000000076fc00000| PB 0x000000076fc00000| Untracked |  0
| 895|0x000000076fe00000, 0x000000076fe00000, 0x0000000770000000|  0%| F|  |TAMS 0x000000076fe00000| PB 0x000000076fe00000| Untracked |  0
| 896|0x0000000770000000, 0x0000000770000000, 0x0000000770200000|  0%| F|  |TAMS 0x0000000770000000| PB 0x0000000770000000| Untracked |  0
| 897|0x0000000770200000, 0x0000000770200000, 0x0000000770400000|  0%| F|  |TAMS 0x0000000770200000| PB 0x0000000770200000| Untracked |  0
| 898|0x0000000770400000, 0x0000000770400000, 0x0000000770600000|  0%| F|  |TAMS 0x0000000770400000| PB 0x0000000770400000| Untracked |  0
| 899|0x0000000770600000, 0x0000000770600000, 0x0000000770800000|  0%| F|  |TAMS 0x0000000770600000| PB 0x0000000770600000| Untracked |  0
| 900|0x0000000770800000, 0x0000000770800000, 0x0000000770a00000|  0%| F|  |TAMS 0x0000000770800000| PB 0x0000000770800000| Untracked |  0
| 901|0x0000000770a00000, 0x0000000770a00000, 0x0000000770c00000|  0%| F|  |TAMS 0x0000000770a00000| PB 0x0000000770a00000| Untracked |  0
| 902|0x0000000770c00000, 0x0000000770c00000, 0x0000000770e00000|  0%| F|  |TAMS 0x0000000770c00000| PB 0x0000000770c00000| Untracked |  0
| 903|0x0000000770e00000, 0x0000000770e00000, 0x0000000771000000|  0%| F|  |TAMS 0x0000000770e00000| PB 0x0000000770e00000| Untracked |  0
| 904|0x0000000771000000, 0x0000000771000000, 0x0000000771200000|  0%| F|  |TAMS 0x0000000771000000| PB 0x0000000771000000| Untracked |  0
| 905|0x0000000771200000, 0x0000000771200000, 0x0000000771400000|  0%| F|  |TAMS 0x0000000771200000| PB 0x0000000771200000| Untracked |  0
| 906|0x0000000771400000, 0x0000000771400000, 0x0000000771600000|  0%| F|  |TAMS 0x0000000771400000| PB 0x0000000771400000| Untracked |  0
| 907|0x0000000771600000, 0x0000000771600000, 0x0000000771800000|  0%| F|  |TAMS 0x0000000771600000| PB 0x0000000771600000| Untracked |  0
| 908|0x0000000771800000, 0x0000000771800000, 0x0000000771a00000|  0%| F|  |TAMS 0x0000000771800000| PB 0x0000000771800000| Untracked |  0
| 909|0x0000000771a00000, 0x0000000771a00000, 0x0000000771c00000|  0%| F|  |TAMS 0x0000000771a00000| PB 0x0000000771a00000| Untracked |  0
| 910|0x0000000771c00000, 0x0000000771c00000, 0x0000000771e00000|  0%| F|  |TAMS 0x0000000771c00000| PB 0x0000000771c00000| Untracked |  0
| 911|0x0000000771e00000, 0x0000000771e00000, 0x0000000772000000|  0%| F|  |TAMS 0x0000000771e00000| PB 0x0000000771e00000| Untracked |  0
| 912|0x0000000772000000, 0x0000000772000000, 0x0000000772200000|  0%| F|  |TAMS 0x0000000772000000| PB 0x0000000772000000| Untracked |  0
| 913|0x0000000772200000, 0x0000000772200000, 0x0000000772400000|  0%| F|  |TAMS 0x0000000772200000| PB 0x0000000772200000| Untracked |  0
| 914|0x0000000772400000, 0x0000000772400000, 0x0000000772600000|  0%| F|  |TAMS 0x0000000772400000| PB 0x0000000772400000| Untracked |  0
| 915|0x0000000772600000, 0x0000000772600000, 0x0000000772800000|  0%| F|  |TAMS 0x0000000772600000| PB 0x0000000772600000| Untracked |  0
| 916|0x0000000772800000, 0x0000000772800000, 0x0000000772a00000|  0%| F|  |TAMS 0x0000000772800000| PB 0x0000000772800000| Untracked |  0
| 917|0x0000000772a00000, 0x0000000772a00000, 0x0000000772c00000|  0%| F|  |TAMS 0x0000000772a00000| PB 0x0000000772a00000| Untracked |  0
| 918|0x0000000772c00000, 0x0000000772c00000, 0x0000000772e00000|  0%| F|  |TAMS 0x0000000772c00000| PB 0x0000000772c00000| Untracked |  0
| 919|0x0000000772e00000, 0x0000000772e00000, 0x0000000773000000|  0%| F|  |TAMS 0x0000000772e00000| PB 0x0000000772e00000| Untracked |  0
| 920|0x0000000773000000, 0x0000000773000000, 0x0000000773200000|  0%| F|  |TAMS 0x0000000773000000| PB 0x0000000773000000| Untracked |  0
| 921|0x0000000773200000, 0x0000000773200000, 0x0000000773400000|  0%| F|  |TAMS 0x0000000773200000| PB 0x0000000773200000| Untracked |  0
| 922|0x0000000773400000, 0x0000000773400000, 0x0000000773600000|  0%| F|  |TAMS 0x0000000773400000| PB 0x0000000773400000| Untracked |  0
| 923|0x0000000773600000, 0x0000000773600000, 0x0000000773800000|  0%| F|  |TAMS 0x0000000773600000| PB 0x0000000773600000| Untracked |  0
| 924|0x0000000773800000, 0x0000000773800000, 0x0000000773a00000|  0%| F|  |TAMS 0x0000000773800000| PB 0x0000000773800000| Untracked |  0
| 925|0x0000000773a00000, 0x0000000773a00000, 0x0000000773c00000|  0%| F|  |TAMS 0x0000000773a00000| PB 0x0000000773a00000| Untracked |  0
| 926|0x0000000773c00000, 0x0000000773c00000, 0x0000000773e00000|  0%| F|  |TAMS 0x0000000773c00000| PB 0x0000000773c00000| Untracked |  0
| 927|0x0000000773e00000, 0x0000000773e00000, 0x0000000774000000|  0%| F|  |TAMS 0x0000000773e00000| PB 0x0000000773e00000| Untracked |  0
| 928|0x0000000774000000, 0x0000000774000000, 0x0000000774200000|  0%| F|  |TAMS 0x0000000774000000| PB 0x0000000774000000| Untracked |  0
| 929|0x0000000774200000, 0x0000000774200000, 0x0000000774400000|  0%| F|  |TAMS 0x0000000774200000| PB 0x0000000774200000| Untracked |  0
| 930|0x0000000774400000, 0x0000000774400000, 0x0000000774600000|  0%| F|  |TAMS 0x0000000774400000| PB 0x0000000774400000| Untracked |  0
| 931|0x0000000774600000, 0x0000000774600000, 0x0000000774800000|  0%| F|  |TAMS 0x0000000774600000| PB 0x0000000774600000| Untracked |  0
| 932|0x0000000774800000, 0x0000000774800000, 0x0000000774a00000|  0%| F|  |TAMS 0x0000000774800000| PB 0x0000000774800000| Untracked |  0
| 933|0x0000000774a00000, 0x0000000774a00000, 0x0000000774c00000|  0%| F|  |TAMS 0x0000000774a00000| PB 0x0000000774a00000| Untracked |  0
| 934|0x0000000774c00000, 0x0000000774c00000, 0x0000000774e00000|  0%| F|  |TAMS 0x0000000774c00000| PB 0x0000000774c00000| Untracked |  0
| 935|0x0000000774e00000, 0x0000000774e00000, 0x0000000775000000|  0%| F|  |TAMS 0x0000000774e00000| PB 0x0000000774e00000| Untracked |  0
| 936|0x0000000775000000, 0x0000000775000000, 0x0000000775200000|  0%| F|  |TAMS 0x0000000775000000| PB 0x0000000775000000| Untracked |  0
| 937|0x0000000775200000, 0x0000000775200000, 0x0000000775400000|  0%| F|  |TAMS 0x0000000775200000| PB 0x0000000775200000| Untracked |  0
| 938|0x0000000775400000, 0x0000000775400000, 0x0000000775600000|  0%| F|  |TAMS 0x0000000775400000| PB 0x0000000775400000| Untracked |  0
| 939|0x0000000775600000, 0x0000000775600000, 0x0000000775800000|  0%| F|  |TAMS 0x0000000775600000| PB 0x0000000775600000| Untracked |  0
| 940|0x0000000775800000, 0x0000000775800000, 0x0000000775a00000|  0%| F|  |TAMS 0x0000000775800000| PB 0x0000000775800000| Untracked |  0
| 941|0x0000000775a00000, 0x0000000775a00000, 0x0000000775c00000|  0%| F|  |TAMS 0x0000000775a00000| PB 0x0000000775a00000| Untracked |  0
| 942|0x0000000775c00000, 0x0000000775c00000, 0x0000000775e00000|  0%| F|  |TAMS 0x0000000775c00000| PB 0x0000000775c00000| Untracked |  0
| 943|0x0000000775e00000, 0x0000000775e00000, 0x0000000776000000|  0%| F|  |TAMS 0x0000000775e00000| PB 0x0000000775e00000| Untracked |  0
| 944|0x0000000776000000, 0x0000000776000000, 0x0000000776200000|  0%| F|  |TAMS 0x0000000776000000| PB 0x0000000776000000| Untracked |  0
| 945|0x0000000776200000, 0x0000000776200000, 0x0000000776400000|  0%| F|  |TAMS 0x0000000776200000| PB 0x0000000776200000| Untracked |  0
| 946|0x0000000776400000, 0x0000000776400000, 0x0000000776600000|  0%| F|  |TAMS 0x0000000776400000| PB 0x0000000776400000| Untracked |  0
| 947|0x0000000776600000, 0x0000000776600000, 0x0000000776800000|  0%| F|  |TAMS 0x0000000776600000| PB 0x0000000776600000| Untracked |  0
| 948|0x0000000776800000, 0x0000000776800000, 0x0000000776a00000|  0%| F|  |TAMS 0x0000000776800000| PB 0x0000000776800000| Untracked |  0
| 949|0x0000000776a00000, 0x0000000776a00000, 0x0000000776c00000|  0%| F|  |TAMS 0x0000000776a00000| PB 0x0000000776a00000| Untracked |  0
| 950|0x0000000776c00000, 0x0000000776c00000, 0x0000000776e00000|  0%| F|  |TAMS 0x0000000776c00000| PB 0x0000000776c00000| Untracked |  0
| 951|0x0000000776e00000, 0x0000000776e00000, 0x0000000777000000|  0%| F|  |TAMS 0x0000000776e00000| PB 0x0000000776e00000| Untracked |  0
| 952|0x0000000777000000, 0x0000000777000000, 0x0000000777200000|  0%| F|  |TAMS 0x0000000777000000| PB 0x0000000777000000| Untracked |  0
| 953|0x0000000777200000, 0x0000000777200000, 0x0000000777400000|  0%| F|  |TAMS 0x0000000777200000| PB 0x0000000777200000| Untracked |  0
| 954|0x0000000777400000, 0x0000000777400000, 0x0000000777600000|  0%| F|  |TAMS 0x0000000777400000| PB 0x0000000777400000| Untracked |  0
| 955|0x0000000777600000, 0x0000000777600000, 0x0000000777800000|  0%| F|  |TAMS 0x0000000777600000| PB 0x0000000777600000| Untracked |  0
| 956|0x0000000777800000, 0x0000000777800000, 0x0000000777a00000|  0%| F|  |TAMS 0x0000000777800000| PB 0x0000000777800000| Untracked |  0
| 957|0x0000000777a00000, 0x0000000777a00000, 0x0000000777c00000|  0%| F|  |TAMS 0x0000000777a00000| PB 0x0000000777a00000| Untracked |  0
| 958|0x0000000777c00000, 0x0000000777c00000, 0x0000000777e00000|  0%| F|  |TAMS 0x0000000777c00000| PB 0x0000000777c00000| Untracked |  0
| 959|0x0000000777e00000, 0x0000000777e00000, 0x0000000778000000|  0%| F|  |TAMS 0x0000000777e00000| PB 0x0000000777e00000| Untracked |  0
| 960|0x0000000778000000, 0x0000000778000000, 0x0000000778200000|  0%| F|  |TAMS 0x0000000778000000| PB 0x0000000778000000| Untracked |  0
| 961|0x0000000778200000, 0x0000000778200000, 0x0000000778400000|  0%| F|  |TAMS 0x0000000778200000| PB 0x0000000778200000| Untracked |  0
| 962|0x0000000778400000, 0x0000000778400000, 0x0000000778600000|  0%| F|  |TAMS 0x0000000778400000| PB 0x0000000778400000| Untracked |  0
| 963|0x0000000778600000, 0x0000000778600000, 0x0000000778800000|  0%| F|  |TAMS 0x0000000778600000| PB 0x0000000778600000| Untracked |  0
| 964|0x0000000778800000, 0x0000000778800000, 0x0000000778a00000|  0%| F|  |TAMS 0x0000000778800000| PB 0x0000000778800000| Untracked |  0
| 965|0x0000000778a00000, 0x0000000778a00000, 0x0000000778c00000|  0%| F|  |TAMS 0x0000000778a00000| PB 0x0000000778a00000| Untracked |  0
| 966|0x0000000778c00000, 0x0000000778c00000, 0x0000000778e00000|  0%| F|  |TAMS 0x0000000778c00000| PB 0x0000000778c00000| Untracked |  0
| 967|0x0000000778e00000, 0x0000000778e00000, 0x0000000779000000|  0%| F|  |TAMS 0x0000000778e00000| PB 0x0000000778e00000| Untracked |  0
| 968|0x0000000779000000, 0x0000000779000000, 0x0000000779200000|  0%| F|  |TAMS 0x0000000779000000| PB 0x0000000779000000| Untracked |  0
| 969|0x0000000779200000, 0x0000000779200000, 0x0000000779400000|  0%| F|  |TAMS 0x0000000779200000| PB 0x0000000779200000| Untracked |  0
| 970|0x0000000779400000, 0x0000000779400000, 0x0000000779600000|  0%| F|  |TAMS 0x0000000779400000| PB 0x0000000779400000| Untracked |  0
| 971|0x0000000779600000, 0x0000000779600000, 0x0000000779800000|  0%| F|  |TAMS 0x0000000779600000| PB 0x0000000779600000| Untracked |  0
| 972|0x0000000779800000, 0x0000000779800000, 0x0000000779a00000|  0%| F|  |TAMS 0x0000000779800000| PB 0x0000000779800000| Untracked |  0
| 973|0x0000000779a00000, 0x0000000779a00000, 0x0000000779c00000|  0%| F|  |TAMS 0x0000000779a00000| PB 0x0000000779a00000| Untracked |  0
| 974|0x0000000779c00000, 0x0000000779c00000, 0x0000000779e00000|  0%| F|  |TAMS 0x0000000779c00000| PB 0x0000000779c00000| Untracked |  0
| 975|0x0000000779e00000, 0x0000000779e00000, 0x000000077a000000|  0%| F|  |TAMS 0x0000000779e00000| PB 0x0000000779e00000| Untracked |  0
| 976|0x000000077a000000, 0x000000077a000000, 0x000000077a200000|  0%| F|  |TAMS 0x000000077a000000| PB 0x000000077a000000| Untracked |  0
| 977|0x000000077a200000, 0x000000077a200000, 0x000000077a400000|  0%| F|  |TAMS 0x000000077a200000| PB 0x000000077a200000| Untracked |  0
| 978|0x000000077a400000, 0x000000077a400000, 0x000000077a600000|  0%| F|  |TAMS 0x000000077a400000| PB 0x000000077a400000| Untracked |  0
| 979|0x000000077a600000, 0x000000077a600000, 0x000000077a800000|  0%| F|  |TAMS 0x000000077a600000| PB 0x000000077a600000| Untracked |  0
| 980|0x000000077a800000, 0x000000077a800000, 0x000000077aa00000|  0%| F|  |TAMS 0x000000077a800000| PB 0x000000077a800000| Untracked |  0
| 981|0x000000077aa00000, 0x000000077aa00000, 0x000000077ac00000|  0%| F|  |TAMS 0x000000077aa00000| PB 0x000000077aa00000| Untracked |  0
| 982|0x000000077ac00000, 0x000000077ac00000, 0x000000077ae00000|  0%| F|  |TAMS 0x000000077ac00000| PB 0x000000077ac00000| Untracked |  0
| 983|0x000000077ae00000, 0x000000077ae00000, 0x000000077b000000|  0%| F|  |TAMS 0x000000077ae00000| PB 0x000000077ae00000| Untracked |  0
| 984|0x000000077b000000, 0x000000077b000000, 0x000000077b200000|  0%| F|  |TAMS 0x000000077b000000| PB 0x000000077b000000| Untracked |  0
| 985|0x000000077b200000, 0x000000077b200000, 0x000000077b400000|  0%| F|  |TAMS 0x000000077b200000| PB 0x000000077b200000| Untracked |  0
| 986|0x000000077b400000, 0x000000077b400000, 0x000000077b600000|  0%| F|  |TAMS 0x000000077b400000| PB 0x000000077b400000| Untracked |  0
| 987|0x000000077b600000, 0x000000077b600000, 0x000000077b800000|  0%| F|  |TAMS 0x000000077b600000| PB 0x000000077b600000| Untracked |  0
| 988|0x000000077b800000, 0x000000077b800000, 0x000000077ba00000|  0%| F|  |TAMS 0x000000077b800000| PB 0x000000077b800000| Untracked |  0
| 989|0x000000077ba00000, 0x000000077ba00000, 0x000000077bc00000|  0%| F|  |TAMS 0x000000077ba00000| PB 0x000000077ba00000| Untracked |  0
| 990|0x000000077bc00000, 0x000000077bc00000, 0x000000077be00000|  0%| F|  |TAMS 0x000000077bc00000| PB 0x000000077bc00000| Untracked |  0
| 991|0x000000077be00000, 0x000000077be00000, 0x000000077c000000|  0%| F|  |TAMS 0x000000077be00000| PB 0x000000077be00000| Untracked |  0
| 992|0x000000077c000000, 0x000000077c000000, 0x000000077c200000|  0%| F|  |TAMS 0x000000077c000000| PB 0x000000077c000000| Untracked |  0
| 993|0x000000077c200000, 0x000000077c200000, 0x000000077c400000|  0%| F|  |TAMS 0x000000077c200000| PB 0x000000077c200000| Untracked |  0
| 994|0x000000077c400000, 0x000000077c400000, 0x000000077c600000|  0%| F|  |TAMS 0x000000077c400000| PB 0x000000077c400000| Untracked |  0
| 995|0x000000077c600000, 0x000000077c600000, 0x000000077c800000|  0%| F|  |TAMS 0x000000077c600000| PB 0x000000077c600000| Untracked |  0
| 996|0x000000077c800000, 0x000000077c800000, 0x000000077ca00000|  0%| F|  |TAMS 0x000000077c800000| PB 0x000000077c800000| Untracked |  0
| 997|0x000000077ca00000, 0x000000077ca00000, 0x000000077cc00000|  0%| F|  |TAMS 0x000000077ca00000| PB 0x000000077ca00000| Untracked |  0
| 998|0x000000077cc00000, 0x000000077cc00000, 0x000000077ce00000|  0%| F|  |TAMS 0x000000077cc00000| PB 0x000000077cc00000| Untracked |  0
| 999|0x000000077ce00000, 0x000000077ce00000, 0x000000077d000000|  0%| F|  |TAMS 0x000000077ce00000| PB 0x000000077ce00000| Untracked |  0
|1000|0x000000077d000000, 0x000000077d000000, 0x000000077d200000|  0%| F|  |TAMS 0x000000077d000000| PB 0x000000077d000000| Untracked |  0
|1001|0x000000077d200000, 0x000000077d200000, 0x000000077d400000|  0%| F|  |TAMS 0x000000077d200000| PB 0x000000077d200000| Untracked |  0
|1002|0x000000077d400000, 0x000000077d400000, 0x000000077d600000|  0%| F|  |TAMS 0x000000077d400000| PB 0x000000077d400000| Untracked |  0
|1003|0x000000077d600000, 0x000000077d600000, 0x000000077d800000|  0%| F|  |TAMS 0x000000077d600000| PB 0x000000077d600000| Untracked |  0
|1004|0x000000077d800000, 0x000000077d800000, 0x000000077da00000|  0%| F|  |TAMS 0x000000077d800000| PB 0x000000077d800000| Untracked |  0
|1005|0x000000077da00000, 0x000000077da00000, 0x000000077dc00000|  0%| F|  |TAMS 0x000000077da00000| PB 0x000000077da00000| Untracked |  0
|1006|0x000000077dc00000, 0x000000077dc00000, 0x000000077de00000|  0%| F|  |TAMS 0x000000077dc00000| PB 0x000000077dc00000| Untracked |  0
|1007|0x000000077de00000, 0x000000077de00000, 0x000000077e000000|  0%| F|  |TAMS 0x000000077de00000| PB 0x000000077de00000| Untracked |  0
|1008|0x000000077e000000, 0x000000077e000000, 0x000000077e200000|  0%| F|  |TAMS 0x000000077e000000| PB 0x000000077e000000| Untracked |  0
|1009|0x000000077e200000, 0x000000077e200000, 0x000000077e400000|  0%| F|  |TAMS 0x000000077e200000| PB 0x000000077e200000| Untracked |  0
|1010|0x000000077e400000, 0x000000077e400000, 0x000000077e600000|  0%| F|  |TAMS 0x000000077e400000| PB 0x000000077e400000| Untracked |  0
|1011|0x000000077e600000, 0x000000077e600000, 0x000000077e800000|  0%| F|  |TAMS 0x000000077e600000| PB 0x000000077e600000| Untracked |  0
|1012|0x000000077e800000, 0x000000077e800000, 0x000000077ea00000|  0%| F|  |TAMS 0x000000077e800000| PB 0x000000077e800000| Untracked |  0
|1013|0x000000077ea00000, 0x000000077ea00000, 0x000000077ec00000|  0%| F|  |TAMS 0x000000077ea00000| PB 0x000000077ea00000| Untracked |  0
|1014|0x000000077ec00000, 0x000000077ec00000, 0x000000077ee00000|  0%| F|  |TAMS 0x000000077ec00000| PB 0x000000077ec00000| Untracked |  0
|1015|0x000000077ee00000, 0x000000077ee00000, 0x000000077f000000|  0%| F|  |TAMS 0x000000077ee00000| PB 0x000000077ee00000| Untracked |  0
|1016|0x000000077f000000, 0x000000077f000000, 0x000000077f200000|  0%| F|  |TAMS 0x000000077f000000| PB 0x000000077f000000| Untracked |  0
|1017|0x000000077f200000, 0x000000077f200000, 0x000000077f400000|  0%| F|  |TAMS 0x000000077f200000| PB 0x000000077f200000| Untracked |  0
|1018|0x000000077f400000, 0x000000077f400000, 0x000000077f600000|  0%| F|  |TAMS 0x000000077f400000| PB 0x000000077f400000| Untracked |  0
|1019|0x000000077f600000, 0x000000077f600000, 0x000000077f800000|  0%| F|  |TAMS 0x000000077f600000| PB 0x000000077f600000| Untracked |  0
|1020|0x000000077f800000, 0x000000077f800000, 0x000000077fa00000|  0%| F|  |TAMS 0x000000077f800000| PB 0x000000077f800000| Untracked |  0
|1021|0x000000077fa00000, 0x000000077fa00000, 0x000000077fc00000|  0%| F|  |TAMS 0x000000077fa00000| PB 0x000000077fa00000| Untracked |  0
|1022|0x000000077fc00000, 0x000000077fc00000, 0x000000077fe00000|  0%| F|  |TAMS 0x000000077fc00000| PB 0x000000077fc00000| Untracked |  0
|1023|0x000000077fe00000, 0x000000077fe00000, 0x0000000780000000|  0%| F|  |TAMS 0x000000077fe00000| PB 0x000000077fe00000| Untracked |  0
|1024|0x0000000780000000, 0x0000000780000000, 0x0000000780200000|  0%| F|  |TAMS 0x0000000780000000| PB 0x0000000780000000| Untracked |  0
|1025|0x0000000780200000, 0x0000000780200000, 0x0000000780400000|  0%| F|  |TAMS 0x0000000780200000| PB 0x0000000780200000| Untracked |  0
|1026|0x0000000780400000, 0x0000000780400000, 0x0000000780600000|  0%| F|  |TAMS 0x0000000780400000| PB 0x0000000780400000| Untracked |  0
|1027|0x0000000780600000, 0x0000000780600000, 0x0000000780800000|  0%| F|  |TAMS 0x0000000780600000| PB 0x0000000780600000| Untracked |  0
|1028|0x0000000780800000, 0x0000000780800000, 0x0000000780a00000|  0%| F|  |TAMS 0x0000000780800000| PB 0x0000000780800000| Untracked |  0
|1029|0x0000000780a00000, 0x0000000780a00000, 0x0000000780c00000|  0%| F|  |TAMS 0x0000000780a00000| PB 0x0000000780a00000| Untracked |  0
|1030|0x0000000780c00000, 0x0000000780da1db0, 0x0000000780e00000| 81%| E|  |TAMS 0x0000000780c00000| PB 0x0000000780c00000| Complete |  0
|1031|0x0000000780e00000, 0x0000000781000000, 0x0000000781000000|100%| E|CS|TAMS 0x0000000780e00000| PB 0x0000000780e00000| Complete |  0
|1032|0x0000000781000000, 0x0000000781200000, 0x0000000781200000|100%| E|CS|TAMS 0x0000000781000000| PB 0x0000000781000000| Complete |  0
|1033|0x0000000781200000, 0x0000000781400000, 0x0000000781400000|100%| E|CS|TAMS 0x0000000781200000| PB 0x0000000781200000| Complete |  0
|1034|0x0000000781400000, 0x0000000781600000, 0x0000000781600000|100%| E|CS|TAMS 0x0000000781400000| PB 0x0000000781400000| Complete |  0
|1035|0x0000000781600000, 0x0000000781800000, 0x0000000781800000|100%| E|CS|TAMS 0x0000000781600000| PB 0x0000000781600000| Complete |  0
|1036|0x0000000781800000, 0x0000000781a00000, 0x0000000781a00000|100%| E|CS|TAMS 0x0000000781800000| PB 0x0000000781800000| Complete |  0
|1037|0x0000000781a00000, 0x0000000781c00000, 0x0000000781c00000|100%| E|CS|TAMS 0x0000000781a00000| PB 0x0000000781a00000| Complete |  0
|1038|0x0000000781c00000, 0x0000000781e00000, 0x0000000781e00000|100%| E|CS|TAMS 0x0000000781c00000| PB 0x0000000781c00000| Complete |  0
|1039|0x0000000781e00000, 0x0000000782000000, 0x0000000782000000|100%| E|CS|TAMS 0x0000000781e00000| PB 0x0000000781e00000| Complete |  0
|1040|0x0000000782000000, 0x0000000782200000, 0x0000000782200000|100%| E|CS|TAMS 0x0000000782000000| PB 0x0000000782000000| Complete |  0
|1041|0x0000000782200000, 0x0000000782400000, 0x0000000782400000|100%| E|CS|TAMS 0x0000000782200000| PB 0x0000000782200000| Complete |  0
|1042|0x0000000782400000, 0x0000000782600000, 0x0000000782600000|100%| E|CS|TAMS 0x0000000782400000| PB 0x0000000782400000| Complete |  0
|1043|0x0000000782600000, 0x0000000782800000, 0x0000000782800000|100%| E|CS|TAMS 0x0000000782600000| PB 0x0000000782600000| Complete |  0
|1044|0x0000000782800000, 0x0000000782a00000, 0x0000000782a00000|100%| E|CS|TAMS 0x0000000782800000| PB 0x0000000782800000| Complete |  0
|1045|0x0000000782a00000, 0x0000000782c00000, 0x0000000782c00000|100%| E|CS|TAMS 0x0000000782a00000| PB 0x0000000782a00000| Complete |  0
|1046|0x0000000782c00000, 0x0000000782e00000, 0x0000000782e00000|100%| E|CS|TAMS 0x0000000782c00000| PB 0x0000000782c00000| Complete |  0
|1047|0x0000000782e00000, 0x0000000783000000, 0x0000000783000000|100%| E|CS|TAMS 0x0000000782e00000| PB 0x0000000782e00000| Complete |  0
|1048|0x0000000783000000, 0x0000000783200000, 0x0000000783200000|100%| E|CS|TAMS 0x0000000783000000| PB 0x0000000783000000| Complete |  0
|1049|0x0000000783200000, 0x0000000783400000, 0x0000000783400000|100%| E|CS|TAMS 0x0000000783200000| PB 0x0000000783200000| Complete |  0
|1050|0x0000000783400000, 0x0000000783600000, 0x0000000783600000|100%| E|CS|TAMS 0x0000000783400000| PB 0x0000000783400000| Complete |  0
|1051|0x0000000783600000, 0x0000000783800000, 0x0000000783800000|100%| E|CS|TAMS 0x0000000783600000| PB 0x0000000783600000| Complete |  0
|1052|0x0000000783800000, 0x0000000783a00000, 0x0000000783a00000|100%| E|CS|TAMS 0x0000000783800000| PB 0x0000000783800000| Complete |  0
|1053|0x0000000783a00000, 0x0000000783c00000, 0x0000000783c00000|100%| E|CS|TAMS 0x0000000783a00000| PB 0x0000000783a00000| Complete |  0
|1054|0x0000000783c00000, 0x0000000783e00000, 0x0000000783e00000|100%| E|CS|TAMS 0x0000000783c00000| PB 0x0000000783c00000| Complete |  0
|1055|0x0000000783e00000, 0x0000000784000000, 0x0000000784000000|100%| E|CS|TAMS 0x0000000783e00000| PB 0x0000000783e00000| Complete |  0
|1056|0x0000000784000000, 0x0000000784200000, 0x0000000784200000|100%| E|CS|TAMS 0x0000000784000000| PB 0x0000000784000000| Complete |  0
|1057|0x0000000784200000, 0x0000000784400000, 0x0000000784400000|100%| E|CS|TAMS 0x0000000784200000| PB 0x0000000784200000| Complete |  0
|1058|0x0000000784400000, 0x0000000784600000, 0x0000000784600000|100%| E|CS|TAMS 0x0000000784400000| PB 0x0000000784400000| Complete |  0
|1059|0x0000000784600000, 0x0000000784800000, 0x0000000784800000|100%| E|CS|TAMS 0x0000000784600000| PB 0x0000000784600000| Complete |  0
|1060|0x0000000784800000, 0x0000000784a00000, 0x0000000784a00000|100%| E|CS|TAMS 0x0000000784800000| PB 0x0000000784800000| Complete |  0
|1061|0x0000000784a00000, 0x0000000784c00000, 0x0000000784c00000|100%| E|CS|TAMS 0x0000000784a00000| PB 0x0000000784a00000| Complete |  0
|1062|0x0000000784c00000, 0x0000000784e00000, 0x0000000784e00000|100%| E|CS|TAMS 0x0000000784c00000| PB 0x0000000784c00000| Complete |  0
|1063|0x0000000784e00000, 0x0000000785000000, 0x0000000785000000|100%| E|CS|TAMS 0x0000000784e00000| PB 0x0000000784e00000| Complete |  0
|1064|0x0000000785000000, 0x0000000785200000, 0x0000000785200000|100%| E|CS|TAMS 0x0000000785000000| PB 0x0000000785000000| Complete |  0
|1065|0x0000000785200000, 0x0000000785400000, 0x0000000785400000|100%| E|CS|TAMS 0x0000000785200000| PB 0x0000000785200000| Complete |  0
|1066|0x0000000785400000, 0x0000000785600000, 0x0000000785600000|100%| E|CS|TAMS 0x0000000785400000| PB 0x0000000785400000| Complete |  0
|1067|0x0000000785600000, 0x0000000785800000, 0x0000000785800000|100%| E|CS|TAMS 0x0000000785600000| PB 0x0000000785600000| Complete |  0
|1068|0x0000000785800000, 0x0000000785a00000, 0x0000000785a00000|100%| E|CS|TAMS 0x0000000785800000| PB 0x0000000785800000| Complete |  0
|1069|0x0000000785a00000, 0x0000000785c00000, 0x0000000785c00000|100%| E|CS|TAMS 0x0000000785a00000| PB 0x0000000785a00000| Complete |  0
|1070|0x0000000785c00000, 0x0000000785e00000, 0x0000000785e00000|100%| E|CS|TAMS 0x0000000785c00000| PB 0x0000000785c00000| Complete |  0
|1071|0x0000000785e00000, 0x0000000786000000, 0x0000000786000000|100%| E|CS|TAMS 0x0000000785e00000| PB 0x0000000785e00000| Complete |  0
|1072|0x0000000786000000, 0x0000000786200000, 0x0000000786200000|100%| E|CS|TAMS 0x0000000786000000| PB 0x0000000786000000| Complete |  0
|1073|0x0000000786200000, 0x0000000786400000, 0x0000000786400000|100%| E|CS|TAMS 0x0000000786200000| PB 0x0000000786200000| Complete |  0
|1074|0x0000000786400000, 0x0000000786600000, 0x0000000786600000|100%| E|CS|TAMS 0x0000000786400000| PB 0x0000000786400000| Complete |  0
|1075|0x0000000786600000, 0x0000000786800000, 0x0000000786800000|100%| E|CS|TAMS 0x0000000786600000| PB 0x0000000786600000| Complete |  0
|1076|0x0000000786800000, 0x0000000786a00000, 0x0000000786a00000|100%| E|CS|TAMS 0x0000000786800000| PB 0x0000000786800000| Complete |  0
|1077|0x0000000786a00000, 0x0000000786c00000, 0x0000000786c00000|100%| E|CS|TAMS 0x0000000786a00000| PB 0x0000000786a00000| Complete |  0
|1078|0x0000000786c00000, 0x0000000786e00000, 0x0000000786e00000|100%| E|CS|TAMS 0x0000000786c00000| PB 0x0000000786c00000| Complete |  0
|1079|0x0000000786e00000, 0x0000000787000000, 0x0000000787000000|100%| E|CS|TAMS 0x0000000786e00000| PB 0x0000000786e00000| Complete |  0
|1080|0x0000000787000000, 0x0000000787200000, 0x0000000787200000|100%| E|CS|TAMS 0x0000000787000000| PB 0x0000000787000000| Complete |  0
|1081|0x0000000787200000, 0x0000000787400000, 0x0000000787400000|100%| E|CS|TAMS 0x0000000787200000| PB 0x0000000787200000| Complete |  0
|1082|0x0000000787400000, 0x0000000787600000, 0x0000000787600000|100%| E|CS|TAMS 0x0000000787400000| PB 0x0000000787400000| Complete |  0
|1083|0x0000000787600000, 0x0000000787800000, 0x0000000787800000|100%| E|CS|TAMS 0x0000000787600000| PB 0x0000000787600000| Complete |  0
|1084|0x0000000787800000, 0x0000000787a00000, 0x0000000787a00000|100%| E|CS|TAMS 0x0000000787800000| PB 0x0000000787800000| Complete |  0
|1085|0x0000000787a00000, 0x0000000787c00000, 0x0000000787c00000|100%| E|CS|TAMS 0x0000000787a00000| PB 0x0000000787a00000| Complete |  0
|1086|0x0000000787c00000, 0x0000000787e00000, 0x0000000787e00000|100%| E|CS|TAMS 0x0000000787c00000| PB 0x0000000787c00000| Complete |  0
|1087|0x0000000787e00000, 0x0000000788000000, 0x0000000788000000|100%| E|CS|TAMS 0x0000000787e00000| PB 0x0000000787e00000| Complete |  0
|1088|0x0000000788000000, 0x0000000788200000, 0x0000000788200000|100%| E|CS|TAMS 0x0000000788000000| PB 0x0000000788000000| Complete |  0
|1089|0x0000000788200000, 0x0000000788400000, 0x0000000788400000|100%| E|CS|TAMS 0x0000000788200000| PB 0x0000000788200000| Complete |  0
|1090|0x0000000788400000, 0x0000000788600000, 0x0000000788600000|100%| E|CS|TAMS 0x0000000788400000| PB 0x0000000788400000| Complete |  0
|1091|0x0000000788600000, 0x0000000788800000, 0x0000000788800000|100%| E|CS|TAMS 0x0000000788600000| PB 0x0000000788600000| Complete |  0
|1092|0x0000000788800000, 0x0000000788a00000, 0x0000000788a00000|100%| E|CS|TAMS 0x0000000788800000| PB 0x0000000788800000| Complete |  0
|1093|0x0000000788a00000, 0x0000000788c00000, 0x0000000788c00000|100%| E|CS|TAMS 0x0000000788a00000| PB 0x0000000788a00000| Complete |  0
|1094|0x0000000788c00000, 0x0000000788e00000, 0x0000000788e00000|100%| E|CS|TAMS 0x0000000788c00000| PB 0x0000000788c00000| Complete |  0
|1095|0x0000000788e00000, 0x0000000789000000, 0x0000000789000000|100%| E|CS|TAMS 0x0000000788e00000| PB 0x0000000788e00000| Complete |  0
|1096|0x0000000789000000, 0x0000000789200000, 0x0000000789200000|100%| E|CS|TAMS 0x0000000789000000| PB 0x0000000789000000| Complete |  0
|1097|0x0000000789200000, 0x0000000789400000, 0x0000000789400000|100%| E|CS|TAMS 0x0000000789200000| PB 0x0000000789200000| Complete |  0
|1098|0x0000000789400000, 0x0000000789600000, 0x0000000789600000|100%| E|CS|TAMS 0x0000000789400000| PB 0x0000000789400000| Complete |  0
|1099|0x0000000789600000, 0x0000000789800000, 0x0000000789800000|100%| E|CS|TAMS 0x0000000789600000| PB 0x0000000789600000| Complete |  0
|1100|0x0000000789800000, 0x0000000789a00000, 0x0000000789a00000|100%| E|CS|TAMS 0x0000000789800000| PB 0x0000000789800000| Complete |  0
|1101|0x0000000789a00000, 0x0000000789c00000, 0x0000000789c00000|100%| E|CS|TAMS 0x0000000789a00000| PB 0x0000000789a00000| Complete |  0
|1102|0x0000000789c00000, 0x0000000789e00000, 0x0000000789e00000|100%| E|CS|TAMS 0x0000000789c00000| PB 0x0000000789c00000| Complete |  0
|1103|0x0000000789e00000, 0x000000078a000000, 0x000000078a000000|100%| E|CS|TAMS 0x0000000789e00000| PB 0x0000000789e00000| Complete |  0
|1104|0x000000078a000000, 0x000000078a200000, 0x000000078a200000|100%| E|CS|TAMS 0x000000078a000000| PB 0x000000078a000000| Complete |  0
|1105|0x000000078a200000, 0x000000078a400000, 0x000000078a400000|100%| E|CS|TAMS 0x000000078a200000| PB 0x000000078a200000| Complete |  0
|1106|0x000000078a400000, 0x000000078a600000, 0x000000078a600000|100%| E|CS|TAMS 0x000000078a400000| PB 0x000000078a400000| Complete |  0
|1107|0x000000078a600000, 0x000000078a800000, 0x000000078a800000|100%| E|CS|TAMS 0x000000078a600000| PB 0x000000078a600000| Complete |  0
|1108|0x000000078a800000, 0x000000078aa00000, 0x000000078aa00000|100%| E|CS|TAMS 0x000000078a800000| PB 0x000000078a800000| Complete |  0
|1109|0x000000078aa00000, 0x000000078ac00000, 0x000000078ac00000|100%| E|CS|TAMS 0x000000078aa00000| PB 0x000000078aa00000| Complete |  0
|1110|0x000000078ac00000, 0x000000078ae00000, 0x000000078ae00000|100%| E|CS|TAMS 0x000000078ac00000| PB 0x000000078ac00000| Complete |  0
|1111|0x000000078ae00000, 0x000000078b000000, 0x000000078b000000|100%| E|CS|TAMS 0x000000078ae00000| PB 0x000000078ae00000| Complete |  0
|1112|0x000000078b000000, 0x000000078b200000, 0x000000078b200000|100%| E|CS|TAMS 0x000000078b000000| PB 0x000000078b000000| Complete |  0
|1113|0x000000078b200000, 0x000000078b400000, 0x000000078b400000|100%| E|CS|TAMS 0x000000078b200000| PB 0x000000078b200000| Complete |  0
|1114|0x000000078b400000, 0x000000078b600000, 0x000000078b600000|100%| E|CS|TAMS 0x000000078b400000| PB 0x000000078b400000| Complete |  0
|1115|0x000000078b600000, 0x000000078b800000, 0x000000078b800000|100%| E|CS|TAMS 0x000000078b600000| PB 0x000000078b600000| Complete |  0
|1116|0x000000078b800000, 0x000000078ba00000, 0x000000078ba00000|100%| E|CS|TAMS 0x000000078b800000| PB 0x000000078b800000| Complete |  0
|1117|0x000000078ba00000, 0x000000078bc00000, 0x000000078bc00000|100%| E|CS|TAMS 0x000000078ba00000| PB 0x000000078ba00000| Complete |  0
|1118|0x000000078bc00000, 0x000000078be00000, 0x000000078be00000|100%| E|CS|TAMS 0x000000078bc00000| PB 0x000000078bc00000| Complete |  0
|1119|0x000000078be00000, 0x000000078c000000, 0x000000078c000000|100%| E|CS|TAMS 0x000000078be00000| PB 0x000000078be00000| Complete |  0
|1120|0x000000078c000000, 0x000000078c200000, 0x000000078c200000|100%| E|CS|TAMS 0x000000078c000000| PB 0x000000078c000000| Complete |  0
|1121|0x000000078c200000, 0x000000078c400000, 0x000000078c400000|100%| E|CS|TAMS 0x000000078c200000| PB 0x000000078c200000| Complete |  0
|1122|0x000000078c400000, 0x000000078c600000, 0x000000078c600000|100%| E|CS|TAMS 0x000000078c400000| PB 0x000000078c400000| Complete |  0
|1123|0x000000078c600000, 0x000000078c800000, 0x000000078c800000|100%| E|CS|TAMS 0x000000078c600000| PB 0x000000078c600000| Complete |  0
|1124|0x000000078c800000, 0x000000078ca00000, 0x000000078ca00000|100%| E|CS|TAMS 0x000000078c800000| PB 0x000000078c800000| Complete |  0
|1125|0x000000078ca00000, 0x000000078cc00000, 0x000000078cc00000|100%| E|CS|TAMS 0x000000078ca00000| PB 0x000000078ca00000| Complete |  0
|1126|0x000000078cc00000, 0x000000078ce00000, 0x000000078ce00000|100%| E|CS|TAMS 0x000000078cc00000| PB 0x000000078cc00000| Complete |  0
|1127|0x000000078ce00000, 0x000000078d000000, 0x000000078d000000|100%| E|CS|TAMS 0x000000078ce00000| PB 0x000000078ce00000| Complete |  0
|1128|0x000000078d000000, 0x000000078d200000, 0x000000078d200000|100%| E|CS|TAMS 0x000000078d000000| PB 0x000000078d000000| Complete |  0
|1129|0x000000078d200000, 0x000000078d400000, 0x000000078d400000|100%| E|CS|TAMS 0x000000078d200000| PB 0x000000078d200000| Complete |  0
|1130|0x000000078d400000, 0x000000078d600000, 0x000000078d600000|100%| E|CS|TAMS 0x000000078d400000| PB 0x000000078d400000| Complete |  0
|1131|0x000000078d600000, 0x000000078d800000, 0x000000078d800000|100%| E|CS|TAMS 0x000000078d600000| PB 0x000000078d600000| Complete |  0
|1132|0x000000078d800000, 0x000000078da00000, 0x000000078da00000|100%| E|CS|TAMS 0x000000078d800000| PB 0x000000078d800000| Complete |  0
|1133|0x000000078da00000, 0x000000078dc00000, 0x000000078dc00000|100%| E|CS|TAMS 0x000000078da00000| PB 0x000000078da00000| Complete |  0
|1134|0x000000078dc00000, 0x000000078de00000, 0x000000078de00000|100%| E|CS|TAMS 0x000000078dc00000| PB 0x000000078dc00000| Complete |  0
|1135|0x000000078de00000, 0x000000078e000000, 0x000000078e000000|100%| E|CS|TAMS 0x000000078de00000| PB 0x000000078de00000| Complete |  0
|1136|0x000000078e000000, 0x000000078e200000, 0x000000078e200000|100%| E|CS|TAMS 0x000000078e000000| PB 0x000000078e000000| Complete |  0
|1137|0x000000078e200000, 0x000000078e400000, 0x000000078e400000|100%| E|CS|TAMS 0x000000078e200000| PB 0x000000078e200000| Complete |  0
|1138|0x000000078e400000, 0x000000078e600000, 0x000000078e600000|100%| E|CS|TAMS 0x000000078e400000| PB 0x000000078e400000| Complete |  0
|1139|0x000000078e600000, 0x000000078e800000, 0x000000078e800000|100%| E|CS|TAMS 0x000000078e600000| PB 0x000000078e600000| Complete |  0
|1140|0x000000078e800000, 0x000000078ea00000, 0x000000078ea00000|100%| E|CS|TAMS 0x000000078e800000| PB 0x000000078e800000| Complete |  0
|1141|0x000000078ea00000, 0x000000078ec00000, 0x000000078ec00000|100%| E|CS|TAMS 0x000000078ea00000| PB 0x000000078ea00000| Complete |  0
|1142|0x000000078ec00000, 0x000000078ee00000, 0x000000078ee00000|100%| E|CS|TAMS 0x000000078ec00000| PB 0x000000078ec00000| Complete |  0
|1143|0x000000078ee00000, 0x000000078f000000, 0x000000078f000000|100%| E|CS|TAMS 0x000000078ee00000| PB 0x000000078ee00000| Complete |  0
|1144|0x000000078f000000, 0x000000078f200000, 0x000000078f200000|100%| E|CS|TAMS 0x000000078f000000| PB 0x000000078f000000| Complete |  0
|1145|0x000000078f200000, 0x000000078f400000, 0x000000078f400000|100%| E|CS|TAMS 0x000000078f200000| PB 0x000000078f200000| Complete |  0
|1146|0x000000078f400000, 0x000000078f600000, 0x000000078f600000|100%| E|CS|TAMS 0x000000078f400000| PB 0x000000078f400000| Complete |  0
|1147|0x000000078f600000, 0x000000078f800000, 0x000000078f800000|100%| E|CS|TAMS 0x000000078f600000| PB 0x000000078f600000| Complete |  0
|1148|0x000000078f800000, 0x000000078fa00000, 0x000000078fa00000|100%| E|CS|TAMS 0x000000078f800000| PB 0x000000078f800000| Complete |  0
|1149|0x000000078fa00000, 0x000000078fc00000, 0x000000078fc00000|100%| E|CS|TAMS 0x000000078fa00000| PB 0x000000078fa00000| Complete |  0
|1150|0x000000078fc00000, 0x000000078fe00000, 0x000000078fe00000|100%| E|CS|TAMS 0x000000078fc00000| PB 0x000000078fc00000| Complete |  0
|1151|0x000000078fe00000, 0x0000000790000000, 0x0000000790000000|100%| E|CS|TAMS 0x000000078fe00000| PB 0x000000078fe00000| Complete |  0
|1152|0x0000000790000000, 0x0000000790200000, 0x0000000790200000|100%| E|CS|TAMS 0x0000000790000000| PB 0x0000000790000000| Complete |  0
|1153|0x0000000790200000, 0x0000000790400000, 0x0000000790400000|100%| E|CS|TAMS 0x0000000790200000| PB 0x0000000790200000| Complete |  0
|1154|0x0000000790400000, 0x0000000790600000, 0x0000000790600000|100%| E|CS|TAMS 0x0000000790400000| PB 0x0000000790400000| Complete |  0
|1155|0x0000000790600000, 0x0000000790800000, 0x0000000790800000|100%| E|CS|TAMS 0x0000000790600000| PB 0x0000000790600000| Complete |  0
|1156|0x0000000790800000, 0x0000000790a00000, 0x0000000790a00000|100%| E|CS|TAMS 0x0000000790800000| PB 0x0000000790800000| Complete |  0
|1157|0x0000000790a00000, 0x0000000790c00000, 0x0000000790c00000|100%| E|CS|TAMS 0x0000000790a00000| PB 0x0000000790a00000| Complete |  0
|1158|0x0000000790c00000, 0x0000000790e00000, 0x0000000790e00000|100%| E|CS|TAMS 0x0000000790c00000| PB 0x0000000790c00000| Complete |  0
|1159|0x0000000790e00000, 0x0000000791000000, 0x0000000791000000|100%| E|CS|TAMS 0x0000000790e00000| PB 0x0000000790e00000| Complete |  0
|1160|0x0000000791000000, 0x0000000791200000, 0x0000000791200000|100%| E|CS|TAMS 0x0000000791000000| PB 0x0000000791000000| Complete |  0
|1161|0x0000000791200000, 0x0000000791400000, 0x0000000791400000|100%| E|CS|TAMS 0x0000000791200000| PB 0x0000000791200000| Complete |  0
|1162|0x0000000791400000, 0x0000000791600000, 0x0000000791600000|100%| E|CS|TAMS 0x0000000791400000| PB 0x0000000791400000| Complete |  0
|1163|0x0000000791600000, 0x0000000791800000, 0x0000000791800000|100%| E|CS|TAMS 0x0000000791600000| PB 0x0000000791600000| Complete |  0
|1164|0x0000000791800000, 0x0000000791a00000, 0x0000000791a00000|100%| E|CS|TAMS 0x0000000791800000| PB 0x0000000791800000| Complete |  0
|1165|0x0000000791a00000, 0x0000000791c00000, 0x0000000791c00000|100%| E|CS|TAMS 0x0000000791a00000| PB 0x0000000791a00000| Complete |  0
|1166|0x0000000791c00000, 0x0000000791e00000, 0x0000000791e00000|100%| E|CS|TAMS 0x0000000791c00000| PB 0x0000000791c00000| Complete |  0
|1167|0x0000000791e00000, 0x0000000792000000, 0x0000000792000000|100%| E|CS|TAMS 0x0000000791e00000| PB 0x0000000791e00000| Complete |  0
|1168|0x0000000792000000, 0x0000000792200000, 0x0000000792200000|100%| E|CS|TAMS 0x0000000792000000| PB 0x0000000792000000| Complete |  0
|1169|0x0000000792200000, 0x0000000792400000, 0x0000000792400000|100%| E|CS|TAMS 0x0000000792200000| PB 0x0000000792200000| Complete |  0
|1170|0x0000000792400000, 0x0000000792600000, 0x0000000792600000|100%| E|CS|TAMS 0x0000000792400000| PB 0x0000000792400000| Complete |  0
|1171|0x0000000792600000, 0x0000000792800000, 0x0000000792800000|100%| E|CS|TAMS 0x0000000792600000| PB 0x0000000792600000| Complete |  0
|1172|0x0000000792800000, 0x0000000792a00000, 0x0000000792a00000|100%| E|CS|TAMS 0x0000000792800000| PB 0x0000000792800000| Complete |  0
|1173|0x0000000792a00000, 0x0000000792c00000, 0x0000000792c00000|100%| E|CS|TAMS 0x0000000792a00000| PB 0x0000000792a00000| Complete |  0
|1174|0x0000000792c00000, 0x0000000792e00000, 0x0000000792e00000|100%| E|CS|TAMS 0x0000000792c00000| PB 0x0000000792c00000| Complete |  0
|1175|0x0000000792e00000, 0x0000000793000000, 0x0000000793000000|100%| E|CS|TAMS 0x0000000792e00000| PB 0x0000000792e00000| Complete |  0
|1176|0x0000000793000000, 0x0000000793200000, 0x0000000793200000|100%| E|CS|TAMS 0x0000000793000000| PB 0x0000000793000000| Complete |  0
|1177|0x0000000793200000, 0x0000000793400000, 0x0000000793400000|100%| E|CS|TAMS 0x0000000793200000| PB 0x0000000793200000| Complete |  0
|1178|0x0000000793400000, 0x0000000793600000, 0x0000000793600000|100%| E|CS|TAMS 0x0000000793400000| PB 0x0000000793400000| Complete |  0
|1179|0x0000000793600000, 0x0000000793800000, 0x0000000793800000|100%| E|CS|TAMS 0x0000000793600000| PB 0x0000000793600000| Complete |  0
|1180|0x0000000793800000, 0x0000000793a00000, 0x0000000793a00000|100%| E|CS|TAMS 0x0000000793800000| PB 0x0000000793800000| Complete |  0
|1181|0x0000000793a00000, 0x0000000793c00000, 0x0000000793c00000|100%| E|CS|TAMS 0x0000000793a00000| PB 0x0000000793a00000| Complete |  0
|1182|0x0000000793c00000, 0x0000000793e00000, 0x0000000793e00000|100%| E|CS|TAMS 0x0000000793c00000| PB 0x0000000793c00000| Complete |  0
|1183|0x0000000793e00000, 0x0000000794000000, 0x0000000794000000|100%| E|CS|TAMS 0x0000000793e00000| PB 0x0000000793e00000| Complete |  0
|1184|0x0000000794000000, 0x0000000794200000, 0x0000000794200000|100%| E|CS|TAMS 0x0000000794000000| PB 0x0000000794000000| Complete |  0
|1185|0x0000000794200000, 0x0000000794400000, 0x0000000794400000|100%| E|CS|TAMS 0x0000000794200000| PB 0x0000000794200000| Complete |  0
|1186|0x0000000794400000, 0x0000000794600000, 0x0000000794600000|100%| E|CS|TAMS 0x0000000794400000| PB 0x0000000794400000| Complete |  0
|1187|0x0000000794600000, 0x0000000794800000, 0x0000000794800000|100%| E|CS|TAMS 0x0000000794600000| PB 0x0000000794600000| Complete |  0
|1188|0x0000000794800000, 0x0000000794a00000, 0x0000000794a00000|100%| E|CS|TAMS 0x0000000794800000| PB 0x0000000794800000| Complete |  0
|1189|0x0000000794a00000, 0x0000000794c00000, 0x0000000794c00000|100%| E|CS|TAMS 0x0000000794a00000| PB 0x0000000794a00000| Complete |  0
|1190|0x0000000794c00000, 0x0000000794e00000, 0x0000000794e00000|100%| E|CS|TAMS 0x0000000794c00000| PB 0x0000000794c00000| Complete |  0
|1191|0x0000000794e00000, 0x0000000795000000, 0x0000000795000000|100%| E|CS|TAMS 0x0000000794e00000| PB 0x0000000794e00000| Complete |  0
|1192|0x0000000795000000, 0x0000000795200000, 0x0000000795200000|100%| E|CS|TAMS 0x0000000795000000| PB 0x0000000795000000| Complete |  0
|1193|0x0000000795200000, 0x0000000795400000, 0x0000000795400000|100%| E|CS|TAMS 0x0000000795200000| PB 0x0000000795200000| Complete |  0
|1194|0x0000000795400000, 0x0000000795600000, 0x0000000795600000|100%| E|CS|TAMS 0x0000000795400000| PB 0x0000000795400000| Complete |  0
|1195|0x0000000795600000, 0x0000000795800000, 0x0000000795800000|100%| E|CS|TAMS 0x0000000795600000| PB 0x0000000795600000| Complete |  0
|1196|0x0000000795800000, 0x0000000795a00000, 0x0000000795a00000|100%| E|CS|TAMS 0x0000000795800000| PB 0x0000000795800000| Complete |  0
|1197|0x0000000795a00000, 0x0000000795c00000, 0x0000000795c00000|100%| E|CS|TAMS 0x0000000795a00000| PB 0x0000000795a00000| Complete |  0
|1198|0x0000000795c00000, 0x0000000795e00000, 0x0000000795e00000|100%| E|CS|TAMS 0x0000000795c00000| PB 0x0000000795c00000| Complete |  0
|1199|0x0000000795e00000, 0x0000000796000000, 0x0000000796000000|100%| E|CS|TAMS 0x0000000795e00000| PB 0x0000000795e00000| Complete |  0
|1200|0x0000000796000000, 0x0000000796200000, 0x0000000796200000|100%| E|CS|TAMS 0x0000000796000000| PB 0x0000000796000000| Complete |  0
|1201|0x0000000796200000, 0x0000000796400000, 0x0000000796400000|100%| E|CS|TAMS 0x0000000796200000| PB 0x0000000796200000| Complete |  0
|1202|0x0000000796400000, 0x0000000796600000, 0x0000000796600000|100%| E|CS|TAMS 0x0000000796400000| PB 0x0000000796400000| Complete |  0
|1203|0x0000000796600000, 0x0000000796800000, 0x0000000796800000|100%| E|CS|TAMS 0x0000000796600000| PB 0x0000000796600000| Complete |  0
|1204|0x0000000796800000, 0x0000000796a00000, 0x0000000796a00000|100%| E|CS|TAMS 0x0000000796800000| PB 0x0000000796800000| Complete |  0
|1205|0x0000000796a00000, 0x0000000796c00000, 0x0000000796c00000|100%| E|CS|TAMS 0x0000000796a00000| PB 0x0000000796a00000| Complete |  0
|1206|0x0000000796c00000, 0x0000000796e00000, 0x0000000796e00000|100%| E|CS|TAMS 0x0000000796c00000| PB 0x0000000796c00000| Complete |  0
|1207|0x0000000796e00000, 0x0000000797000000, 0x0000000797000000|100%| E|CS|TAMS 0x0000000796e00000| PB 0x0000000796e00000| Complete |  0
|1208|0x0000000797000000, 0x0000000797200000, 0x0000000797200000|100%| E|CS|TAMS 0x0000000797000000| PB 0x0000000797000000| Complete |  0
|1209|0x0000000797200000, 0x0000000797400000, 0x0000000797400000|100%| E|CS|TAMS 0x0000000797200000| PB 0x0000000797200000| Complete |  0
|1210|0x0000000797400000, 0x0000000797600000, 0x0000000797600000|100%| E|CS|TAMS 0x0000000797400000| PB 0x0000000797400000| Complete |  0
|1211|0x0000000797600000, 0x0000000797800000, 0x0000000797800000|100%| E|CS|TAMS 0x0000000797600000| PB 0x0000000797600000| Complete |  0
|1212|0x0000000797800000, 0x0000000797a00000, 0x0000000797a00000|100%| E|CS|TAMS 0x0000000797800000| PB 0x0000000797800000| Complete |  0
|1213|0x0000000797a00000, 0x0000000797c00000, 0x0000000797c00000|100%| E|CS|TAMS 0x0000000797a00000| PB 0x0000000797a00000| Complete |  0
|1214|0x0000000797c00000, 0x0000000797e00000, 0x0000000797e00000|100%| E|CS|TAMS 0x0000000797c00000| PB 0x0000000797c00000| Complete |  0
|1215|0x0000000797e00000, 0x0000000798000000, 0x0000000798000000|100%| E|CS|TAMS 0x0000000797e00000| PB 0x0000000797e00000| Complete |  0
|1216|0x0000000798000000, 0x0000000798200000, 0x0000000798200000|100%| E|CS|TAMS 0x0000000798000000| PB 0x0000000798000000| Complete |  0
|1217|0x0000000798200000, 0x0000000798400000, 0x0000000798400000|100%| E|CS|TAMS 0x0000000798200000| PB 0x0000000798200000| Complete |  0
|1218|0x0000000798400000, 0x0000000798600000, 0x0000000798600000|100%| E|CS|TAMS 0x0000000798400000| PB 0x0000000798400000| Complete |  0
|1219|0x0000000798600000, 0x0000000798800000, 0x0000000798800000|100%| E|CS|TAMS 0x0000000798600000| PB 0x0000000798600000| Complete |  0
|1220|0x0000000798800000, 0x0000000798a00000, 0x0000000798a00000|100%| E|CS|TAMS 0x0000000798800000| PB 0x0000000798800000| Complete |  0
|1221|0x0000000798a00000, 0x0000000798c00000, 0x0000000798c00000|100%| E|CS|TAMS 0x0000000798a00000| PB 0x0000000798a00000| Complete |  0
|1222|0x0000000798c00000, 0x0000000798e00000, 0x0000000798e00000|100%| E|CS|TAMS 0x0000000798c00000| PB 0x0000000798c00000| Complete |  0
|1223|0x0000000798e00000, 0x0000000799000000, 0x0000000799000000|100%| E|CS|TAMS 0x0000000798e00000| PB 0x0000000798e00000| Complete |  0
|1224|0x0000000799000000, 0x0000000799200000, 0x0000000799200000|100%| E|CS|TAMS 0x0000000799000000| PB 0x0000000799000000| Complete |  0
|1225|0x0000000799200000, 0x0000000799400000, 0x0000000799400000|100%| E|CS|TAMS 0x0000000799200000| PB 0x0000000799200000| Complete |  0
|1226|0x0000000799400000, 0x0000000799600000, 0x0000000799600000|100%| E|CS|TAMS 0x0000000799400000| PB 0x0000000799400000| Complete |  0
|1227|0x0000000799600000, 0x0000000799800000, 0x0000000799800000|100%| E|CS|TAMS 0x0000000799600000| PB 0x0000000799600000| Complete |  0
|1228|0x0000000799800000, 0x0000000799a00000, 0x0000000799a00000|100%| E|CS|TAMS 0x0000000799800000| PB 0x0000000799800000| Complete |  0
|1229|0x0000000799a00000, 0x0000000799c00000, 0x0000000799c00000|100%| E|CS|TAMS 0x0000000799a00000| PB 0x0000000799a00000| Complete |  0
|1230|0x0000000799c00000, 0x0000000799e00000, 0x0000000799e00000|100%| E|CS|TAMS 0x0000000799c00000| PB 0x0000000799c00000| Complete |  0
|1231|0x0000000799e00000, 0x000000079a000000, 0x000000079a000000|100%| E|CS|TAMS 0x0000000799e00000| PB 0x0000000799e00000| Complete |  0
|1232|0x000000079a000000, 0x000000079a200000, 0x000000079a200000|100%| E|CS|TAMS 0x000000079a000000| PB 0x000000079a000000| Complete |  0
|1233|0x000000079a200000, 0x000000079a400000, 0x000000079a400000|100%| E|CS|TAMS 0x000000079a200000| PB 0x000000079a200000| Complete |  0
|1234|0x000000079a400000, 0x000000079a600000, 0x000000079a600000|100%| E|CS|TAMS 0x000000079a400000| PB 0x000000079a400000| Complete |  0
|1235|0x000000079a600000, 0x000000079a800000, 0x000000079a800000|100%| E|CS|TAMS 0x000000079a600000| PB 0x000000079a600000| Complete |  0
|1236|0x000000079a800000, 0x000000079aa00000, 0x000000079aa00000|100%| E|CS|TAMS 0x000000079a800000| PB 0x000000079a800000| Complete |  0
|1237|0x000000079aa00000, 0x000000079ac00000, 0x000000079ac00000|100%| E|CS|TAMS 0x000000079aa00000| PB 0x000000079aa00000| Complete |  0
|1238|0x000000079ac00000, 0x000000079ae00000, 0x000000079ae00000|100%| E|CS|TAMS 0x000000079ac00000| PB 0x000000079ac00000| Complete |  0
|1239|0x000000079ae00000, 0x000000079b000000, 0x000000079b000000|100%| E|CS|TAMS 0x000000079ae00000| PB 0x000000079ae00000| Complete |  0
|1240|0x000000079b000000, 0x000000079b200000, 0x000000079b200000|100%| E|CS|TAMS 0x000000079b000000| PB 0x000000079b000000| Complete |  0
|1241|0x000000079b200000, 0x000000079b400000, 0x000000079b400000|100%| E|CS|TAMS 0x000000079b200000| PB 0x000000079b200000| Complete |  0
|1242|0x000000079b400000, 0x000000079b600000, 0x000000079b600000|100%| E|CS|TAMS 0x000000079b400000| PB 0x000000079b400000| Complete |  0
|1243|0x000000079b600000, 0x000000079b800000, 0x000000079b800000|100%| E|CS|TAMS 0x000000079b600000| PB 0x000000079b600000| Complete |  0
|1244|0x000000079b800000, 0x000000079ba00000, 0x000000079ba00000|100%| E|CS|TAMS 0x000000079b800000| PB 0x000000079b800000| Complete |  0
|1245|0x000000079ba00000, 0x000000079bc00000, 0x000000079bc00000|100%| E|CS|TAMS 0x000000079ba00000| PB 0x000000079ba00000| Complete |  0
|1246|0x000000079bc00000, 0x000000079be00000, 0x000000079be00000|100%| E|CS|TAMS 0x000000079bc00000| PB 0x000000079bc00000| Complete |  0
|1247|0x000000079be00000, 0x000000079c000000, 0x000000079c000000|100%| E|CS|TAMS 0x000000079be00000| PB 0x000000079be00000| Complete |  0
|1248|0x000000079c000000, 0x000000079c200000, 0x000000079c200000|100%| E|CS|TAMS 0x000000079c000000| PB 0x000000079c000000| Complete |  0
|1249|0x000000079c200000, 0x000000079c400000, 0x000000079c400000|100%| E|CS|TAMS 0x000000079c200000| PB 0x000000079c200000| Complete |  0
|1250|0x000000079c400000, 0x000000079c600000, 0x000000079c600000|100%| E|CS|TAMS 0x000000079c400000| PB 0x000000079c400000| Complete |  0
|1251|0x000000079c600000, 0x000000079c800000, 0x000000079c800000|100%| E|CS|TAMS 0x000000079c600000| PB 0x000000079c600000| Complete |  0
|1252|0x000000079c800000, 0x000000079ca00000, 0x000000079ca00000|100%| E|CS|TAMS 0x000000079c800000| PB 0x000000079c800000| Complete |  0
|1253|0x000000079ca00000, 0x000000079cc00000, 0x000000079cc00000|100%| E|CS|TAMS 0x000000079ca00000| PB 0x000000079ca00000| Complete |  0
|1254|0x000000079cc00000, 0x000000079ce00000, 0x000000079ce00000|100%| E|CS|TAMS 0x000000079cc00000| PB 0x000000079cc00000| Complete |  0
|1255|0x000000079ce00000, 0x000000079d000000, 0x000000079d000000|100%| E|CS|TAMS 0x000000079ce00000| PB 0x000000079ce00000| Complete |  0
|1256|0x000000079d000000, 0x000000079d200000, 0x000000079d200000|100%| E|CS|TAMS 0x000000079d000000| PB 0x000000079d000000| Complete |  0
|1257|0x000000079d200000, 0x000000079d400000, 0x000000079d400000|100%| E|CS|TAMS 0x000000079d200000| PB 0x000000079d200000| Complete |  0
|1258|0x000000079d400000, 0x000000079d600000, 0x000000079d600000|100%| E|CS|TAMS 0x000000079d400000| PB 0x000000079d400000| Complete |  0
|1259|0x000000079d600000, 0x000000079d800000, 0x000000079d800000|100%| E|CS|TAMS 0x000000079d600000| PB 0x000000079d600000| Complete |  0
|1260|0x000000079d800000, 0x000000079da00000, 0x000000079da00000|100%| E|CS|TAMS 0x000000079d800000| PB 0x000000079d800000| Complete |  0
|1261|0x000000079da00000, 0x000000079dc00000, 0x000000079dc00000|100%| E|CS|TAMS 0x000000079da00000| PB 0x000000079da00000| Complete |  0
|1262|0x000000079dc00000, 0x000000079de00000, 0x000000079de00000|100%| E|CS|TAMS 0x000000079dc00000| PB 0x000000079dc00000| Complete |  0
|1263|0x000000079de00000, 0x000000079e000000, 0x000000079e000000|100%| E|CS|TAMS 0x000000079de00000| PB 0x000000079de00000| Complete |  0
|1264|0x000000079e000000, 0x000000079e200000, 0x000000079e200000|100%| E|CS|TAMS 0x000000079e000000| PB 0x000000079e000000| Complete |  0
|1265|0x000000079e200000, 0x000000079e400000, 0x000000079e400000|100%| E|CS|TAMS 0x000000079e200000| PB 0x000000079e200000| Complete |  0
|1266|0x000000079e400000, 0x000000079e600000, 0x000000079e600000|100%| E|CS|TAMS 0x000000079e400000| PB 0x000000079e400000| Complete |  0
|1267|0x000000079e600000, 0x000000079e800000, 0x000000079e800000|100%| E|CS|TAMS 0x000000079e600000| PB 0x000000079e600000| Complete |  0
|1268|0x000000079e800000, 0x000000079ea00000, 0x000000079ea00000|100%| E|CS|TAMS 0x000000079e800000| PB 0x000000079e800000| Complete |  0
|1269|0x000000079ea00000, 0x000000079ec00000, 0x000000079ec00000|100%| E|CS|TAMS 0x000000079ea00000| PB 0x000000079ea00000| Complete |  0
|1270|0x000000079ec00000, 0x000000079ee00000, 0x000000079ee00000|100%| E|CS|TAMS 0x000000079ec00000| PB 0x000000079ec00000| Complete |  0
|1271|0x000000079ee00000, 0x000000079f000000, 0x000000079f000000|100%| E|CS|TAMS 0x000000079ee00000| PB 0x000000079ee00000| Complete |  0
|1272|0x000000079f000000, 0x000000079f200000, 0x000000079f200000|100%| E|CS|TAMS 0x000000079f000000| PB 0x000000079f000000| Complete |  0
|1273|0x000000079f200000, 0x000000079f400000, 0x000000079f400000|100%| E|CS|TAMS 0x000000079f200000| PB 0x000000079f200000| Complete |  0
|1274|0x000000079f400000, 0x000000079f600000, 0x000000079f600000|100%| E|CS|TAMS 0x000000079f400000| PB 0x000000079f400000| Complete |  0
|1275|0x000000079f600000, 0x000000079f800000, 0x000000079f800000|100%| E|CS|TAMS 0x000000079f600000| PB 0x000000079f600000| Complete |  0
|1276|0x000000079f800000, 0x000000079fa00000, 0x000000079fa00000|100%| E|CS|TAMS 0x000000079f800000| PB 0x000000079f800000| Complete |  0
|1277|0x000000079fa00000, 0x000000079fc00000, 0x000000079fc00000|100%| E|CS|TAMS 0x000000079fa00000| PB 0x000000079fa00000| Complete |  0
|1278|0x000000079fc00000, 0x000000079fe00000, 0x000000079fe00000|100%| E|CS|TAMS 0x000000079fc00000| PB 0x000000079fc00000| Complete |  0
|1279|0x000000079fe00000, 0x00000007a0000000, 0x00000007a0000000|100%| E|CS|TAMS 0x000000079fe00000| PB 0x000000079fe00000| Complete |  0
|1280|0x00000007a0000000, 0x00000007a0200000, 0x00000007a0200000|100%| E|CS|TAMS 0x00000007a0000000| PB 0x00000007a0000000| Complete |  0
|1281|0x00000007a0200000, 0x00000007a0400000, 0x00000007a0400000|100%| E|CS|TAMS 0x00000007a0200000| PB 0x00000007a0200000| Complete |  0
|1282|0x00000007a0400000, 0x00000007a0600000, 0x00000007a0600000|100%| E|CS|TAMS 0x00000007a0400000| PB 0x00000007a0400000| Complete |  0
|1283|0x00000007a0600000, 0x00000007a0800000, 0x00000007a0800000|100%| E|CS|TAMS 0x00000007a0600000| PB 0x00000007a0600000| Complete |  0
|1284|0x00000007a0800000, 0x00000007a0a00000, 0x00000007a0a00000|100%| E|CS|TAMS 0x00000007a0800000| PB 0x00000007a0800000| Complete |  0
|1285|0x00000007a0a00000, 0x00000007a0c00000, 0x00000007a0c00000|100%| E|CS|TAMS 0x00000007a0a00000| PB 0x00000007a0a00000| Complete |  0
|1286|0x00000007a0c00000, 0x00000007a0e00000, 0x00000007a0e00000|100%| E|CS|TAMS 0x00000007a0c00000| PB 0x00000007a0c00000| Complete |  0
|1287|0x00000007a0e00000, 0x00000007a1000000, 0x00000007a1000000|100%| E|CS|TAMS 0x00000007a0e00000| PB 0x00000007a0e00000| Complete |  0
|1288|0x00000007a1000000, 0x00000007a1200000, 0x00000007a1200000|100%| E|CS|TAMS 0x00000007a1000000| PB 0x00000007a1000000| Complete |  0
|1289|0x00000007a1200000, 0x00000007a1400000, 0x00000007a1400000|100%| E|CS|TAMS 0x00000007a1200000| PB 0x00000007a1200000| Complete |  0
|1290|0x00000007a1400000, 0x00000007a1600000, 0x00000007a1600000|100%| E|CS|TAMS 0x00000007a1400000| PB 0x00000007a1400000| Complete |  0
|1291|0x00000007a1600000, 0x00000007a1800000, 0x00000007a1800000|100%| E|CS|TAMS 0x00000007a1600000| PB 0x00000007a1600000| Complete |  0
|1292|0x00000007a1800000, 0x00000007a1a00000, 0x00000007a1a00000|100%| E|CS|TAMS 0x00000007a1800000| PB 0x00000007a1800000| Complete |  0
|1293|0x00000007a1a00000, 0x00000007a1c00000, 0x00000007a1c00000|100%| E|CS|TAMS 0x00000007a1a00000| PB 0x00000007a1a00000| Complete |  0
|1294|0x00000007a1c00000, 0x00000007a1e00000, 0x00000007a1e00000|100%| E|CS|TAMS 0x00000007a1c00000| PB 0x00000007a1c00000| Complete |  0
|1295|0x00000007a1e00000, 0x00000007a2000000, 0x00000007a2000000|100%| E|CS|TAMS 0x00000007a1e00000| PB 0x00000007a1e00000| Complete |  0
|1296|0x00000007a2000000, 0x00000007a2200000, 0x00000007a2200000|100%| E|CS|TAMS 0x00000007a2000000| PB 0x00000007a2000000| Complete |  0
|1297|0x00000007a2200000, 0x00000007a2400000, 0x00000007a2400000|100%| E|CS|TAMS 0x00000007a2200000| PB 0x00000007a2200000| Complete |  0
|1298|0x00000007a2400000, 0x00000007a2600000, 0x00000007a2600000|100%| E|CS|TAMS 0x00000007a2400000| PB 0x00000007a2400000| Complete |  0
|1299|0x00000007a2600000, 0x00000007a2800000, 0x00000007a2800000|100%| E|CS|TAMS 0x00000007a2600000| PB 0x00000007a2600000| Complete |  0
|1300|0x00000007a2800000, 0x00000007a2a00000, 0x00000007a2a00000|100%| E|CS|TAMS 0x00000007a2800000| PB 0x00000007a2800000| Complete |  0
|1301|0x00000007a2a00000, 0x00000007a2c00000, 0x00000007a2c00000|100%| E|CS|TAMS 0x00000007a2a00000| PB 0x00000007a2a00000| Complete |  0
|1302|0x00000007a2c00000, 0x00000007a2e00000, 0x00000007a2e00000|100%| E|CS|TAMS 0x00000007a2c00000| PB 0x00000007a2c00000| Complete |  0
|1303|0x00000007a2e00000, 0x00000007a3000000, 0x00000007a3000000|100%| E|CS|TAMS 0x00000007a2e00000| PB 0x00000007a2e00000| Complete |  0
|1304|0x00000007a3000000, 0x00000007a3200000, 0x00000007a3200000|100%| E|CS|TAMS 0x00000007a3000000| PB 0x00000007a3000000| Complete |  0
|1305|0x00000007a3200000, 0x00000007a3400000, 0x00000007a3400000|100%| E|CS|TAMS 0x00000007a3200000| PB 0x00000007a3200000| Complete |  0
|1306|0x00000007a3400000, 0x00000007a3600000, 0x00000007a3600000|100%| E|CS|TAMS 0x00000007a3400000| PB 0x00000007a3400000| Complete |  0
|1307|0x00000007a3600000, 0x00000007a3800000, 0x00000007a3800000|100%| E|CS|TAMS 0x00000007a3600000| PB 0x00000007a3600000| Complete |  0
|1308|0x00000007a3800000, 0x00000007a3a00000, 0x00000007a3a00000|100%| E|CS|TAMS 0x00000007a3800000| PB 0x00000007a3800000| Complete |  0
|1309|0x00000007a3a00000, 0x00000007a3c00000, 0x00000007a3c00000|100%| E|CS|TAMS 0x00000007a3a00000| PB 0x00000007a3a00000| Complete |  0
|1310|0x00000007a3c00000, 0x00000007a3e00000, 0x00000007a3e00000|100%| E|CS|TAMS 0x00000007a3c00000| PB 0x00000007a3c00000| Complete |  0
|1311|0x00000007a3e00000, 0x00000007a4000000, 0x00000007a4000000|100%| E|CS|TAMS 0x00000007a3e00000| PB 0x00000007a3e00000| Complete |  0
|1312|0x00000007a4000000, 0x00000007a4200000, 0x00000007a4200000|100%| E|CS|TAMS 0x00000007a4000000| PB 0x00000007a4000000| Complete |  0
|1313|0x00000007a4200000, 0x00000007a4400000, 0x00000007a4400000|100%| E|CS|TAMS 0x00000007a4200000| PB 0x00000007a4200000| Complete |  0
|1314|0x00000007a4400000, 0x00000007a4600000, 0x00000007a4600000|100%| E|CS|TAMS 0x00000007a4400000| PB 0x00000007a4400000| Complete |  0
|1315|0x00000007a4600000, 0x00000007a4800000, 0x00000007a4800000|100%| E|CS|TAMS 0x00000007a4600000| PB 0x00000007a4600000| Complete |  0
|1316|0x00000007a4800000, 0x00000007a4a00000, 0x00000007a4a00000|100%| E|CS|TAMS 0x00000007a4800000| PB 0x00000007a4800000| Complete |  0
|1317|0x00000007a4a00000, 0x00000007a4c00000, 0x00000007a4c00000|100%| E|CS|TAMS 0x00000007a4a00000| PB 0x00000007a4a00000| Complete |  0
|1318|0x00000007a4c00000, 0x00000007a4e00000, 0x00000007a4e00000|100%| E|CS|TAMS 0x00000007a4c00000| PB 0x00000007a4c00000| Complete |  0
|1319|0x00000007a4e00000, 0x00000007a5000000, 0x00000007a5000000|100%| E|CS|TAMS 0x00000007a4e00000| PB 0x00000007a4e00000| Complete |  0
|1320|0x00000007a5000000, 0x00000007a5200000, 0x00000007a5200000|100%| E|CS|TAMS 0x00000007a5000000| PB 0x00000007a5000000| Complete |  0
|1321|0x00000007a5200000, 0x00000007a5400000, 0x00000007a5400000|100%| E|CS|TAMS 0x00000007a5200000| PB 0x00000007a5200000| Complete |  0
|1322|0x00000007a5400000, 0x00000007a5600000, 0x00000007a5600000|100%| E|CS|TAMS 0x00000007a5400000| PB 0x00000007a5400000| Complete |  0
|1323|0x00000007a5600000, 0x00000007a5800000, 0x00000007a5800000|100%| E|CS|TAMS 0x00000007a5600000| PB 0x00000007a5600000| Complete |  0
|1324|0x00000007a5800000, 0x00000007a5a00000, 0x00000007a5a00000|100%| E|CS|TAMS 0x00000007a5800000| PB 0x00000007a5800000| Complete |  0
|1325|0x00000007a5a00000, 0x00000007a5c00000, 0x00000007a5c00000|100%| E|CS|TAMS 0x00000007a5a00000| PB 0x00000007a5a00000| Complete |  0
|1326|0x00000007a5c00000, 0x00000007a5e00000, 0x00000007a5e00000|100%| E|CS|TAMS 0x00000007a5c00000| PB 0x00000007a5c00000| Complete |  0
|1327|0x00000007a5e00000, 0x00000007a6000000, 0x00000007a6000000|100%| E|CS|TAMS 0x00000007a5e00000| PB 0x00000007a5e00000| Complete |  0
|1328|0x00000007a6000000, 0x00000007a6200000, 0x00000007a6200000|100%| E|CS|TAMS 0x00000007a6000000| PB 0x00000007a6000000| Complete |  0
|1329|0x00000007a6200000, 0x00000007a6400000, 0x00000007a6400000|100%| E|CS|TAMS 0x00000007a6200000| PB 0x00000007a6200000| Complete |  0
|1330|0x00000007a6400000, 0x00000007a6600000, 0x00000007a6600000|100%| E|CS|TAMS 0x00000007a6400000| PB 0x00000007a6400000| Complete |  0
|1331|0x00000007a6600000, 0x00000007a6800000, 0x00000007a6800000|100%| E|CS|TAMS 0x00000007a6600000| PB 0x00000007a6600000| Complete |  0
|1332|0x00000007a6800000, 0x00000007a6a00000, 0x00000007a6a00000|100%| E|CS|TAMS 0x00000007a6800000| PB 0x00000007a6800000| Complete |  0
|1333|0x00000007a6a00000, 0x00000007a6c00000, 0x00000007a6c00000|100%| E|CS|TAMS 0x00000007a6a00000| PB 0x00000007a6a00000| Complete |  0
|1334|0x00000007a6c00000, 0x00000007a6e00000, 0x00000007a6e00000|100%| E|CS|TAMS 0x00000007a6c00000| PB 0x00000007a6c00000| Complete |  0
|1335|0x00000007a6e00000, 0x00000007a7000000, 0x00000007a7000000|100%| E|CS|TAMS 0x00000007a6e00000| PB 0x00000007a6e00000| Complete |  0
|1336|0x00000007a7000000, 0x00000007a7200000, 0x00000007a7200000|100%| E|CS|TAMS 0x00000007a7000000| PB 0x00000007a7000000| Complete |  0
|1337|0x00000007a7200000, 0x00000007a7400000, 0x00000007a7400000|100%| E|CS|TAMS 0x00000007a7200000| PB 0x00000007a7200000| Complete |  0
|1338|0x00000007a7400000, 0x00000007a7600000, 0x00000007a7600000|100%| E|CS|TAMS 0x00000007a7400000| PB 0x00000007a7400000| Complete |  0
|1339|0x00000007a7600000, 0x00000007a7800000, 0x00000007a7800000|100%| E|CS|TAMS 0x00000007a7600000| PB 0x00000007a7600000| Complete |  0
|1340|0x00000007a7800000, 0x00000007a7a00000, 0x00000007a7a00000|100%| E|CS|TAMS 0x00000007a7800000| PB 0x00000007a7800000| Complete |  0
|1341|0x00000007a7a00000, 0x00000007a7c00000, 0x00000007a7c00000|100%| E|CS|TAMS 0x00000007a7a00000| PB 0x00000007a7a00000| Complete |  0
|1342|0x00000007a7c00000, 0x00000007a7e00000, 0x00000007a7e00000|100%| E|CS|TAMS 0x00000007a7c00000| PB 0x00000007a7c00000| Complete |  0
|1343|0x00000007a7e00000, 0x00000007a8000000, 0x00000007a8000000|100%| E|CS|TAMS 0x00000007a7e00000| PB 0x00000007a7e00000| Complete |  0
|1344|0x00000007a8000000, 0x00000007a8200000, 0x00000007a8200000|100%| E|CS|TAMS 0x00000007a8000000| PB 0x00000007a8000000| Complete |  0
|1345|0x00000007a8200000, 0x00000007a8400000, 0x00000007a8400000|100%| E|CS|TAMS 0x00000007a8200000| PB 0x00000007a8200000| Complete |  0
|1346|0x00000007a8400000, 0x00000007a8600000, 0x00000007a8600000|100%| E|CS|TAMS 0x00000007a8400000| PB 0x00000007a8400000| Complete |  0
|1347|0x00000007a8600000, 0x00000007a8800000, 0x00000007a8800000|100%| E|CS|TAMS 0x00000007a8600000| PB 0x00000007a8600000| Complete |  0
|1348|0x00000007a8800000, 0x00000007a8a00000, 0x00000007a8a00000|100%| E|CS|TAMS 0x00000007a8800000| PB 0x00000007a8800000| Complete |  0
|1349|0x00000007a8a00000, 0x00000007a8c00000, 0x00000007a8c00000|100%| E|CS|TAMS 0x00000007a8a00000| PB 0x00000007a8a00000| Complete |  0
|1350|0x00000007a8c00000, 0x00000007a8e00000, 0x00000007a8e00000|100%| E|CS|TAMS 0x00000007a8c00000| PB 0x00000007a8c00000| Complete |  0
|1351|0x00000007a8e00000, 0x00000007a9000000, 0x00000007a9000000|100%| E|CS|TAMS 0x00000007a8e00000| PB 0x00000007a8e00000| Complete |  0
|1352|0x00000007a9000000, 0x00000007a9200000, 0x00000007a9200000|100%| E|CS|TAMS 0x00000007a9000000| PB 0x00000007a9000000| Complete |  0
|1353|0x00000007a9200000, 0x00000007a9400000, 0x00000007a9400000|100%| E|CS|TAMS 0x00000007a9200000| PB 0x00000007a9200000| Complete |  0
|1354|0x00000007a9400000, 0x00000007a9600000, 0x00000007a9600000|100%| E|CS|TAMS 0x00000007a9400000| PB 0x00000007a9400000| Complete |  0
|1355|0x00000007a9600000, 0x00000007a9800000, 0x00000007a9800000|100%| E|CS|TAMS 0x00000007a9600000| PB 0x00000007a9600000| Complete |  0
|1356|0x00000007a9800000, 0x00000007a9a00000, 0x00000007a9a00000|100%| E|CS|TAMS 0x00000007a9800000| PB 0x00000007a9800000| Complete |  0
|1357|0x00000007a9a00000, 0x00000007a9c00000, 0x00000007a9c00000|100%| E|CS|TAMS 0x00000007a9a00000| PB 0x00000007a9a00000| Complete |  0
|1358|0x00000007a9c00000, 0x00000007a9e00000, 0x00000007a9e00000|100%| E|CS|TAMS 0x00000007a9c00000| PB 0x00000007a9c00000| Complete |  0
|1359|0x00000007a9e00000, 0x00000007aa000000, 0x00000007aa000000|100%| E|CS|TAMS 0x00000007a9e00000| PB 0x00000007a9e00000| Complete |  0
|1360|0x00000007aa000000, 0x00000007aa200000, 0x00000007aa200000|100%| E|CS|TAMS 0x00000007aa000000| PB 0x00000007aa000000| Complete |  0
|1361|0x00000007aa200000, 0x00000007aa400000, 0x00000007aa400000|100%| E|CS|TAMS 0x00000007aa200000| PB 0x00000007aa200000| Complete |  0
|1362|0x00000007aa400000, 0x00000007aa600000, 0x00000007aa600000|100%| E|CS|TAMS 0x00000007aa400000| PB 0x00000007aa400000| Complete |  0
|1363|0x00000007aa600000, 0x00000007aa800000, 0x00000007aa800000|100%| E|CS|TAMS 0x00000007aa600000| PB 0x00000007aa600000| Complete |  0
|1364|0x00000007aa800000, 0x00000007aaa00000, 0x00000007aaa00000|100%| E|CS|TAMS 0x00000007aa800000| PB 0x00000007aa800000| Complete |  0
|1365|0x00000007aaa00000, 0x00000007aac00000, 0x00000007aac00000|100%| E|CS|TAMS 0x00000007aaa00000| PB 0x00000007aaa00000| Complete |  0
|1366|0x00000007aac00000, 0x00000007aae00000, 0x00000007aae00000|100%| E|CS|TAMS 0x00000007aac00000| PB 0x00000007aac00000| Complete |  0
|1367|0x00000007aae00000, 0x00000007ab000000, 0x00000007ab000000|100%| E|CS|TAMS 0x00000007aae00000| PB 0x00000007aae00000| Complete |  0
|1368|0x00000007ab000000, 0x00000007ab200000, 0x00000007ab200000|100%| E|CS|TAMS 0x00000007ab000000| PB 0x00000007ab000000| Complete |  0
|1369|0x00000007ab200000, 0x00000007ab400000, 0x00000007ab400000|100%| E|CS|TAMS 0x00000007ab200000| PB 0x00000007ab200000| Complete |  0
|1370|0x00000007ab400000, 0x00000007ab600000, 0x00000007ab600000|100%| E|CS|TAMS 0x00000007ab400000| PB 0x00000007ab400000| Complete |  0
|1371|0x00000007ab600000, 0x00000007ab800000, 0x00000007ab800000|100%| E|CS|TAMS 0x00000007ab600000| PB 0x00000007ab600000| Complete |  0
|1372|0x00000007ab800000, 0x00000007aba00000, 0x00000007aba00000|100%| E|CS|TAMS 0x00000007ab800000| PB 0x00000007ab800000| Complete |  0
|1373|0x00000007aba00000, 0x00000007abc00000, 0x00000007abc00000|100%| E|CS|TAMS 0x00000007aba00000| PB 0x00000007aba00000| Complete |  0
|1374|0x00000007abc00000, 0x00000007abe00000, 0x00000007abe00000|100%| E|CS|TAMS 0x00000007abc00000| PB 0x00000007abc00000| Complete |  0
|1375|0x00000007abe00000, 0x00000007ac000000, 0x00000007ac000000|100%| E|CS|TAMS 0x00000007abe00000| PB 0x00000007abe00000| Complete |  0
|1376|0x00000007ac000000, 0x00000007ac200000, 0x00000007ac200000|100%| E|CS|TAMS 0x00000007ac000000| PB 0x00000007ac000000| Complete |  0
|1377|0x00000007ac200000, 0x00000007ac400000, 0x00000007ac400000|100%| E|CS|TAMS 0x00000007ac200000| PB 0x00000007ac200000| Complete |  0
|1378|0x00000007ac400000, 0x00000007ac600000, 0x00000007ac600000|100%| E|CS|TAMS 0x00000007ac400000| PB 0x00000007ac400000| Complete |  0
|1379|0x00000007ac600000, 0x00000007ac800000, 0x00000007ac800000|100%| E|CS|TAMS 0x00000007ac600000| PB 0x00000007ac600000| Complete |  0
|1380|0x00000007ac800000, 0x00000007aca00000, 0x00000007aca00000|100%| E|CS|TAMS 0x00000007ac800000| PB 0x00000007ac800000| Complete |  0
|1381|0x00000007aca00000, 0x00000007acc00000, 0x00000007acc00000|100%| E|CS|TAMS 0x00000007aca00000| PB 0x00000007aca00000| Complete |  0
|1382|0x00000007acc00000, 0x00000007ace00000, 0x00000007ace00000|100%| E|CS|TAMS 0x00000007acc00000| PB 0x00000007acc00000| Complete |  0
|1383|0x00000007ace00000, 0x00000007ad000000, 0x00000007ad000000|100%| E|CS|TAMS 0x00000007ace00000| PB 0x00000007ace00000| Complete |  0
|1384|0x00000007ad000000, 0x00000007ad200000, 0x00000007ad200000|100%| E|CS|TAMS 0x00000007ad000000| PB 0x00000007ad000000| Complete |  0
|1385|0x00000007ad200000, 0x00000007ad400000, 0x00000007ad400000|100%| E|CS|TAMS 0x00000007ad200000| PB 0x00000007ad200000| Complete |  0
|1386|0x00000007ad400000, 0x00000007ad600000, 0x00000007ad600000|100%| E|CS|TAMS 0x00000007ad400000| PB 0x00000007ad400000| Complete |  0
|1387|0x00000007ad600000, 0x00000007ad800000, 0x00000007ad800000|100%| E|CS|TAMS 0x00000007ad600000| PB 0x00000007ad600000| Complete |  0
|1388|0x00000007ad800000, 0x00000007ada00000, 0x00000007ada00000|100%| E|CS|TAMS 0x00000007ad800000| PB 0x00000007ad800000| Complete |  0
|1389|0x00000007ada00000, 0x00000007adc00000, 0x00000007adc00000|100%| E|CS|TAMS 0x00000007ada00000| PB 0x00000007ada00000| Complete |  0
|1390|0x00000007adc00000, 0x00000007ade00000, 0x00000007ade00000|100%| E|CS|TAMS 0x00000007adc00000| PB 0x00000007adc00000| Complete |  0
|1391|0x00000007ade00000, 0x00000007ae000000, 0x00000007ae000000|100%| E|CS|TAMS 0x00000007ade00000| PB 0x00000007ade00000| Complete |  0
|1392|0x00000007ae000000, 0x00000007ae200000, 0x00000007ae200000|100%| E|CS|TAMS 0x00000007ae000000| PB 0x00000007ae000000| Complete |  0
|1393|0x00000007ae200000, 0x00000007ae400000, 0x00000007ae400000|100%| E|CS|TAMS 0x00000007ae200000| PB 0x00000007ae200000| Complete |  0
|1394|0x00000007ae400000, 0x00000007ae600000, 0x00000007ae600000|100%| E|CS|TAMS 0x00000007ae400000| PB 0x00000007ae400000| Complete |  0
|1395|0x00000007ae600000, 0x00000007ae800000, 0x00000007ae800000|100%| E|CS|TAMS 0x00000007ae600000| PB 0x00000007ae600000| Complete |  0
|1396|0x00000007ae800000, 0x00000007aea00000, 0x00000007aea00000|100%| E|CS|TAMS 0x00000007ae800000| PB 0x00000007ae800000| Complete |  0
|1397|0x00000007aea00000, 0x00000007aec00000, 0x00000007aec00000|100%| E|CS|TAMS 0x00000007aea00000| PB 0x00000007aea00000| Complete |  0
|1398|0x00000007aec00000, 0x00000007aee00000, 0x00000007aee00000|100%| E|CS|TAMS 0x00000007aec00000| PB 0x00000007aec00000| Complete |  0
|1399|0x00000007aee00000, 0x00000007af000000, 0x00000007af000000|100%| E|CS|TAMS 0x00000007aee00000| PB 0x00000007aee00000| Complete |  0
|1400|0x00000007af000000, 0x00000007af200000, 0x00000007af200000|100%| E|CS|TAMS 0x00000007af000000| PB 0x00000007af000000| Complete |  0
|1401|0x00000007af200000, 0x00000007af400000, 0x00000007af400000|100%| E|CS|TAMS 0x00000007af200000| PB 0x00000007af200000| Complete |  0
|1402|0x00000007af400000, 0x00000007af600000, 0x00000007af600000|100%| E|CS|TAMS 0x00000007af400000| PB 0x00000007af400000| Complete |  0
|1403|0x00000007af600000, 0x00000007af800000, 0x00000007af800000|100%| E|CS|TAMS 0x00000007af600000| PB 0x00000007af600000| Complete |  0
|1404|0x00000007af800000, 0x00000007afa00000, 0x00000007afa00000|100%| E|CS|TAMS 0x00000007af800000| PB 0x00000007af800000| Complete |  0
|1405|0x00000007afa00000, 0x00000007afc00000, 0x00000007afc00000|100%| E|CS|TAMS 0x00000007afa00000| PB 0x00000007afa00000| Complete |  0
|1406|0x00000007afc00000, 0x00000007afe00000, 0x00000007afe00000|100%| E|CS|TAMS 0x00000007afc00000| PB 0x00000007afc00000| Complete |  0
|1407|0x00000007afe00000, 0x00000007b0000000, 0x00000007b0000000|100%| E|CS|TAMS 0x00000007afe00000| PB 0x00000007afe00000| Complete |  0
|1408|0x00000007b0000000, 0x00000007b0200000, 0x00000007b0200000|100%| E|CS|TAMS 0x00000007b0000000| PB 0x00000007b0000000| Complete |  0
|1409|0x00000007b0200000, 0x00000007b0400000, 0x00000007b0400000|100%| E|CS|TAMS 0x00000007b0200000| PB 0x00000007b0200000| Complete |  0
|1410|0x00000007b0400000, 0x00000007b0600000, 0x00000007b0600000|100%| E|CS|TAMS 0x00000007b0400000| PB 0x00000007b0400000| Complete |  0
|1411|0x00000007b0600000, 0x00000007b0800000, 0x00000007b0800000|100%| E|CS|TAMS 0x00000007b0600000| PB 0x00000007b0600000| Complete |  0
|1412|0x00000007b0800000, 0x00000007b0a00000, 0x00000007b0a00000|100%| E|CS|TAMS 0x00000007b0800000| PB 0x00000007b0800000| Complete |  0
|1413|0x00000007b0a00000, 0x00000007b0c00000, 0x00000007b0c00000|100%| E|CS|TAMS 0x00000007b0a00000| PB 0x00000007b0a00000| Complete |  0
|1414|0x00000007b0c00000, 0x00000007b0e00000, 0x00000007b0e00000|100%| E|CS|TAMS 0x00000007b0c00000| PB 0x00000007b0c00000| Complete |  0
|1415|0x00000007b0e00000, 0x00000007b1000000, 0x00000007b1000000|100%| E|CS|TAMS 0x00000007b0e00000| PB 0x00000007b0e00000| Complete |  0
|1416|0x00000007b1000000, 0x00000007b1200000, 0x00000007b1200000|100%| E|CS|TAMS 0x00000007b1000000| PB 0x00000007b1000000| Complete |  0
|1417|0x00000007b1200000, 0x00000007b1400000, 0x00000007b1400000|100%| E|CS|TAMS 0x00000007b1200000| PB 0x00000007b1200000| Complete |  0
|1418|0x00000007b1400000, 0x00000007b1600000, 0x00000007b1600000|100%| E|CS|TAMS 0x00000007b1400000| PB 0x00000007b1400000| Complete |  0
|1419|0x00000007b1600000, 0x00000007b1800000, 0x00000007b1800000|100%| E|CS|TAMS 0x00000007b1600000| PB 0x00000007b1600000| Complete |  0
|1420|0x00000007b1800000, 0x00000007b1a00000, 0x00000007b1a00000|100%| E|CS|TAMS 0x00000007b1800000| PB 0x00000007b1800000| Complete |  0
|1421|0x00000007b1a00000, 0x00000007b1c00000, 0x00000007b1c00000|100%| E|CS|TAMS 0x00000007b1a00000| PB 0x00000007b1a00000| Complete |  0
|1422|0x00000007b1c00000, 0x00000007b1e00000, 0x00000007b1e00000|100%| E|CS|TAMS 0x00000007b1c00000| PB 0x00000007b1c00000| Complete |  0
|1423|0x00000007b1e00000, 0x00000007b2000000, 0x00000007b2000000|100%| E|CS|TAMS 0x00000007b1e00000| PB 0x00000007b1e00000| Complete |  0
|1424|0x00000007b2000000, 0x00000007b2200000, 0x00000007b2200000|100%| E|CS|TAMS 0x00000007b2000000| PB 0x00000007b2000000| Complete |  0
|1425|0x00000007b2200000, 0x00000007b2400000, 0x00000007b2400000|100%| E|CS|TAMS 0x00000007b2200000| PB 0x00000007b2200000| Complete |  0
|1426|0x00000007b2400000, 0x00000007b2600000, 0x00000007b2600000|100%| E|CS|TAMS 0x00000007b2400000| PB 0x00000007b2400000| Complete |  0
|1427|0x00000007b2600000, 0x00000007b2800000, 0x00000007b2800000|100%| E|CS|TAMS 0x00000007b2600000| PB 0x00000007b2600000| Complete |  0
|1428|0x00000007b2800000, 0x00000007b2a00000, 0x00000007b2a00000|100%| E|CS|TAMS 0x00000007b2800000| PB 0x00000007b2800000| Complete |  0
|1429|0x00000007b2a00000, 0x00000007b2c00000, 0x00000007b2c00000|100%| E|CS|TAMS 0x00000007b2a00000| PB 0x00000007b2a00000| Complete |  0
|1430|0x00000007b2c00000, 0x00000007b2e00000, 0x00000007b2e00000|100%| E|CS|TAMS 0x00000007b2c00000| PB 0x00000007b2c00000| Complete |  0
|1431|0x00000007b2e00000, 0x00000007b3000000, 0x00000007b3000000|100%| E|CS|TAMS 0x00000007b2e00000| PB 0x00000007b2e00000| Complete |  0
|1432|0x00000007b3000000, 0x00000007b3200000, 0x00000007b3200000|100%| E|CS|TAMS 0x00000007b3000000| PB 0x00000007b3000000| Complete |  0
|1433|0x00000007b3200000, 0x00000007b3400000, 0x00000007b3400000|100%| E|CS|TAMS 0x00000007b3200000| PB 0x00000007b3200000| Complete |  0
|1434|0x00000007b3400000, 0x00000007b3600000, 0x00000007b3600000|100%| E|CS|TAMS 0x00000007b3400000| PB 0x00000007b3400000| Complete |  0
|1435|0x00000007b3600000, 0x00000007b3800000, 0x00000007b3800000|100%| E|CS|TAMS 0x00000007b3600000| PB 0x00000007b3600000| Complete |  0
|1436|0x00000007b3800000, 0x00000007b3a00000, 0x00000007b3a00000|100%| E|CS|TAMS 0x00000007b3800000| PB 0x00000007b3800000| Complete |  0
|1437|0x00000007b3a00000, 0x00000007b3c00000, 0x00000007b3c00000|100%| E|CS|TAMS 0x00000007b3a00000| PB 0x00000007b3a00000| Complete |  0
|1438|0x00000007b3c00000, 0x00000007b3e00000, 0x00000007b3e00000|100%| E|CS|TAMS 0x00000007b3c00000| PB 0x00000007b3c00000| Complete |  0
|1439|0x00000007b3e00000, 0x00000007b4000000, 0x00000007b4000000|100%| E|CS|TAMS 0x00000007b3e00000| PB 0x00000007b3e00000| Complete |  0
|1440|0x00000007b4000000, 0x00000007b4200000, 0x00000007b4200000|100%| E|CS|TAMS 0x00000007b4000000| PB 0x00000007b4000000| Complete |  0
|1441|0x00000007b4200000, 0x00000007b4400000, 0x00000007b4400000|100%| E|CS|TAMS 0x00000007b4200000| PB 0x00000007b4200000| Complete |  0
|1442|0x00000007b4400000, 0x00000007b4600000, 0x00000007b4600000|100%| E|CS|TAMS 0x00000007b4400000| PB 0x00000007b4400000| Complete |  0
|1443|0x00000007b4600000, 0x00000007b4800000, 0x00000007b4800000|100%| E|CS|TAMS 0x00000007b4600000| PB 0x00000007b4600000| Complete |  0
|1444|0x00000007b4800000, 0x00000007b4a00000, 0x00000007b4a00000|100%| E|CS|TAMS 0x00000007b4800000| PB 0x00000007b4800000| Complete |  0
|1445|0x00000007b4a00000, 0x00000007b4c00000, 0x00000007b4c00000|100%| E|CS|TAMS 0x00000007b4a00000| PB 0x00000007b4a00000| Complete |  0
|1446|0x00000007b4c00000, 0x00000007b4e00000, 0x00000007b4e00000|100%| E|CS|TAMS 0x00000007b4c00000| PB 0x00000007b4c00000| Complete |  0
|1447|0x00000007b4e00000, 0x00000007b5000000, 0x00000007b5000000|100%| E|CS|TAMS 0x00000007b4e00000| PB 0x00000007b4e00000| Complete |  0
|1448|0x00000007b5000000, 0x00000007b5200000, 0x00000007b5200000|100%| E|CS|TAMS 0x00000007b5000000| PB 0x00000007b5000000| Complete |  0
|1449|0x00000007b5200000, 0x00000007b5400000, 0x00000007b5400000|100%| E|CS|TAMS 0x00000007b5200000| PB 0x00000007b5200000| Complete |  0
|1450|0x00000007b5400000, 0x00000007b5600000, 0x00000007b5600000|100%| E|CS|TAMS 0x00000007b5400000| PB 0x00000007b5400000| Complete |  0
|1451|0x00000007b5600000, 0x00000007b5800000, 0x00000007b5800000|100%| E|CS|TAMS 0x00000007b5600000| PB 0x00000007b5600000| Complete |  0
|1452|0x00000007b5800000, 0x00000007b5a00000, 0x00000007b5a00000|100%| E|CS|TAMS 0x00000007b5800000| PB 0x00000007b5800000| Complete |  0
|1453|0x00000007b5a00000, 0x00000007b5c00000, 0x00000007b5c00000|100%| E|CS|TAMS 0x00000007b5a00000| PB 0x00000007b5a00000| Complete |  0
|1454|0x00000007b5c00000, 0x00000007b5e00000, 0x00000007b5e00000|100%| E|CS|TAMS 0x00000007b5c00000| PB 0x00000007b5c00000| Complete |  0
|1455|0x00000007b5e00000, 0x00000007b6000000, 0x00000007b6000000|100%| E|CS|TAMS 0x00000007b5e00000| PB 0x00000007b5e00000| Complete |  0
|1456|0x00000007b6000000, 0x00000007b6200000, 0x00000007b6200000|100%| E|CS|TAMS 0x00000007b6000000| PB 0x00000007b6000000| Complete |  0
|1457|0x00000007b6200000, 0x00000007b6400000, 0x00000007b6400000|100%| E|CS|TAMS 0x00000007b6200000| PB 0x00000007b6200000| Complete |  0
|1458|0x00000007b6400000, 0x00000007b6600000, 0x00000007b6600000|100%| E|CS|TAMS 0x00000007b6400000| PB 0x00000007b6400000| Complete |  0
|1459|0x00000007b6600000, 0x00000007b6800000, 0x00000007b6800000|100%| E|CS|TAMS 0x00000007b6600000| PB 0x00000007b6600000| Complete |  0
|1460|0x00000007b6800000, 0x00000007b6a00000, 0x00000007b6a00000|100%| E|CS|TAMS 0x00000007b6800000| PB 0x00000007b6800000| Complete |  0
|1461|0x00000007b6a00000, 0x00000007b6c00000, 0x00000007b6c00000|100%| E|CS|TAMS 0x00000007b6a00000| PB 0x00000007b6a00000| Complete |  0
|1462|0x00000007b6c00000, 0x00000007b6e00000, 0x00000007b6e00000|100%| E|CS|TAMS 0x00000007b6c00000| PB 0x00000007b6c00000| Complete |  0
|1463|0x00000007b6e00000, 0x00000007b7000000, 0x00000007b7000000|100%| E|CS|TAMS 0x00000007b6e00000| PB 0x00000007b6e00000| Complete |  0
|1464|0x00000007b7000000, 0x00000007b7200000, 0x00000007b7200000|100%| E|CS|TAMS 0x00000007b7000000| PB 0x00000007b7000000| Complete |  0
|1465|0x00000007b7200000, 0x00000007b7400000, 0x00000007b7400000|100%| E|CS|TAMS 0x00000007b7200000| PB 0x00000007b7200000| Complete |  0
|1466|0x00000007b7400000, 0x00000007b7600000, 0x00000007b7600000|100%| E|CS|TAMS 0x00000007b7400000| PB 0x00000007b7400000| Complete |  0
|1467|0x00000007b7600000, 0x00000007b7800000, 0x00000007b7800000|100%| E|CS|TAMS 0x00000007b7600000| PB 0x00000007b7600000| Complete |  0
|1468|0x00000007b7800000, 0x00000007b7a00000, 0x00000007b7a00000|100%| E|CS|TAMS 0x00000007b7800000| PB 0x00000007b7800000| Complete |  0
|1469|0x00000007b7a00000, 0x00000007b7c00000, 0x00000007b7c00000|100%| E|CS|TAMS 0x00000007b7a00000| PB 0x00000007b7a00000| Complete |  0
|1470|0x00000007b7c00000, 0x00000007b7e00000, 0x00000007b7e00000|100%| E|CS|TAMS 0x00000007b7c00000| PB 0x00000007b7c00000| Complete |  0
|1471|0x00000007b7e00000, 0x00000007b8000000, 0x00000007b8000000|100%| E|CS|TAMS 0x00000007b7e00000| PB 0x00000007b7e00000| Complete |  0
|1472|0x00000007b8000000, 0x00000007b8200000, 0x00000007b8200000|100%| E|CS|TAMS 0x00000007b8000000| PB 0x00000007b8000000| Complete |  0
|1473|0x00000007b8200000, 0x00000007b8400000, 0x00000007b8400000|100%| E|CS|TAMS 0x00000007b8200000| PB 0x00000007b8200000| Complete |  0
|1474|0x00000007b8400000, 0x00000007b8600000, 0x00000007b8600000|100%| E|CS|TAMS 0x00000007b8400000| PB 0x00000007b8400000| Complete |  0
|1475|0x00000007b8600000, 0x00000007b8800000, 0x00000007b8800000|100%| E|CS|TAMS 0x00000007b8600000| PB 0x00000007b8600000| Complete |  0
|1476|0x00000007b8800000, 0x00000007b8a00000, 0x00000007b8a00000|100%| E|CS|TAMS 0x00000007b8800000| PB 0x00000007b8800000| Complete |  0
|1477|0x00000007b8a00000, 0x00000007b8c00000, 0x00000007b8c00000|100%| E|CS|TAMS 0x00000007b8a00000| PB 0x00000007b8a00000| Complete |  0
|1478|0x00000007b8c00000, 0x00000007b8e00000, 0x00000007b8e00000|100%| E|CS|TAMS 0x00000007b8c00000| PB 0x00000007b8c00000| Complete |  0
|1479|0x00000007b8e00000, 0x00000007b9000000, 0x00000007b9000000|100%| E|CS|TAMS 0x00000007b8e00000| PB 0x00000007b8e00000| Complete |  0
|1480|0x00000007b9000000, 0x00000007b9200000, 0x00000007b9200000|100%| E|CS|TAMS 0x00000007b9000000| PB 0x00000007b9000000| Complete |  0
|1481|0x00000007b9200000, 0x00000007b9400000, 0x00000007b9400000|100%| E|CS|TAMS 0x00000007b9200000| PB 0x00000007b9200000| Complete |  0
|1482|0x00000007b9400000, 0x00000007b9600000, 0x00000007b9600000|100%| E|CS|TAMS 0x00000007b9400000| PB 0x00000007b9400000| Complete |  0
|1483|0x00000007b9600000, 0x00000007b9800000, 0x00000007b9800000|100%| E|CS|TAMS 0x00000007b9600000| PB 0x00000007b9600000| Complete |  0
|1484|0x00000007b9800000, 0x00000007b9a00000, 0x00000007b9a00000|100%| E|CS|TAMS 0x00000007b9800000| PB 0x00000007b9800000| Complete |  0
|1485|0x00000007b9a00000, 0x00000007b9c00000, 0x00000007b9c00000|100%| E|CS|TAMS 0x00000007b9a00000| PB 0x00000007b9a00000| Complete |  0
|1486|0x00000007b9c00000, 0x00000007b9e00000, 0x00000007b9e00000|100%| E|CS|TAMS 0x00000007b9c00000| PB 0x00000007b9c00000| Complete |  0
|1487|0x00000007b9e00000, 0x00000007ba000000, 0x00000007ba000000|100%| E|CS|TAMS 0x00000007b9e00000| PB 0x00000007b9e00000| Complete |  0
|1488|0x00000007ba000000, 0x00000007ba200000, 0x00000007ba200000|100%| E|CS|TAMS 0x00000007ba000000| PB 0x00000007ba000000| Complete |  0
|1489|0x00000007ba200000, 0x00000007ba400000, 0x00000007ba400000|100%| E|CS|TAMS 0x00000007ba200000| PB 0x00000007ba200000| Complete |  0
|1490|0x00000007ba400000, 0x00000007ba600000, 0x00000007ba600000|100%| E|CS|TAMS 0x00000007ba400000| PB 0x00000007ba400000| Complete |  0
|1491|0x00000007ba600000, 0x00000007ba800000, 0x00000007ba800000|100%| E|CS|TAMS 0x00000007ba600000| PB 0x00000007ba600000| Complete |  0
|1492|0x00000007ba800000, 0x00000007baa00000, 0x00000007baa00000|100%| E|CS|TAMS 0x00000007ba800000| PB 0x00000007ba800000| Complete |  0
|1493|0x00000007baa00000, 0x00000007bac00000, 0x00000007bac00000|100%| E|CS|TAMS 0x00000007baa00000| PB 0x00000007baa00000| Complete |  0
|1494|0x00000007bac00000, 0x00000007bae00000, 0x00000007bae00000|100%| E|CS|TAMS 0x00000007bac00000| PB 0x00000007bac00000| Complete |  0
|1495|0x00000007bae00000, 0x00000007bb000000, 0x00000007bb000000|100%| E|CS|TAMS 0x00000007bae00000| PB 0x00000007bae00000| Complete |  0
|1496|0x00000007bb000000, 0x00000007bb200000, 0x00000007bb200000|100%| E|CS|TAMS 0x00000007bb000000| PB 0x00000007bb000000| Complete |  0
|1497|0x00000007bb200000, 0x00000007bb400000, 0x00000007bb400000|100%| E|CS|TAMS 0x00000007bb200000| PB 0x00000007bb200000| Complete |  0
|1498|0x00000007bb400000, 0x00000007bb600000, 0x00000007bb600000|100%| E|CS|TAMS 0x00000007bb400000| PB 0x00000007bb400000| Complete |  0
|1499|0x00000007bb600000, 0x00000007bb800000, 0x00000007bb800000|100%| E|CS|TAMS 0x00000007bb600000| PB 0x00000007bb600000| Complete |  0
|1500|0x00000007bb800000, 0x00000007bba00000, 0x00000007bba00000|100%| E|CS|TAMS 0x00000007bb800000| PB 0x00000007bb800000| Complete |  0
|1501|0x00000007bba00000, 0x00000007bbc00000, 0x00000007bbc00000|100%| E|CS|TAMS 0x00000007bba00000| PB 0x00000007bba00000| Complete |  0
|1502|0x00000007bbc00000, 0x00000007bbe00000, 0x00000007bbe00000|100%| E|CS|TAMS 0x00000007bbc00000| PB 0x00000007bbc00000| Complete |  0
|1503|0x00000007bbe00000, 0x00000007bc000000, 0x00000007bc000000|100%| E|CS|TAMS 0x00000007bbe00000| PB 0x00000007bbe00000| Complete |  0
|1504|0x00000007bc000000, 0x00000007bc200000, 0x00000007bc200000|100%| E|CS|TAMS 0x00000007bc000000| PB 0x00000007bc000000| Complete |  0
|1505|0x00000007bc200000, 0x00000007bc400000, 0x00000007bc400000|100%| E|CS|TAMS 0x00000007bc200000| PB 0x00000007bc200000| Complete |  0
|1506|0x00000007bc400000, 0x00000007bc600000, 0x00000007bc600000|100%| E|CS|TAMS 0x00000007bc400000| PB 0x00000007bc400000| Complete |  0
|1507|0x00000007bc600000, 0x00000007bc800000, 0x00000007bc800000|100%| E|CS|TAMS 0x00000007bc600000| PB 0x00000007bc600000| Complete |  0
|1508|0x00000007bc800000, 0x00000007bca00000, 0x00000007bca00000|100%| E|CS|TAMS 0x00000007bc800000| PB 0x00000007bc800000| Complete |  0
|1509|0x00000007bca00000, 0x00000007bcc00000, 0x00000007bcc00000|100%| E|CS|TAMS 0x00000007bca00000| PB 0x00000007bca00000| Complete |  0
|1510|0x00000007bcc00000, 0x00000007bce00000, 0x00000007bce00000|100%| E|CS|TAMS 0x00000007bcc00000| PB 0x00000007bcc00000| Complete |  0
|1511|0x00000007bce00000, 0x00000007bd000000, 0x00000007bd000000|100%| E|CS|TAMS 0x00000007bce00000| PB 0x00000007bce00000| Complete |  0
|1512|0x00000007bd000000, 0x00000007bd200000, 0x00000007bd200000|100%| E|CS|TAMS 0x00000007bd000000| PB 0x00000007bd000000| Complete |  0
|1513|0x00000007bd200000, 0x00000007bd400000, 0x00000007bd400000|100%| E|CS|TAMS 0x00000007bd200000| PB 0x00000007bd200000| Complete |  0
|1514|0x00000007bd400000, 0x00000007bd600000, 0x00000007bd600000|100%| E|CS|TAMS 0x00000007bd400000| PB 0x00000007bd400000| Complete |  0
|1515|0x00000007bd600000, 0x00000007bd800000, 0x00000007bd800000|100%| E|CS|TAMS 0x00000007bd600000| PB 0x00000007bd600000| Complete |  0
|1516|0x00000007bd800000, 0x00000007bda00000, 0x00000007bda00000|100%| E|CS|TAMS 0x00000007bd800000| PB 0x00000007bd800000| Complete |  0
|1517|0x00000007bda00000, 0x00000007bdc00000, 0x00000007bdc00000|100%| E|CS|TAMS 0x00000007bda00000| PB 0x00000007bda00000| Complete |  0
|1518|0x00000007bdc00000, 0x00000007bde00000, 0x00000007bde00000|100%| E|CS|TAMS 0x00000007bdc00000| PB 0x00000007bdc00000| Complete |  0
|1519|0x00000007bde00000, 0x00000007be000000, 0x00000007be000000|100%| E|CS|TAMS 0x00000007bde00000| PB 0x00000007bde00000| Complete |  0
|1520|0x00000007be000000, 0x00000007be200000, 0x00000007be200000|100%| E|CS|TAMS 0x00000007be000000| PB 0x00000007be000000| Complete |  0
|1521|0x00000007be200000, 0x00000007be400000, 0x00000007be400000|100%| E|CS|TAMS 0x00000007be200000| PB 0x00000007be200000| Complete |  0
|1522|0x00000007be400000, 0x00000007be600000, 0x00000007be600000|100%| E|CS|TAMS 0x00000007be400000| PB 0x00000007be400000| Complete |  0
|1523|0x00000007be600000, 0x00000007be800000, 0x00000007be800000|100%| E|CS|TAMS 0x00000007be600000| PB 0x00000007be600000| Complete |  0
|1524|0x00000007be800000, 0x00000007bea00000, 0x00000007bea00000|100%| E|CS|TAMS 0x00000007be800000| PB 0x00000007be800000| Complete |  0
|1525|0x00000007bea00000, 0x00000007bec00000, 0x00000007bec00000|100%| E|CS|TAMS 0x00000007bea00000| PB 0x00000007bea00000| Complete |  0
|1526|0x00000007bec00000, 0x00000007bee00000, 0x00000007bee00000|100%| E|CS|TAMS 0x00000007bec00000| PB 0x00000007bec00000| Complete |  0
|1527|0x00000007bee00000, 0x00000007bf000000, 0x00000007bf000000|100%| E|CS|TAMS 0x00000007bee00000| PB 0x00000007bee00000| Complete |  0
|1528|0x00000007bf000000, 0x00000007bf200000, 0x00000007bf200000|100%| E|CS|TAMS 0x00000007bf000000| PB 0x00000007bf000000| Complete |  0
|1529|0x00000007bf200000, 0x00000007bf400000, 0x00000007bf400000|100%| E|CS|TAMS 0x00000007bf200000| PB 0x00000007bf200000| Complete |  0
|1530|0x00000007bf400000, 0x00000007bf600000, 0x00000007bf600000|100%| E|CS|TAMS 0x00000007bf400000| PB 0x00000007bf400000| Complete |  0
|1531|0x00000007bf600000, 0x00000007bf800000, 0x00000007bf800000|100%| E|CS|TAMS 0x00000007bf600000| PB 0x00000007bf600000| Complete |  0
|1532|0x00000007bf800000, 0x00000007bfa00000, 0x00000007bfa00000|100%| E|CS|TAMS 0x00000007bf800000| PB 0x00000007bf800000| Complete |  0
|1533|0x00000007bfa00000, 0x00000007bfc00000, 0x00000007bfc00000|100%| E|CS|TAMS 0x00000007bfa00000| PB 0x00000007bfa00000| Complete |  0
|1534|0x00000007bfc00000, 0x00000007bfe00000, 0x00000007bfe00000|100%| E|CS|TAMS 0x00000007bfc00000| PB 0x00000007bfc00000| Complete |  0
|1535|0x00000007bfe00000, 0x00000007c0000000, 0x00000007c0000000|100%| E|CS|TAMS 0x00000007bfe00000| PB 0x00000007bfe00000| Complete |  0
|1536|0x00000007c0000000, 0x00000007c0200000, 0x00000007c0200000|100%| E|CS|TAMS 0x00000007c0000000| PB 0x00000007c0000000| Complete |  0
|1537|0x00000007c0200000, 0x00000007c0400000, 0x00000007c0400000|100%| E|CS|TAMS 0x00000007c0200000| PB 0x00000007c0200000| Complete |  0
|1538|0x00000007c0400000, 0x00000007c0600000, 0x00000007c0600000|100%| E|CS|TAMS 0x00000007c0400000| PB 0x00000007c0400000| Complete |  0
|1539|0x00000007c0600000, 0x00000007c0800000, 0x00000007c0800000|100%| E|CS|TAMS 0x00000007c0600000| PB 0x00000007c0600000| Complete |  0
|1540|0x00000007c0800000, 0x00000007c0a00000, 0x00000007c0a00000|100%| E|CS|TAMS 0x00000007c0800000| PB 0x00000007c0800000| Complete |  0
|1541|0x00000007c0a00000, 0x00000007c0c00000, 0x00000007c0c00000|100%| E|CS|TAMS 0x00000007c0a00000| PB 0x00000007c0a00000| Complete |  0
|1542|0x00000007c0c00000, 0x00000007c0e00000, 0x00000007c0e00000|100%| E|CS|TAMS 0x00000007c0c00000| PB 0x00000007c0c00000| Complete |  0
|1543|0x00000007c0e00000, 0x00000007c1000000, 0x00000007c1000000|100%| E|CS|TAMS 0x00000007c0e00000| PB 0x00000007c0e00000| Complete |  0
|1544|0x00000007c1000000, 0x00000007c1200000, 0x00000007c1200000|100%| E|CS|TAMS 0x00000007c1000000| PB 0x00000007c1000000| Complete |  0
|1545|0x00000007c1200000, 0x00000007c1400000, 0x00000007c1400000|100%| E|CS|TAMS 0x00000007c1200000| PB 0x00000007c1200000| Complete |  0
|1546|0x00000007c1400000, 0x00000007c1600000, 0x00000007c1600000|100%| E|CS|TAMS 0x00000007c1400000| PB 0x00000007c1400000| Complete |  0
|1547|0x00000007c1600000, 0x00000007c1800000, 0x00000007c1800000|100%| E|CS|TAMS 0x00000007c1600000| PB 0x00000007c1600000| Complete |  0
|1548|0x00000007c1800000, 0x00000007c1a00000, 0x00000007c1a00000|100%| E|CS|TAMS 0x00000007c1800000| PB 0x00000007c1800000| Complete |  0
|1549|0x00000007c1a00000, 0x00000007c1c00000, 0x00000007c1c00000|100%| E|CS|TAMS 0x00000007c1a00000| PB 0x00000007c1a00000| Complete |  0
|1550|0x00000007c1c00000, 0x00000007c1e00000, 0x00000007c1e00000|100%| E|CS|TAMS 0x00000007c1c00000| PB 0x00000007c1c00000| Complete |  0
|1551|0x00000007c1e00000, 0x00000007c2000000, 0x00000007c2000000|100%| E|CS|TAMS 0x00000007c1e00000| PB 0x00000007c1e00000| Complete |  0
|1552|0x00000007c2000000, 0x00000007c2200000, 0x00000007c2200000|100%| E|CS|TAMS 0x00000007c2000000| PB 0x00000007c2000000| Complete |  0
|1553|0x00000007c2200000, 0x00000007c2400000, 0x00000007c2400000|100%| E|CS|TAMS 0x00000007c2200000| PB 0x00000007c2200000| Complete |  0
|1554|0x00000007c2400000, 0x00000007c2600000, 0x00000007c2600000|100%| E|CS|TAMS 0x00000007c2400000| PB 0x00000007c2400000| Complete |  0
|1555|0x00000007c2600000, 0x00000007c2800000, 0x00000007c2800000|100%| E|CS|TAMS 0x00000007c2600000| PB 0x00000007c2600000| Complete |  0
|1556|0x00000007c2800000, 0x00000007c2a00000, 0x00000007c2a00000|100%| E|CS|TAMS 0x00000007c2800000| PB 0x00000007c2800000| Complete |  0
|1557|0x00000007c2a00000, 0x00000007c2c00000, 0x00000007c2c00000|100%| E|CS|TAMS 0x00000007c2a00000| PB 0x00000007c2a00000| Complete |  0
|1558|0x00000007c2c00000, 0x00000007c2e00000, 0x00000007c2e00000|100%| E|CS|TAMS 0x00000007c2c00000| PB 0x00000007c2c00000| Complete |  0
|1559|0x00000007c2e00000, 0x00000007c3000000, 0x00000007c3000000|100%| E|CS|TAMS 0x00000007c2e00000| PB 0x00000007c2e00000| Complete |  0
|1560|0x00000007c3000000, 0x00000007c3200000, 0x00000007c3200000|100%| E|CS|TAMS 0x00000007c3000000| PB 0x00000007c3000000| Complete |  0
|1561|0x00000007c3200000, 0x00000007c3400000, 0x00000007c3400000|100%| E|CS|TAMS 0x00000007c3200000| PB 0x00000007c3200000| Complete |  0
|1562|0x00000007c3400000, 0x00000007c3600000, 0x00000007c3600000|100%| E|CS|TAMS 0x00000007c3400000| PB 0x00000007c3400000| Complete |  0
|1563|0x00000007c3600000, 0x00000007c3800000, 0x00000007c3800000|100%| E|CS|TAMS 0x00000007c3600000| PB 0x00000007c3600000| Complete |  0
|1564|0x00000007c3800000, 0x00000007c3a00000, 0x00000007c3a00000|100%| E|CS|TAMS 0x00000007c3800000| PB 0x00000007c3800000| Complete |  0
|1565|0x00000007c3a00000, 0x00000007c3c00000, 0x00000007c3c00000|100%| E|CS|TAMS 0x00000007c3a00000| PB 0x00000007c3a00000| Complete |  0
|1566|0x00000007c3c00000, 0x00000007c3e00000, 0x00000007c3e00000|100%| E|CS|TAMS 0x00000007c3c00000| PB 0x00000007c3c00000| Complete |  0
|1567|0x00000007c3e00000, 0x00000007c4000000, 0x00000007c4000000|100%| E|CS|TAMS 0x00000007c3e00000| PB 0x00000007c3e00000| Complete |  0
|1568|0x00000007c4000000, 0x00000007c4200000, 0x00000007c4200000|100%| E|CS|TAMS 0x00000007c4000000| PB 0x00000007c4000000| Complete |  0
|1569|0x00000007c4200000, 0x00000007c4400000, 0x00000007c4400000|100%| E|CS|TAMS 0x00000007c4200000| PB 0x00000007c4200000| Complete |  0
|1570|0x00000007c4400000, 0x00000007c4600000, 0x00000007c4600000|100%| E|CS|TAMS 0x00000007c4400000| PB 0x00000007c4400000| Complete |  0
|1571|0x00000007c4600000, 0x00000007c4800000, 0x00000007c4800000|100%| E|CS|TAMS 0x00000007c4600000| PB 0x00000007c4600000| Complete |  0
|1572|0x00000007c4800000, 0x00000007c4a00000, 0x00000007c4a00000|100%| E|CS|TAMS 0x00000007c4800000| PB 0x00000007c4800000| Complete |  0
|1573|0x00000007c4a00000, 0x00000007c4c00000, 0x00000007c4c00000|100%| E|CS|TAMS 0x00000007c4a00000| PB 0x00000007c4a00000| Complete |  0
|1574|0x00000007c4c00000, 0x00000007c4e00000, 0x00000007c4e00000|100%| E|CS|TAMS 0x00000007c4c00000| PB 0x00000007c4c00000| Complete |  0
|1575|0x00000007c4e00000, 0x00000007c5000000, 0x00000007c5000000|100%| E|CS|TAMS 0x00000007c4e00000| PB 0x00000007c4e00000| Complete |  0
|1576|0x00000007c5000000, 0x00000007c5200000, 0x00000007c5200000|100%| E|CS|TAMS 0x00000007c5000000| PB 0x00000007c5000000| Complete |  0
|1577|0x00000007c5200000, 0x00000007c5400000, 0x00000007c5400000|100%| E|CS|TAMS 0x00000007c5200000| PB 0x00000007c5200000| Complete |  0
|1578|0x00000007c5400000, 0x00000007c5600000, 0x00000007c5600000|100%| E|CS|TAMS 0x00000007c5400000| PB 0x00000007c5400000| Complete |  0
|1579|0x00000007c5600000, 0x00000007c5800000, 0x00000007c5800000|100%| E|CS|TAMS 0x00000007c5600000| PB 0x00000007c5600000| Complete |  0
|1580|0x00000007c5800000, 0x00000007c5a00000, 0x00000007c5a00000|100%| E|CS|TAMS 0x00000007c5800000| PB 0x00000007c5800000| Complete |  0
|1581|0x00000007c5a00000, 0x00000007c5c00000, 0x00000007c5c00000|100%| E|CS|TAMS 0x00000007c5a00000| PB 0x00000007c5a00000| Complete |  0
|1582|0x00000007c5c00000, 0x00000007c5e00000, 0x00000007c5e00000|100%| E|CS|TAMS 0x00000007c5c00000| PB 0x00000007c5c00000| Complete |  0
|1583|0x00000007c5e00000, 0x00000007c6000000, 0x00000007c6000000|100%| E|CS|TAMS 0x00000007c5e00000| PB 0x00000007c5e00000| Complete |  0
|1584|0x00000007c6000000, 0x00000007c6200000, 0x00000007c6200000|100%| E|CS|TAMS 0x00000007c6000000| PB 0x00000007c6000000| Complete |  0
|1585|0x00000007c6200000, 0x00000007c6400000, 0x00000007c6400000|100%| E|CS|TAMS 0x00000007c6200000| PB 0x00000007c6200000| Complete |  0
|1586|0x00000007c6400000, 0x00000007c6600000, 0x00000007c6600000|100%| E|CS|TAMS 0x00000007c6400000| PB 0x00000007c6400000| Complete |  0
|1587|0x00000007c6600000, 0x00000007c6800000, 0x00000007c6800000|100%| E|CS|TAMS 0x00000007c6600000| PB 0x00000007c6600000| Complete |  0
|1588|0x00000007c6800000, 0x00000007c6a00000, 0x00000007c6a00000|100%| E|CS|TAMS 0x00000007c6800000| PB 0x00000007c6800000| Complete |  0
|1589|0x00000007c6a00000, 0x00000007c6c00000, 0x00000007c6c00000|100%| E|CS|TAMS 0x00000007c6a00000| PB 0x00000007c6a00000| Complete |  0
|1590|0x00000007c6c00000, 0x00000007c6e00000, 0x00000007c6e00000|100%| E|CS|TAMS 0x00000007c6c00000| PB 0x00000007c6c00000| Complete |  0
|1591|0x00000007c6e00000, 0x00000007c7000000, 0x00000007c7000000|100%| E|CS|TAMS 0x00000007c6e00000| PB 0x00000007c6e00000| Complete |  0
|1592|0x00000007c7000000, 0x00000007c7200000, 0x00000007c7200000|100%| E|CS|TAMS 0x00000007c7000000| PB 0x00000007c7000000| Complete |  0
|1593|0x00000007c7200000, 0x00000007c7400000, 0x00000007c7400000|100%| E|CS|TAMS 0x00000007c7200000| PB 0x00000007c7200000| Complete |  0
|1594|0x00000007c7400000, 0x00000007c7600000, 0x00000007c7600000|100%| E|CS|TAMS 0x00000007c7400000| PB 0x00000007c7400000| Complete |  0
|1595|0x00000007c7600000, 0x00000007c7800000, 0x00000007c7800000|100%| E|CS|TAMS 0x00000007c7600000| PB 0x00000007c7600000| Complete |  0
|1596|0x00000007c7800000, 0x00000007c7a00000, 0x00000007c7a00000|100%| E|CS|TAMS 0x00000007c7800000| PB 0x00000007c7800000| Complete |  0
|1597|0x00000007c7a00000, 0x00000007c7c00000, 0x00000007c7c00000|100%| E|CS|TAMS 0x00000007c7a00000| PB 0x00000007c7a00000| Complete |  0
|1598|0x00000007c7c00000, 0x00000007c7e00000, 0x00000007c7e00000|100%| E|CS|TAMS 0x00000007c7c00000| PB 0x00000007c7c00000| Complete |  0
|1599|0x00000007c7e00000, 0x00000007c8000000, 0x00000007c8000000|100%| E|CS|TAMS 0x00000007c7e00000| PB 0x00000007c7e00000| Complete |  0
|1600|0x00000007c8000000, 0x00000007c8200000, 0x00000007c8200000|100%| E|CS|TAMS 0x00000007c8000000| PB 0x00000007c8000000| Complete |  0
|1601|0x00000007c8200000, 0x00000007c8400000, 0x00000007c8400000|100%| E|CS|TAMS 0x00000007c8200000| PB 0x00000007c8200000| Complete |  0
|1602|0x00000007c8400000, 0x00000007c8600000, 0x00000007c8600000|100%| E|CS|TAMS 0x00000007c8400000| PB 0x00000007c8400000| Complete |  0
|1603|0x00000007c8600000, 0x00000007c8800000, 0x00000007c8800000|100%| E|CS|TAMS 0x00000007c8600000| PB 0x00000007c8600000| Complete |  0
|1604|0x00000007c8800000, 0x00000007c8a00000, 0x00000007c8a00000|100%| E|CS|TAMS 0x00000007c8800000| PB 0x00000007c8800000| Complete |  0
|1605|0x00000007c8a00000, 0x00000007c8c00000, 0x00000007c8c00000|100%| E|CS|TAMS 0x00000007c8a00000| PB 0x00000007c8a00000| Complete |  0
|1606|0x00000007c8c00000, 0x00000007c8e00000, 0x00000007c8e00000|100%| E|CS|TAMS 0x00000007c8c00000| PB 0x00000007c8c00000| Complete |  0
|1607|0x00000007c8e00000, 0x00000007c9000000, 0x00000007c9000000|100%| E|CS|TAMS 0x00000007c8e00000| PB 0x00000007c8e00000| Complete |  0
|1608|0x00000007c9000000, 0x00000007c9200000, 0x00000007c9200000|100%| E|CS|TAMS 0x00000007c9000000| PB 0x00000007c9000000| Complete |  0
|1609|0x00000007c9200000, 0x00000007c9400000, 0x00000007c9400000|100%| E|CS|TAMS 0x00000007c9200000| PB 0x00000007c9200000| Complete |  0
|1610|0x00000007c9400000, 0x00000007c9600000, 0x00000007c9600000|100%| E|CS|TAMS 0x00000007c9400000| PB 0x00000007c9400000| Complete |  0
|1611|0x00000007c9600000, 0x00000007c9800000, 0x00000007c9800000|100%| E|CS|TAMS 0x00000007c9600000| PB 0x00000007c9600000| Complete |  0
|1612|0x00000007c9800000, 0x00000007c9a00000, 0x00000007c9a00000|100%| E|CS|TAMS 0x00000007c9800000| PB 0x00000007c9800000| Complete |  0
|1613|0x00000007c9a00000, 0x00000007c9c00000, 0x00000007c9c00000|100%| E|CS|TAMS 0x00000007c9a00000| PB 0x00000007c9a00000| Complete |  0
|1614|0x00000007c9c00000, 0x00000007c9e00000, 0x00000007c9e00000|100%| E|CS|TAMS 0x00000007c9c00000| PB 0x00000007c9c00000| Complete |  0
|1615|0x00000007c9e00000, 0x00000007ca000000, 0x00000007ca000000|100%| E|CS|TAMS 0x00000007c9e00000| PB 0x00000007c9e00000| Complete |  0
|1616|0x00000007ca000000, 0x00000007ca200000, 0x00000007ca200000|100%| E|CS|TAMS 0x00000007ca000000| PB 0x00000007ca000000| Complete |  0
|1617|0x00000007ca200000, 0x00000007ca400000, 0x00000007ca400000|100%| E|CS|TAMS 0x00000007ca200000| PB 0x00000007ca200000| Complete |  0
|1618|0x00000007ca400000, 0x00000007ca600000, 0x00000007ca600000|100%| E|CS|TAMS 0x00000007ca400000| PB 0x00000007ca400000| Complete |  0
|1619|0x00000007ca600000, 0x00000007ca800000, 0x00000007ca800000|100%| E|CS|TAMS 0x00000007ca600000| PB 0x00000007ca600000| Complete |  0
|1620|0x00000007ca800000, 0x00000007caa00000, 0x00000007caa00000|100%| E|CS|TAMS 0x00000007ca800000| PB 0x00000007ca800000| Complete |  0
|1621|0x00000007caa00000, 0x00000007cac00000, 0x00000007cac00000|100%| E|CS|TAMS 0x00000007caa00000| PB 0x00000007caa00000| Complete |  0
|1622|0x00000007cac00000, 0x00000007cae00000, 0x00000007cae00000|100%| E|CS|TAMS 0x00000007cac00000| PB 0x00000007cac00000| Complete |  0
|1623|0x00000007cae00000, 0x00000007cb000000, 0x00000007cb000000|100%| E|CS|TAMS 0x00000007cae00000| PB 0x00000007cae00000| Complete |  0
|1624|0x00000007cb000000, 0x00000007cb200000, 0x00000007cb200000|100%| E|CS|TAMS 0x00000007cb000000| PB 0x00000007cb000000| Complete |  0
|1625|0x00000007cb200000, 0x00000007cb400000, 0x00000007cb400000|100%| E|CS|TAMS 0x00000007cb200000| PB 0x00000007cb200000| Complete |  0
|1626|0x00000007cb400000, 0x00000007cb600000, 0x00000007cb600000|100%| E|CS|TAMS 0x00000007cb400000| PB 0x00000007cb400000| Complete |  0
|1627|0x00000007cb600000, 0x00000007cb800000, 0x00000007cb800000|100%| E|CS|TAMS 0x00000007cb600000| PB 0x00000007cb600000| Complete |  0
|1628|0x00000007cb800000, 0x00000007cba00000, 0x00000007cba00000|100%| E|CS|TAMS 0x00000007cb800000| PB 0x00000007cb800000| Complete |  0
|1629|0x00000007cba00000, 0x00000007cbc00000, 0x00000007cbc00000|100%| E|CS|TAMS 0x00000007cba00000| PB 0x00000007cba00000| Complete |  0
|1630|0x00000007cbc00000, 0x00000007cbe00000, 0x00000007cbe00000|100%| E|CS|TAMS 0x00000007cbc00000| PB 0x00000007cbc00000| Complete |  0
|1631|0x00000007cbe00000, 0x00000007cc000000, 0x00000007cc000000|100%| E|CS|TAMS 0x00000007cbe00000| PB 0x00000007cbe00000| Complete |  0
|1632|0x00000007cc000000, 0x00000007cc200000, 0x00000007cc200000|100%| E|CS|TAMS 0x00000007cc000000| PB 0x00000007cc000000| Complete |  0
|1633|0x00000007cc200000, 0x00000007cc400000, 0x00000007cc400000|100%| E|CS|TAMS 0x00000007cc200000| PB 0x00000007cc200000| Complete |  0
|1634|0x00000007cc400000, 0x00000007cc600000, 0x00000007cc600000|100%| E|CS|TAMS 0x00000007cc400000| PB 0x00000007cc400000| Complete |  0
|1635|0x00000007cc600000, 0x00000007cc800000, 0x00000007cc800000|100%| E|CS|TAMS 0x00000007cc600000| PB 0x00000007cc600000| Complete |  0
|1636|0x00000007cc800000, 0x00000007cca00000, 0x00000007cca00000|100%| E|CS|TAMS 0x00000007cc800000| PB 0x00000007cc800000| Complete |  0
|1637|0x00000007cca00000, 0x00000007ccc00000, 0x00000007ccc00000|100%| E|CS|TAMS 0x00000007cca00000| PB 0x00000007cca00000| Complete |  0
|1638|0x00000007ccc00000, 0x00000007cce00000, 0x00000007cce00000|100%| E|CS|TAMS 0x00000007ccc00000| PB 0x00000007ccc00000| Complete |  0
|1639|0x00000007cce00000, 0x00000007cd000000, 0x00000007cd000000|100%| E|CS|TAMS 0x00000007cce00000| PB 0x00000007cce00000| Complete |  0
|1640|0x00000007cd000000, 0x00000007cd200000, 0x00000007cd200000|100%| E|CS|TAMS 0x00000007cd000000| PB 0x00000007cd000000| Complete |  0
|1641|0x00000007cd200000, 0x00000007cd400000, 0x00000007cd400000|100%| E|CS|TAMS 0x00000007cd200000| PB 0x00000007cd200000| Complete |  0
|1642|0x00000007cd400000, 0x00000007cd600000, 0x00000007cd600000|100%| E|CS|TAMS 0x00000007cd400000| PB 0x00000007cd400000| Complete |  0
|1643|0x00000007cd600000, 0x00000007cd800000, 0x00000007cd800000|100%| E|CS|TAMS 0x00000007cd600000| PB 0x00000007cd600000| Complete |  0
|1644|0x00000007cd800000, 0x00000007cda00000, 0x00000007cda00000|100%| E|CS|TAMS 0x00000007cd800000| PB 0x00000007cd800000| Complete |  0
|1645|0x00000007cda00000, 0x00000007cdc00000, 0x00000007cdc00000|100%| E|CS|TAMS 0x00000007cda00000| PB 0x00000007cda00000| Complete |  0
|1646|0x00000007cdc00000, 0x00000007cde00000, 0x00000007cde00000|100%| E|CS|TAMS 0x00000007cdc00000| PB 0x00000007cdc00000| Complete |  0
|1647|0x00000007cde00000, 0x00000007ce000000, 0x00000007ce000000|100%| E|CS|TAMS 0x00000007cde00000| PB 0x00000007cde00000| Complete |  0
|1648|0x00000007ce000000, 0x00000007ce200000, 0x00000007ce200000|100%| E|CS|TAMS 0x00000007ce000000| PB 0x00000007ce000000| Complete |  0
|1649|0x00000007ce200000, 0x00000007ce400000, 0x00000007ce400000|100%| E|CS|TAMS 0x00000007ce200000| PB 0x00000007ce200000| Complete |  0
|1650|0x00000007ce400000, 0x00000007ce600000, 0x00000007ce600000|100%| E|CS|TAMS 0x00000007ce400000| PB 0x00000007ce400000| Complete |  0
|1651|0x00000007ce600000, 0x00000007ce800000, 0x00000007ce800000|100%| E|CS|TAMS 0x00000007ce600000| PB 0x00000007ce600000| Complete |  0
|1652|0x00000007ce800000, 0x00000007cea00000, 0x00000007cea00000|100%| E|CS|TAMS 0x00000007ce800000| PB 0x00000007ce800000| Complete |  0
|1653|0x00000007cea00000, 0x00000007cec00000, 0x00000007cec00000|100%| E|CS|TAMS 0x00000007cea00000| PB 0x00000007cea00000| Complete |  0
|1654|0x00000007cec00000, 0x00000007cee00000, 0x00000007cee00000|100%| E|CS|TAMS 0x00000007cec00000| PB 0x00000007cec00000| Complete |  0
|1655|0x00000007cee00000, 0x00000007cf000000, 0x00000007cf000000|100%| E|CS|TAMS 0x00000007cee00000| PB 0x00000007cee00000| Complete |  0
|1656|0x00000007cf000000, 0x00000007cf200000, 0x00000007cf200000|100%| E|CS|TAMS 0x00000007cf000000| PB 0x00000007cf000000| Complete |  0
|1657|0x00000007cf200000, 0x00000007cf400000, 0x00000007cf400000|100%| E|CS|TAMS 0x00000007cf200000| PB 0x00000007cf200000| Complete |  0
|1658|0x00000007cf400000, 0x00000007cf600000, 0x00000007cf600000|100%| E|CS|TAMS 0x00000007cf400000| PB 0x00000007cf400000| Complete |  0
|1659|0x00000007cf600000, 0x00000007cf800000, 0x00000007cf800000|100%| E|CS|TAMS 0x00000007cf600000| PB 0x00000007cf600000| Complete |  0
|1660|0x00000007cf800000, 0x00000007cfa00000, 0x00000007cfa00000|100%| E|CS|TAMS 0x00000007cf800000| PB 0x00000007cf800000| Complete |  0
|1661|0x00000007cfa00000, 0x00000007cfc00000, 0x00000007cfc00000|100%| E|CS|TAMS 0x00000007cfa00000| PB 0x00000007cfa00000| Complete |  0
|1662|0x00000007cfc00000, 0x00000007cfe00000, 0x00000007cfe00000|100%| E|CS|TAMS 0x00000007cfc00000| PB 0x00000007cfc00000| Complete |  0
|1663|0x00000007cfe00000, 0x00000007d0000000, 0x00000007d0000000|100%| E|CS|TAMS 0x00000007cfe00000| PB 0x00000007cfe00000| Complete |  0
|1664|0x00000007d0000000, 0x00000007d0200000, 0x00000007d0200000|100%| E|CS|TAMS 0x00000007d0000000| PB 0x00000007d0000000| Complete |  0
|1665|0x00000007d0200000, 0x00000007d0400000, 0x00000007d0400000|100%| E|CS|TAMS 0x00000007d0200000| PB 0x00000007d0200000| Complete |  0
|1666|0x00000007d0400000, 0x00000007d0600000, 0x00000007d0600000|100%| E|CS|TAMS 0x00000007d0400000| PB 0x00000007d0400000| Complete |  0
|1667|0x00000007d0600000, 0x00000007d0800000, 0x00000007d0800000|100%| E|CS|TAMS 0x00000007d0600000| PB 0x00000007d0600000| Complete |  0
|1668|0x00000007d0800000, 0x00000007d0a00000, 0x00000007d0a00000|100%| E|CS|TAMS 0x00000007d0800000| PB 0x00000007d0800000| Complete |  0
|1669|0x00000007d0a00000, 0x00000007d0c00000, 0x00000007d0c00000|100%| E|CS|TAMS 0x00000007d0a00000| PB 0x00000007d0a00000| Complete |  0
|1670|0x00000007d0c00000, 0x00000007d0e00000, 0x00000007d0e00000|100%| E|CS|TAMS 0x00000007d0c00000| PB 0x00000007d0c00000| Complete |  0
|1671|0x00000007d0e00000, 0x00000007d1000000, 0x00000007d1000000|100%| E|CS|TAMS 0x00000007d0e00000| PB 0x00000007d0e00000| Complete |  0
|1672|0x00000007d1000000, 0x00000007d1200000, 0x00000007d1200000|100%| E|CS|TAMS 0x00000007d1000000| PB 0x00000007d1000000| Complete |  0
|1673|0x00000007d1200000, 0x00000007d1400000, 0x00000007d1400000|100%| E|CS|TAMS 0x00000007d1200000| PB 0x00000007d1200000| Complete |  0
|1674|0x00000007d1400000, 0x00000007d1600000, 0x00000007d1600000|100%| E|CS|TAMS 0x00000007d1400000| PB 0x00000007d1400000| Complete |  0
|1675|0x00000007d1600000, 0x00000007d1800000, 0x00000007d1800000|100%| E|CS|TAMS 0x00000007d1600000| PB 0x00000007d1600000| Complete |  0
|1676|0x00000007d1800000, 0x00000007d1a00000, 0x00000007d1a00000|100%| E|CS|TAMS 0x00000007d1800000| PB 0x00000007d1800000| Complete |  0
|1677|0x00000007d1a00000, 0x00000007d1c00000, 0x00000007d1c00000|100%| E|CS|TAMS 0x00000007d1a00000| PB 0x00000007d1a00000| Complete |  0
|1678|0x00000007d1c00000, 0x00000007d1e00000, 0x00000007d1e00000|100%| E|CS|TAMS 0x00000007d1c00000| PB 0x00000007d1c00000| Complete |  0
|1679|0x00000007d1e00000, 0x00000007d2000000, 0x00000007d2000000|100%| E|CS|TAMS 0x00000007d1e00000| PB 0x00000007d1e00000| Complete |  0
|1680|0x00000007d2000000, 0x00000007d2200000, 0x00000007d2200000|100%| E|CS|TAMS 0x00000007d2000000| PB 0x00000007d2000000| Complete |  0
|1681|0x00000007d2200000, 0x00000007d2400000, 0x00000007d2400000|100%| E|CS|TAMS 0x00000007d2200000| PB 0x00000007d2200000| Complete |  0
|1682|0x00000007d2400000, 0x00000007d2600000, 0x00000007d2600000|100%| E|CS|TAMS 0x00000007d2400000| PB 0x00000007d2400000| Complete |  0
|1683|0x00000007d2600000, 0x00000007d2800000, 0x00000007d2800000|100%| E|CS|TAMS 0x00000007d2600000| PB 0x00000007d2600000| Complete |  0
|1684|0x00000007d2800000, 0x00000007d2a00000, 0x00000007d2a00000|100%| E|CS|TAMS 0x00000007d2800000| PB 0x00000007d2800000| Complete |  0
|1685|0x00000007d2a00000, 0x00000007d2c00000, 0x00000007d2c00000|100%| E|CS|TAMS 0x00000007d2a00000| PB 0x00000007d2a00000| Complete |  0
|1686|0x00000007d2c00000, 0x00000007d2e00000, 0x00000007d2e00000|100%| E|CS|TAMS 0x00000007d2c00000| PB 0x00000007d2c00000| Complete |  0
|1687|0x00000007d2e00000, 0x00000007d3000000, 0x00000007d3000000|100%| E|CS|TAMS 0x00000007d2e00000| PB 0x00000007d2e00000| Complete |  0
|1688|0x00000007d3000000, 0x00000007d3200000, 0x00000007d3200000|100%| E|CS|TAMS 0x00000007d3000000| PB 0x00000007d3000000| Complete |  0
|1689|0x00000007d3200000, 0x00000007d3400000, 0x00000007d3400000|100%| E|CS|TAMS 0x00000007d3200000| PB 0x00000007d3200000| Complete |  0
|1690|0x00000007d3400000, 0x00000007d3600000, 0x00000007d3600000|100%| E|CS|TAMS 0x00000007d3400000| PB 0x00000007d3400000| Complete |  0
|1691|0x00000007d3600000, 0x00000007d3800000, 0x00000007d3800000|100%| E|CS|TAMS 0x00000007d3600000| PB 0x00000007d3600000| Complete |  0
|1692|0x00000007d3800000, 0x00000007d3a00000, 0x00000007d3a00000|100%| E|CS|TAMS 0x00000007d3800000| PB 0x00000007d3800000| Complete |  0
|1693|0x00000007d3a00000, 0x00000007d3c00000, 0x00000007d3c00000|100%| E|CS|TAMS 0x00000007d3a00000| PB 0x00000007d3a00000| Complete |  0
|1694|0x00000007d3c00000, 0x00000007d3e00000, 0x00000007d3e00000|100%| E|CS|TAMS 0x00000007d3c00000| PB 0x00000007d3c00000| Complete |  0
|1695|0x00000007d3e00000, 0x00000007d4000000, 0x00000007d4000000|100%| E|CS|TAMS 0x00000007d3e00000| PB 0x00000007d3e00000| Complete |  0
|1696|0x00000007d4000000, 0x00000007d4200000, 0x00000007d4200000|100%| E|CS|TAMS 0x00000007d4000000| PB 0x00000007d4000000| Complete |  0
|1697|0x00000007d4200000, 0x00000007d4400000, 0x00000007d4400000|100%| E|CS|TAMS 0x00000007d4200000| PB 0x00000007d4200000| Complete |  0
|1698|0x00000007d4400000, 0x00000007d4600000, 0x00000007d4600000|100%| E|CS|TAMS 0x00000007d4400000| PB 0x00000007d4400000| Complete |  0
|1699|0x00000007d4600000, 0x00000007d4800000, 0x00000007d4800000|100%| E|CS|TAMS 0x00000007d4600000| PB 0x00000007d4600000| Complete |  0
|1700|0x00000007d4800000, 0x00000007d4a00000, 0x00000007d4a00000|100%| E|CS|TAMS 0x00000007d4800000| PB 0x00000007d4800000| Complete |  0
|1701|0x00000007d4a00000, 0x00000007d4c00000, 0x00000007d4c00000|100%| E|CS|TAMS 0x00000007d4a00000| PB 0x00000007d4a00000| Complete |  0
|1702|0x00000007d4c00000, 0x00000007d4e00000, 0x00000007d4e00000|100%| E|CS|TAMS 0x00000007d4c00000| PB 0x00000007d4c00000| Complete |  0
|1703|0x00000007d4e00000, 0x00000007d5000000, 0x00000007d5000000|100%| E|CS|TAMS 0x00000007d4e00000| PB 0x00000007d4e00000| Complete |  0
|1704|0x00000007d5000000, 0x00000007d5200000, 0x00000007d5200000|100%| E|CS|TAMS 0x00000007d5000000| PB 0x00000007d5000000| Complete |  0
|1705|0x00000007d5200000, 0x00000007d5400000, 0x00000007d5400000|100%| E|CS|TAMS 0x00000007d5200000| PB 0x00000007d5200000| Complete |  0
|1706|0x00000007d5400000, 0x00000007d5600000, 0x00000007d5600000|100%| E|CS|TAMS 0x00000007d5400000| PB 0x00000007d5400000| Complete |  0
|1707|0x00000007d5600000, 0x00000007d5800000, 0x00000007d5800000|100%| E|CS|TAMS 0x00000007d5600000| PB 0x00000007d5600000| Complete |  0
|1708|0x00000007d5800000, 0x00000007d5a00000, 0x00000007d5a00000|100%| E|CS|TAMS 0x00000007d5800000| PB 0x00000007d5800000| Complete |  0
|1709|0x00000007d5a00000, 0x00000007d5c00000, 0x00000007d5c00000|100%| E|CS|TAMS 0x00000007d5a00000| PB 0x00000007d5a00000| Complete |  0
|1710|0x00000007d5c00000, 0x00000007d5e00000, 0x00000007d5e00000|100%| E|CS|TAMS 0x00000007d5c00000| PB 0x00000007d5c00000| Complete |  0
|1711|0x00000007d5e00000, 0x00000007d6000000, 0x00000007d6000000|100%| E|CS|TAMS 0x00000007d5e00000| PB 0x00000007d5e00000| Complete |  0
|1712|0x00000007d6000000, 0x00000007d6200000, 0x00000007d6200000|100%| E|CS|TAMS 0x00000007d6000000| PB 0x00000007d6000000| Complete |  0
|1713|0x00000007d6200000, 0x00000007d6400000, 0x00000007d6400000|100%| E|CS|TAMS 0x00000007d6200000| PB 0x00000007d6200000| Complete |  0
|1714|0x00000007d6400000, 0x00000007d6600000, 0x00000007d6600000|100%| E|CS|TAMS 0x00000007d6400000| PB 0x00000007d6400000| Complete |  0
|1715|0x00000007d6600000, 0x00000007d6800000, 0x00000007d6800000|100%| E|CS|TAMS 0x00000007d6600000| PB 0x00000007d6600000| Complete |  0
|1716|0x00000007d6800000, 0x00000007d6a00000, 0x00000007d6a00000|100%| E|CS|TAMS 0x00000007d6800000| PB 0x00000007d6800000| Complete |  0
|1717|0x00000007d6a00000, 0x00000007d6c00000, 0x00000007d6c00000|100%| E|CS|TAMS 0x00000007d6a00000| PB 0x00000007d6a00000| Complete |  0
|1718|0x00000007d6c00000, 0x00000007d6e00000, 0x00000007d6e00000|100%| E|CS|TAMS 0x00000007d6c00000| PB 0x00000007d6c00000| Complete |  0
|1719|0x00000007d6e00000, 0x00000007d7000000, 0x00000007d7000000|100%| E|CS|TAMS 0x00000007d6e00000| PB 0x00000007d6e00000| Complete |  0
|1720|0x00000007d7000000, 0x00000007d7200000, 0x00000007d7200000|100%| E|CS|TAMS 0x00000007d7000000| PB 0x00000007d7000000| Complete |  0
|1721|0x00000007d7200000, 0x00000007d7400000, 0x00000007d7400000|100%| E|CS|TAMS 0x00000007d7200000| PB 0x00000007d7200000| Complete |  0
|1722|0x00000007d7400000, 0x00000007d7600000, 0x00000007d7600000|100%| E|CS|TAMS 0x00000007d7400000| PB 0x00000007d7400000| Complete |  0
|1723|0x00000007d7600000, 0x00000007d7800000, 0x00000007d7800000|100%| E|CS|TAMS 0x00000007d7600000| PB 0x00000007d7600000| Complete |  0
|1724|0x00000007d7800000, 0x00000007d7a00000, 0x00000007d7a00000|100%| E|CS|TAMS 0x00000007d7800000| PB 0x00000007d7800000| Complete |  0
|1725|0x00000007d7a00000, 0x00000007d7c00000, 0x00000007d7c00000|100%| E|CS|TAMS 0x00000007d7a00000| PB 0x00000007d7a00000| Complete |  0
|1726|0x00000007d7c00000, 0x00000007d7e00000, 0x00000007d7e00000|100%| E|CS|TAMS 0x00000007d7c00000| PB 0x00000007d7c00000| Complete |  0
|1727|0x00000007d7e00000, 0x00000007d8000000, 0x00000007d8000000|100%| E|CS|TAMS 0x00000007d7e00000| PB 0x00000007d7e00000| Complete |  0
|1728|0x00000007d8000000, 0x00000007d8200000, 0x00000007d8200000|100%| E|CS|TAMS 0x00000007d8000000| PB 0x00000007d8000000| Complete |  0
|1729|0x00000007d8200000, 0x00000007d8400000, 0x00000007d8400000|100%| E|CS|TAMS 0x00000007d8200000| PB 0x00000007d8200000| Complete |  0
|1730|0x00000007d8400000, 0x00000007d8600000, 0x00000007d8600000|100%| E|CS|TAMS 0x00000007d8400000| PB 0x00000007d8400000| Complete |  0
|1731|0x00000007d8600000, 0x00000007d8800000, 0x00000007d8800000|100%| E|CS|TAMS 0x00000007d8600000| PB 0x00000007d8600000| Complete |  0
|1732|0x00000007d8800000, 0x00000007d8a00000, 0x00000007d8a00000|100%| E|CS|TAMS 0x00000007d8800000| PB 0x00000007d8800000| Complete |  0
|1733|0x00000007d8a00000, 0x00000007d8c00000, 0x00000007d8c00000|100%| E|CS|TAMS 0x00000007d8a00000| PB 0x00000007d8a00000| Complete |  0
|1734|0x00000007d8c00000, 0x00000007d8e00000, 0x00000007d8e00000|100%| E|CS|TAMS 0x00000007d8c00000| PB 0x00000007d8c00000| Complete |  0
|1735|0x00000007d8e00000, 0x00000007d9000000, 0x00000007d9000000|100%| E|CS|TAMS 0x00000007d8e00000| PB 0x00000007d8e00000| Complete |  0
|1736|0x00000007d9000000, 0x00000007d9200000, 0x00000007d9200000|100%| E|CS|TAMS 0x00000007d9000000| PB 0x00000007d9000000| Complete |  0
|1737|0x00000007d9200000, 0x00000007d9400000, 0x00000007d9400000|100%| E|CS|TAMS 0x00000007d9200000| PB 0x00000007d9200000| Complete |  0
|1738|0x00000007d9400000, 0x00000007d9600000, 0x00000007d9600000|100%| E|CS|TAMS 0x00000007d9400000| PB 0x00000007d9400000| Complete |  0
|1739|0x00000007d9600000, 0x00000007d9800000, 0x00000007d9800000|100%| E|CS|TAMS 0x00000007d9600000| PB 0x00000007d9600000| Complete |  0
|1740|0x00000007d9800000, 0x00000007d9a00000, 0x00000007d9a00000|100%| E|CS|TAMS 0x00000007d9800000| PB 0x00000007d9800000| Complete |  0
|1741|0x00000007d9a00000, 0x00000007d9b49ad8, 0x00000007d9c00000| 64%| S|CS|TAMS 0x00000007d9a00000| PB 0x00000007d9a00000| Complete |  0
|1742|0x00000007d9c00000, 0x00000007d9e00000, 0x00000007d9e00000|100%| S|CS|TAMS 0x00000007d9c00000| PB 0x00000007d9c00000| Complete |  0
|1743|0x00000007d9e00000, 0x00000007da000000, 0x00000007da000000|100%| S|CS|TAMS 0x00000007d9e00000| PB 0x00000007d9e00000| Complete |  0
|1744|0x00000007da000000, 0x00000007da200000, 0x00000007da200000|100%| S|CS|TAMS 0x00000007da000000| PB 0x00000007da000000| Complete |  0
|1745|0x00000007da200000, 0x00000007da400000, 0x00000007da400000|100%| S|CS|TAMS 0x00000007da200000| PB 0x00000007da200000| Complete |  0
|1746|0x00000007da400000, 0x00000007da600000, 0x00000007da600000|100%| E|CS|TAMS 0x00000007da400000| PB 0x00000007da400000| Complete |  0
|1747|0x00000007da600000, 0x00000007da800000, 0x00000007da800000|100%| E|CS|TAMS 0x00000007da600000| PB 0x00000007da600000| Complete |  0
|1748|0x00000007da800000, 0x00000007daa00000, 0x00000007daa00000|100%| E|CS|TAMS 0x00000007da800000| PB 0x00000007da800000| Complete |  0
|1749|0x00000007daa00000, 0x00000007dac00000, 0x00000007dac00000|100%| E|CS|TAMS 0x00000007daa00000| PB 0x00000007daa00000| Complete |  0
|1750|0x00000007dac00000, 0x00000007dae00000, 0x00000007dae00000|100%| E|CS|TAMS 0x00000007dac00000| PB 0x00000007dac00000| Complete |  0
|1751|0x00000007dae00000, 0x00000007db000000, 0x00000007db000000|100%| E|CS|TAMS 0x00000007dae00000| PB 0x00000007dae00000| Complete |  0
|1752|0x00000007db000000, 0x00000007db200000, 0x00000007db200000|100%| E|CS|TAMS 0x00000007db000000| PB 0x00000007db000000| Complete |  0
|1753|0x00000007db200000, 0x00000007db400000, 0x00000007db400000|100%| E|CS|TAMS 0x00000007db200000| PB 0x00000007db200000| Complete |  0
|1754|0x00000007db400000, 0x00000007db600000, 0x00000007db600000|100%| E|CS|TAMS 0x00000007db400000| PB 0x00000007db400000| Complete |  0
|1755|0x00000007db600000, 0x00000007db800000, 0x00000007db800000|100%| E|CS|TAMS 0x00000007db600000| PB 0x00000007db600000| Complete |  0
|1756|0x00000007db800000, 0x00000007dba00000, 0x00000007dba00000|100%| E|CS|TAMS 0x00000007db800000| PB 0x00000007db800000| Complete |  0
|1757|0x00000007dba00000, 0x00000007dbc00000, 0x00000007dbc00000|100%| E|CS|TAMS 0x00000007dba00000| PB 0x00000007dba00000| Complete |  0
|1758|0x00000007dbc00000, 0x00000007dbe00000, 0x00000007dbe00000|100%| E|CS|TAMS 0x00000007dbc00000| PB 0x00000007dbc00000| Complete |  0
|1759|0x00000007dbe00000, 0x00000007dc000000, 0x00000007dc000000|100%| E|CS|TAMS 0x00000007dbe00000| PB 0x00000007dbe00000| Complete |  0
|1760|0x00000007dc000000, 0x00000007dc200000, 0x00000007dc200000|100%| E|CS|TAMS 0x00000007dc000000| PB 0x00000007dc000000| Complete |  0
|1761|0x00000007dc200000, 0x00000007dc400000, 0x00000007dc400000|100%| E|CS|TAMS 0x00000007dc200000| PB 0x00000007dc200000| Complete |  0
|1762|0x00000007dc400000, 0x00000007dc600000, 0x00000007dc600000|100%| E|CS|TAMS 0x00000007dc400000| PB 0x00000007dc400000| Complete |  0
|1763|0x00000007dc600000, 0x00000007dc800000, 0x00000007dc800000|100%| E|CS|TAMS 0x00000007dc600000| PB 0x00000007dc600000| Complete |  0
|1764|0x00000007dc800000, 0x00000007dca00000, 0x00000007dca00000|100%| E|CS|TAMS 0x00000007dc800000| PB 0x00000007dc800000| Complete |  0
|1765|0x00000007dca00000, 0x00000007dcc00000, 0x00000007dcc00000|100%| E|CS|TAMS 0x00000007dca00000| PB 0x00000007dca00000| Complete |  0
|1766|0x00000007dcc00000, 0x00000007dce00000, 0x00000007dce00000|100%| E|CS|TAMS 0x00000007dcc00000| PB 0x00000007dcc00000| Complete |  0
|1767|0x00000007dce00000, 0x00000007dd000000, 0x00000007dd000000|100%| E|CS|TAMS 0x00000007dce00000| PB 0x00000007dce00000| Complete |  0
|1768|0x00000007dd000000, 0x00000007dd200000, 0x00000007dd200000|100%| E|CS|TAMS 0x00000007dd000000| PB 0x00000007dd000000| Complete |  0
|1769|0x00000007dd200000, 0x00000007dd400000, 0x00000007dd400000|100%| E|CS|TAMS 0x00000007dd200000| PB 0x00000007dd200000| Complete |  0
|1770|0x00000007dd400000, 0x00000007dd600000, 0x00000007dd600000|100%| E|CS|TAMS 0x00000007dd400000| PB 0x00000007dd400000| Complete |  0
|1771|0x00000007dd600000, 0x00000007dd800000, 0x00000007dd800000|100%| E|CS|TAMS 0x00000007dd600000| PB 0x00000007dd600000| Complete |  0
|1772|0x00000007dd800000, 0x00000007dda00000, 0x00000007dda00000|100%| E|CS|TAMS 0x00000007dd800000| PB 0x00000007dd800000| Complete |  0
|1773|0x00000007dda00000, 0x00000007ddc00000, 0x00000007ddc00000|100%| E|CS|TAMS 0x00000007dda00000| PB 0x00000007dda00000| Complete |  0
|1774|0x00000007ddc00000, 0x00000007dde00000, 0x00000007dde00000|100%| E|CS|TAMS 0x00000007ddc00000| PB 0x00000007ddc00000| Complete |  0
|1775|0x00000007dde00000, 0x00000007de000000, 0x00000007de000000|100%| E|CS|TAMS 0x00000007dde00000| PB 0x00000007dde00000| Complete |  0
|1776|0x00000007de000000, 0x00000007de200000, 0x00000007de200000|100%| E|CS|TAMS 0x00000007de000000| PB 0x00000007de000000| Complete |  0
|1777|0x00000007de200000, 0x00000007de400000, 0x00000007de400000|100%| E|CS|TAMS 0x00000007de200000| PB 0x00000007de200000| Complete |  0
|1778|0x00000007de400000, 0x00000007de600000, 0x00000007de600000|100%| E|CS|TAMS 0x00000007de400000| PB 0x00000007de400000| Complete |  0
|1779|0x00000007de600000, 0x00000007de800000, 0x00000007de800000|100%| E|CS|TAMS 0x00000007de600000| PB 0x00000007de600000| Complete |  0
|1780|0x00000007de800000, 0x00000007dea00000, 0x00000007dea00000|100%| E|CS|TAMS 0x00000007de800000| PB 0x00000007de800000| Complete |  0
|1781|0x00000007dea00000, 0x00000007dec00000, 0x00000007dec00000|100%| E|CS|TAMS 0x00000007dea00000| PB 0x00000007dea00000| Complete |  0
|1782|0x00000007dec00000, 0x00000007dee00000, 0x00000007dee00000|100%| E|CS|TAMS 0x00000007dec00000| PB 0x00000007dec00000| Complete |  0
|1783|0x00000007dee00000, 0x00000007df000000, 0x00000007df000000|100%| E|CS|TAMS 0x00000007dee00000| PB 0x00000007dee00000| Complete |  0
|1784|0x00000007df000000, 0x00000007df200000, 0x00000007df200000|100%| E|CS|TAMS 0x00000007df000000| PB 0x00000007df000000| Complete |  0
|1785|0x00000007df200000, 0x00000007df400000, 0x00000007df400000|100%| E|CS|TAMS 0x00000007df200000| PB 0x00000007df200000| Complete |  0
|1786|0x00000007df400000, 0x00000007df600000, 0x00000007df600000|100%| E|CS|TAMS 0x00000007df400000| PB 0x00000007df400000| Complete |  0
|1787|0x00000007df600000, 0x00000007df800000, 0x00000007df800000|100%| E|CS|TAMS 0x00000007df600000| PB 0x00000007df600000| Complete |  0
|1788|0x00000007df800000, 0x00000007dfa00000, 0x00000007dfa00000|100%| E|CS|TAMS 0x00000007df800000| PB 0x00000007df800000| Complete |  0
|1789|0x00000007dfa00000, 0x00000007dfc00000, 0x00000007dfc00000|100%| E|CS|TAMS 0x00000007dfa00000| PB 0x00000007dfa00000| Complete |  0
|1790|0x00000007dfc00000, 0x00000007dfe00000, 0x00000007dfe00000|100%| E|CS|TAMS 0x00000007dfc00000| PB 0x00000007dfc00000| Complete |  0
|1791|0x00000007dfe00000, 0x00000007e0000000, 0x00000007e0000000|100%| E|CS|TAMS 0x00000007dfe00000| PB 0x00000007dfe00000| Complete |  0
|1792|0x00000007e0000000, 0x00000007e0200000, 0x00000007e0200000|100%| E|CS|TAMS 0x00000007e0000000| PB 0x00000007e0000000| Complete |  0
|1793|0x00000007e0200000, 0x00000007e0400000, 0x00000007e0400000|100%| E|CS|TAMS 0x00000007e0200000| PB 0x00000007e0200000| Complete |  0
|1794|0x00000007e0400000, 0x00000007e0600000, 0x00000007e0600000|100%| E|CS|TAMS 0x00000007e0400000| PB 0x00000007e0400000| Complete |  0
|1795|0x00000007e0600000, 0x00000007e0800000, 0x00000007e0800000|100%| E|CS|TAMS 0x00000007e0600000| PB 0x00000007e0600000| Complete |  0
|1796|0x00000007e0800000, 0x00000007e0a00000, 0x00000007e0a00000|100%| E|CS|TAMS 0x00000007e0800000| PB 0x00000007e0800000| Complete |  0
|1797|0x00000007e0a00000, 0x00000007e0c00000, 0x00000007e0c00000|100%| E|CS|TAMS 0x00000007e0a00000| PB 0x00000007e0a00000| Complete |  0
|1798|0x00000007e0c00000, 0x00000007e0e00000, 0x00000007e0e00000|100%| E|CS|TAMS 0x00000007e0c00000| PB 0x00000007e0c00000| Complete |  0
|1799|0x00000007e0e00000, 0x00000007e1000000, 0x00000007e1000000|100%| E|CS|TAMS 0x00000007e0e00000| PB 0x00000007e0e00000| Complete |  0
|1800|0x00000007e1000000, 0x00000007e1200000, 0x00000007e1200000|100%| E|CS|TAMS 0x00000007e1000000| PB 0x00000007e1000000| Complete |  0
|1801|0x00000007e1200000, 0x00000007e1400000, 0x00000007e1400000|100%| E|CS|TAMS 0x00000007e1200000| PB 0x00000007e1200000| Complete |  0
|1802|0x00000007e1400000, 0x00000007e1600000, 0x00000007e1600000|100%| E|CS|TAMS 0x00000007e1400000| PB 0x00000007e1400000| Complete |  0
|1803|0x00000007e1600000, 0x00000007e1800000, 0x00000007e1800000|100%| E|CS|TAMS 0x00000007e1600000| PB 0x00000007e1600000| Complete |  0
|1804|0x00000007e1800000, 0x00000007e1a00000, 0x00000007e1a00000|100%| E|CS|TAMS 0x00000007e1800000| PB 0x00000007e1800000| Complete |  0
|1805|0x00000007e1a00000, 0x00000007e1c00000, 0x00000007e1c00000|100%| E|CS|TAMS 0x00000007e1a00000| PB 0x00000007e1a00000| Complete |  0
|1806|0x00000007e1c00000, 0x00000007e1e00000, 0x00000007e1e00000|100%| E|CS|TAMS 0x00000007e1c00000| PB 0x00000007e1c00000| Complete |  0
|1807|0x00000007e1e00000, 0x00000007e2000000, 0x00000007e2000000|100%| E|CS|TAMS 0x00000007e1e00000| PB 0x00000007e1e00000| Complete |  0
|1808|0x00000007e2000000, 0x00000007e2200000, 0x00000007e2200000|100%| E|CS|TAMS 0x00000007e2000000| PB 0x00000007e2000000| Complete |  0
|1809|0x00000007e2200000, 0x00000007e2400000, 0x00000007e2400000|100%| E|CS|TAMS 0x00000007e2200000| PB 0x00000007e2200000| Complete |  0
|1810|0x00000007e2400000, 0x00000007e2600000, 0x00000007e2600000|100%| E|CS|TAMS 0x00000007e2400000| PB 0x00000007e2400000| Complete |  0
|1811|0x00000007e2600000, 0x00000007e2800000, 0x00000007e2800000|100%| E|CS|TAMS 0x00000007e2600000| PB 0x00000007e2600000| Complete |  0
|1812|0x00000007e2800000, 0x00000007e2a00000, 0x00000007e2a00000|100%| E|CS|TAMS 0x00000007e2800000| PB 0x00000007e2800000| Complete |  0
|1813|0x00000007e2a00000, 0x00000007e2c00000, 0x00000007e2c00000|100%| E|CS|TAMS 0x00000007e2a00000| PB 0x00000007e2a00000| Complete |  0
|1814|0x00000007e2c00000, 0x00000007e2e00000, 0x00000007e2e00000|100%| E|CS|TAMS 0x00000007e2c00000| PB 0x00000007e2c00000| Complete |  0
|1815|0x00000007e2e00000, 0x00000007e3000000, 0x00000007e3000000|100%| E|CS|TAMS 0x00000007e2e00000| PB 0x00000007e2e00000| Complete |  0
|1816|0x00000007e3000000, 0x00000007e3200000, 0x00000007e3200000|100%| E|CS|TAMS 0x00000007e3000000| PB 0x00000007e3000000| Complete |  0
|1817|0x00000007e3200000, 0x00000007e3400000, 0x00000007e3400000|100%| E|CS|TAMS 0x00000007e3200000| PB 0x00000007e3200000| Complete |  0
|1818|0x00000007e3400000, 0x00000007e3600000, 0x00000007e3600000|100%| E|CS|TAMS 0x00000007e3400000| PB 0x00000007e3400000| Complete |  0
|1819|0x00000007e3600000, 0x00000007e3800000, 0x00000007e3800000|100%| E|CS|TAMS 0x00000007e3600000| PB 0x00000007e3600000| Complete |  0
|1820|0x00000007e3800000, 0x00000007e3a00000, 0x00000007e3a00000|100%| E|CS|TAMS 0x00000007e3800000| PB 0x00000007e3800000| Complete |  0
|1821|0x00000007e3a00000, 0x00000007e3c00000, 0x00000007e3c00000|100%| E|CS|TAMS 0x00000007e3a00000| PB 0x00000007e3a00000| Complete |  0
|1822|0x00000007e3c00000, 0x00000007e3e00000, 0x00000007e3e00000|100%| E|CS|TAMS 0x00000007e3c00000| PB 0x00000007e3c00000| Complete |  0
|1823|0x00000007e3e00000, 0x00000007e4000000, 0x00000007e4000000|100%| E|CS|TAMS 0x00000007e3e00000| PB 0x00000007e3e00000| Complete |  0
|1824|0x00000007e4000000, 0x00000007e4200000, 0x00000007e4200000|100%| E|CS|TAMS 0x00000007e4000000| PB 0x00000007e4000000| Complete |  0
|1825|0x00000007e4200000, 0x00000007e4400000, 0x00000007e4400000|100%| E|CS|TAMS 0x00000007e4200000| PB 0x00000007e4200000| Complete |  0
|1826|0x00000007e4400000, 0x00000007e4600000, 0x00000007e4600000|100%| E|CS|TAMS 0x00000007e4400000| PB 0x00000007e4400000| Complete |  0
|1827|0x00000007e4600000, 0x00000007e4800000, 0x00000007e4800000|100%| E|CS|TAMS 0x00000007e4600000| PB 0x00000007e4600000| Complete |  0
|1828|0x00000007e4800000, 0x00000007e4a00000, 0x00000007e4a00000|100%| E|CS|TAMS 0x00000007e4800000| PB 0x00000007e4800000| Complete |  0
|1829|0x00000007e4a00000, 0x00000007e4c00000, 0x00000007e4c00000|100%| E|CS|TAMS 0x00000007e4a00000| PB 0x00000007e4a00000| Complete |  0
|1830|0x00000007e4c00000, 0x00000007e4e00000, 0x00000007e4e00000|100%| E|CS|TAMS 0x00000007e4c00000| PB 0x00000007e4c00000| Complete |  0
|1831|0x00000007e4e00000, 0x00000007e5000000, 0x00000007e5000000|100%| E|CS|TAMS 0x00000007e4e00000| PB 0x00000007e4e00000| Complete |  0
|1832|0x00000007e5000000, 0x00000007e5200000, 0x00000007e5200000|100%| E|CS|TAMS 0x00000007e5000000| PB 0x00000007e5000000| Complete |  0
|1833|0x00000007e5200000, 0x00000007e5400000, 0x00000007e5400000|100%| E|CS|TAMS 0x00000007e5200000| PB 0x00000007e5200000| Complete |  0
|1834|0x00000007e5400000, 0x00000007e5600000, 0x00000007e5600000|100%| E|CS|TAMS 0x00000007e5400000| PB 0x00000007e5400000| Complete |  0
|1835|0x00000007e5600000, 0x00000007e5800000, 0x00000007e5800000|100%| E|CS|TAMS 0x00000007e5600000| PB 0x00000007e5600000| Complete |  0
|1836|0x00000007e5800000, 0x00000007e5a00000, 0x00000007e5a00000|100%| E|CS|TAMS 0x00000007e5800000| PB 0x00000007e5800000| Complete |  0
|1837|0x00000007e5a00000, 0x00000007e5c00000, 0x00000007e5c00000|100%| E|CS|TAMS 0x00000007e5a00000| PB 0x00000007e5a00000| Complete |  0
|1838|0x00000007e5c00000, 0x00000007e5e00000, 0x00000007e5e00000|100%| E|CS|TAMS 0x00000007e5c00000| PB 0x00000007e5c00000| Complete |  0
|1839|0x00000007e5e00000, 0x00000007e6000000, 0x00000007e6000000|100%| E|CS|TAMS 0x00000007e5e00000| PB 0x00000007e5e00000| Complete |  0
|1840|0x00000007e6000000, 0x00000007e6200000, 0x00000007e6200000|100%| E|CS|TAMS 0x00000007e6000000| PB 0x00000007e6000000| Complete |  0
|1841|0x00000007e6200000, 0x00000007e6400000, 0x00000007e6400000|100%| E|CS|TAMS 0x00000007e6200000| PB 0x00000007e6200000| Complete |  0
|1842|0x00000007e6400000, 0x00000007e6600000, 0x00000007e6600000|100%| E|CS|TAMS 0x00000007e6400000| PB 0x00000007e6400000| Complete |  0
|1843|0x00000007e6600000, 0x00000007e6800000, 0x00000007e6800000|100%| E|CS|TAMS 0x00000007e6600000| PB 0x00000007e6600000| Complete |  0
|1844|0x00000007e6800000, 0x00000007e6a00000, 0x00000007e6a00000|100%| E|CS|TAMS 0x00000007e6800000| PB 0x00000007e6800000| Complete |  0
|1845|0x00000007e6a00000, 0x00000007e6c00000, 0x00000007e6c00000|100%| E|CS|TAMS 0x00000007e6a00000| PB 0x00000007e6a00000| Complete |  0
|1846|0x00000007e6c00000, 0x00000007e6e00000, 0x00000007e6e00000|100%| E|CS|TAMS 0x00000007e6c00000| PB 0x00000007e6c00000| Complete |  0
|1847|0x00000007e6e00000, 0x00000007e7000000, 0x00000007e7000000|100%| E|CS|TAMS 0x00000007e6e00000| PB 0x00000007e6e00000| Complete |  0
|1848|0x00000007e7000000, 0x00000007e7200000, 0x00000007e7200000|100%| E|CS|TAMS 0x00000007e7000000| PB 0x00000007e7000000| Complete |  0
|1849|0x00000007e7200000, 0x00000007e7400000, 0x00000007e7400000|100%| E|CS|TAMS 0x00000007e7200000| PB 0x00000007e7200000| Complete |  0
|1850|0x00000007e7400000, 0x00000007e7600000, 0x00000007e7600000|100%| E|CS|TAMS 0x00000007e7400000| PB 0x00000007e7400000| Complete |  0
|1851|0x00000007e7600000, 0x00000007e7800000, 0x00000007e7800000|100%| E|CS|TAMS 0x00000007e7600000| PB 0x00000007e7600000| Complete |  0
|1852|0x00000007e7800000, 0x00000007e7a00000, 0x00000007e7a00000|100%| E|CS|TAMS 0x00000007e7800000| PB 0x00000007e7800000| Complete |  0
|1853|0x00000007e7a00000, 0x00000007e7c00000, 0x00000007e7c00000|100%| E|CS|TAMS 0x00000007e7a00000| PB 0x00000007e7a00000| Complete |  0
|1854|0x00000007e7c00000, 0x00000007e7e00000, 0x00000007e7e00000|100%| E|CS|TAMS 0x00000007e7c00000| PB 0x00000007e7c00000| Complete |  0
|1855|0x00000007e7e00000, 0x00000007e8000000, 0x00000007e8000000|100%| E|CS|TAMS 0x00000007e7e00000| PB 0x00000007e7e00000| Complete |  0
|1856|0x00000007e8000000, 0x00000007e8200000, 0x00000007e8200000|100%| E|CS|TAMS 0x00000007e8000000| PB 0x00000007e8000000| Complete |  0
|1857|0x00000007e8200000, 0x00000007e8400000, 0x00000007e8400000|100%| E|CS|TAMS 0x00000007e8200000| PB 0x00000007e8200000| Complete |  0
|1858|0x00000007e8400000, 0x00000007e8600000, 0x00000007e8600000|100%| E|CS|TAMS 0x00000007e8400000| PB 0x00000007e8400000| Complete |  0
|1859|0x00000007e8600000, 0x00000007e8800000, 0x00000007e8800000|100%| E|CS|TAMS 0x00000007e8600000| PB 0x00000007e8600000| Complete |  0
|1860|0x00000007e8800000, 0x00000007e8a00000, 0x00000007e8a00000|100%| E|CS|TAMS 0x00000007e8800000| PB 0x00000007e8800000| Complete |  0
|1861|0x00000007e8a00000, 0x00000007e8c00000, 0x00000007e8c00000|100%| E|CS|TAMS 0x00000007e8a00000| PB 0x00000007e8a00000| Complete |  0
|1862|0x00000007e8c00000, 0x00000007e8e00000, 0x00000007e8e00000|100%| E|CS|TAMS 0x00000007e8c00000| PB 0x00000007e8c00000| Complete |  0
|1863|0x00000007e8e00000, 0x00000007e9000000, 0x00000007e9000000|100%| E|CS|TAMS 0x00000007e8e00000| PB 0x00000007e8e00000| Complete |  0
|1864|0x00000007e9000000, 0x00000007e9200000, 0x00000007e9200000|100%| E|CS|TAMS 0x00000007e9000000| PB 0x00000007e9000000| Complete |  0
|1865|0x00000007e9200000, 0x00000007e9400000, 0x00000007e9400000|100%| E|CS|TAMS 0x00000007e9200000| PB 0x00000007e9200000| Complete |  0
|1866|0x00000007e9400000, 0x00000007e9600000, 0x00000007e9600000|100%| E|CS|TAMS 0x00000007e9400000| PB 0x00000007e9400000| Complete |  0
|1867|0x00000007e9600000, 0x00000007e9800000, 0x00000007e9800000|100%| E|CS|TAMS 0x00000007e9600000| PB 0x00000007e9600000| Complete |  0
|1868|0x00000007e9800000, 0x00000007e9a00000, 0x00000007e9a00000|100%| E|CS|TAMS 0x00000007e9800000| PB 0x00000007e9800000| Complete |  0
|1869|0x00000007e9a00000, 0x00000007e9c00000, 0x00000007e9c00000|100%| E|CS|TAMS 0x00000007e9a00000| PB 0x00000007e9a00000| Complete |  0
|1870|0x00000007e9c00000, 0x00000007e9e00000, 0x00000007e9e00000|100%| E|CS|TAMS 0x00000007e9c00000| PB 0x00000007e9c00000| Complete |  0
|1871|0x00000007e9e00000, 0x00000007ea000000, 0x00000007ea000000|100%| E|CS|TAMS 0x00000007e9e00000| PB 0x00000007e9e00000| Complete |  0
|1872|0x00000007ea000000, 0x00000007ea200000, 0x00000007ea200000|100%| E|CS|TAMS 0x00000007ea000000| PB 0x00000007ea000000| Complete |  0
|1873|0x00000007ea200000, 0x00000007ea400000, 0x00000007ea400000|100%| E|CS|TAMS 0x00000007ea200000| PB 0x00000007ea200000| Complete |  0
|1874|0x00000007ea400000, 0x00000007ea600000, 0x00000007ea600000|100%| E|CS|TAMS 0x00000007ea400000| PB 0x00000007ea400000| Complete |  0
|1875|0x00000007ea600000, 0x00000007ea800000, 0x00000007ea800000|100%| E|CS|TAMS 0x00000007ea600000| PB 0x00000007ea600000| Complete |  0
|1876|0x00000007ea800000, 0x00000007eaa00000, 0x00000007eaa00000|100%| E|CS|TAMS 0x00000007ea800000| PB 0x00000007ea800000| Complete |  0
|1877|0x00000007eaa00000, 0x00000007eac00000, 0x00000007eac00000|100%| E|CS|TAMS 0x00000007eaa00000| PB 0x00000007eaa00000| Complete |  0
|1878|0x00000007eac00000, 0x00000007eae00000, 0x00000007eae00000|100%| E|CS|TAMS 0x00000007eac00000| PB 0x00000007eac00000| Complete |  0
|1879|0x00000007eae00000, 0x00000007eb000000, 0x00000007eb000000|100%| E|CS|TAMS 0x00000007eae00000| PB 0x00000007eae00000| Complete |  0
|1880|0x00000007eb000000, 0x00000007eb200000, 0x00000007eb200000|100%| E|CS|TAMS 0x00000007eb000000| PB 0x00000007eb000000| Complete |  0
|1881|0x00000007eb200000, 0x00000007eb400000, 0x00000007eb400000|100%| E|CS|TAMS 0x00000007eb200000| PB 0x00000007eb200000| Complete |  0
|1882|0x00000007eb400000, 0x00000007eb600000, 0x00000007eb600000|100%| E|CS|TAMS 0x00000007eb400000| PB 0x00000007eb400000| Complete |  0
|1883|0x00000007eb600000, 0x00000007eb800000, 0x00000007eb800000|100%| E|CS|TAMS 0x00000007eb600000| PB 0x00000007eb600000| Complete |  0
|1884|0x00000007eb800000, 0x00000007eba00000, 0x00000007eba00000|100%| E|CS|TAMS 0x00000007eb800000| PB 0x00000007eb800000| Complete |  0
|1885|0x00000007eba00000, 0x00000007ebc00000, 0x00000007ebc00000|100%| E|CS|TAMS 0x00000007eba00000| PB 0x00000007eba00000| Complete |  0
|1886|0x00000007ebc00000, 0x00000007ebe00000, 0x00000007ebe00000|100%| E|CS|TAMS 0x00000007ebc00000| PB 0x00000007ebc00000| Complete |  0
|1887|0x00000007ebe00000, 0x00000007ec000000, 0x00000007ec000000|100%| E|CS|TAMS 0x00000007ebe00000| PB 0x00000007ebe00000| Complete |  0
|1888|0x00000007ec000000, 0x00000007ec200000, 0x00000007ec200000|100%| E|CS|TAMS 0x00000007ec000000| PB 0x00000007ec000000| Complete |  0
|1889|0x00000007ec200000, 0x00000007ec400000, 0x00000007ec400000|100%| E|CS|TAMS 0x00000007ec200000| PB 0x00000007ec200000| Complete |  0
|1890|0x00000007ec400000, 0x00000007ec600000, 0x00000007ec600000|100%| E|CS|TAMS 0x00000007ec400000| PB 0x00000007ec400000| Complete |  0
|1891|0x00000007ec600000, 0x00000007ec800000, 0x00000007ec800000|100%| E|CS|TAMS 0x00000007ec600000| PB 0x00000007ec600000| Complete |  0
|1892|0x00000007ec800000, 0x00000007eca00000, 0x00000007eca00000|100%| E|CS|TAMS 0x00000007ec800000| PB 0x00000007ec800000| Complete |  0
|1893|0x00000007eca00000, 0x00000007ecc00000, 0x00000007ecc00000|100%| E|CS|TAMS 0x00000007eca00000| PB 0x00000007eca00000| Complete |  0
|1894|0x00000007ecc00000, 0x00000007ece00000, 0x00000007ece00000|100%| E|CS|TAMS 0x00000007ecc00000| PB 0x00000007ecc00000| Complete |  0
|1895|0x00000007ece00000, 0x00000007ed000000, 0x00000007ed000000|100%| E|CS|TAMS 0x00000007ece00000| PB 0x00000007ece00000| Complete |  0
|1896|0x00000007ed000000, 0x00000007ed200000, 0x00000007ed200000|100%| E|CS|TAMS 0x00000007ed000000| PB 0x00000007ed000000| Complete |  0
|1897|0x00000007ed200000, 0x00000007ed400000, 0x00000007ed400000|100%| E|CS|TAMS 0x00000007ed200000| PB 0x00000007ed200000| Complete |  0
|1898|0x00000007ed400000, 0x00000007ed600000, 0x00000007ed600000|100%| E|CS|TAMS 0x00000007ed400000| PB 0x00000007ed400000| Complete |  0
|1899|0x00000007ed600000, 0x00000007ed800000, 0x00000007ed800000|100%| E|CS|TAMS 0x00000007ed600000| PB 0x00000007ed600000| Complete |  0
|1900|0x00000007ed800000, 0x00000007eda00000, 0x00000007eda00000|100%| E|CS|TAMS 0x00000007ed800000| PB 0x00000007ed800000| Complete |  0
|1901|0x00000007eda00000, 0x00000007edc00000, 0x00000007edc00000|100%| E|CS|TAMS 0x00000007eda00000| PB 0x00000007eda00000| Complete |  0
|1902|0x00000007edc00000, 0x00000007ede00000, 0x00000007ede00000|100%| E|CS|TAMS 0x00000007edc00000| PB 0x00000007edc00000| Complete |  0
|1903|0x00000007ede00000, 0x00000007ee000000, 0x00000007ee000000|100%| E|CS|TAMS 0x00000007ede00000| PB 0x00000007ede00000| Complete |  0
|1904|0x00000007ee000000, 0x00000007ee200000, 0x00000007ee200000|100%| E|CS|TAMS 0x00000007ee000000| PB 0x00000007ee000000| Complete |  0
|1905|0x00000007ee200000, 0x00000007ee400000, 0x00000007ee400000|100%| E|CS|TAMS 0x00000007ee200000| PB 0x00000007ee200000| Complete |  0
|1906|0x00000007ee400000, 0x00000007ee600000, 0x00000007ee600000|100%| E|CS|TAMS 0x00000007ee400000| PB 0x00000007ee400000| Complete |  0
|1907|0x00000007ee600000, 0x00000007ee800000, 0x00000007ee800000|100%| E|CS|TAMS 0x00000007ee600000| PB 0x00000007ee600000| Complete |  0
|1908|0x00000007ee800000, 0x00000007eea00000, 0x00000007eea00000|100%| E|CS|TAMS 0x00000007ee800000| PB 0x00000007ee800000| Complete |  0
|1909|0x00000007eea00000, 0x00000007eec00000, 0x00000007eec00000|100%| E|CS|TAMS 0x00000007eea00000| PB 0x00000007eea00000| Complete |  0
|1910|0x00000007eec00000, 0x00000007eee00000, 0x00000007eee00000|100%| E|CS|TAMS 0x00000007eec00000| PB 0x00000007eec00000| Complete |  0
|1911|0x00000007eee00000, 0x00000007ef000000, 0x00000007ef000000|100%| E|CS|TAMS 0x00000007eee00000| PB 0x00000007eee00000| Complete |  0
|1912|0x00000007ef000000, 0x00000007ef200000, 0x00000007ef200000|100%| E|CS|TAMS 0x00000007ef000000| PB 0x00000007ef000000| Complete |  0
|1913|0x00000007ef200000, 0x00000007ef400000, 0x00000007ef400000|100%| E|CS|TAMS 0x00000007ef200000| PB 0x00000007ef200000| Complete |  0
|1914|0x00000007ef400000, 0x00000007ef600000, 0x00000007ef600000|100%| E|CS|TAMS 0x00000007ef400000| PB 0x00000007ef400000| Complete |  0
|1915|0x00000007ef600000, 0x00000007ef800000, 0x00000007ef800000|100%| E|CS|TAMS 0x00000007ef600000| PB 0x00000007ef600000| Complete |  0
|1916|0x00000007ef800000, 0x00000007efa00000, 0x00000007efa00000|100%| E|CS|TAMS 0x00000007ef800000| PB 0x00000007ef800000| Complete |  0
|1917|0x00000007efa00000, 0x00000007efc00000, 0x00000007efc00000|100%| E|CS|TAMS 0x00000007efa00000| PB 0x00000007efa00000| Complete |  0
|1918|0x00000007efc00000, 0x00000007efe00000, 0x00000007efe00000|100%| E|CS|TAMS 0x00000007efc00000| PB 0x00000007efc00000| Complete |  0
|1919|0x00000007efe00000, 0x00000007f0000000, 0x00000007f0000000|100%| E|CS|TAMS 0x00000007efe00000| PB 0x00000007efe00000| Complete |  0
|1920|0x00000007f0000000, 0x00000007f0200000, 0x00000007f0200000|100%| E|CS|TAMS 0x00000007f0000000| PB 0x00000007f0000000| Complete |  0
|1921|0x00000007f0200000, 0x00000007f0400000, 0x00000007f0400000|100%| E|CS|TAMS 0x00000007f0200000| PB 0x00000007f0200000| Complete |  0
|1922|0x00000007f0400000, 0x00000007f0600000, 0x00000007f0600000|100%| E|CS|TAMS 0x00000007f0400000| PB 0x00000007f0400000| Complete |  0
|1923|0x00000007f0600000, 0x00000007f0800000, 0x00000007f0800000|100%| E|CS|TAMS 0x00000007f0600000| PB 0x00000007f0600000| Complete |  0
|1924|0x00000007f0800000, 0x00000007f0a00000, 0x00000007f0a00000|100%| E|CS|TAMS 0x00000007f0800000| PB 0x00000007f0800000| Complete |  0
|1925|0x00000007f0a00000, 0x00000007f0c00000, 0x00000007f0c00000|100%| E|CS|TAMS 0x00000007f0a00000| PB 0x00000007f0a00000| Complete |  0
|1926|0x00000007f0c00000, 0x00000007f0e00000, 0x00000007f0e00000|100%| E|CS|TAMS 0x00000007f0c00000| PB 0x00000007f0c00000| Complete |  0
|1927|0x00000007f0e00000, 0x00000007f1000000, 0x00000007f1000000|100%| E|CS|TAMS 0x00000007f0e00000| PB 0x00000007f0e00000| Complete |  0
|1928|0x00000007f1000000, 0x00000007f1200000, 0x00000007f1200000|100%| E|CS|TAMS 0x00000007f1000000| PB 0x00000007f1000000| Complete |  0
|1929|0x00000007f1200000, 0x00000007f1400000, 0x00000007f1400000|100%| E|CS|TAMS 0x00000007f1200000| PB 0x00000007f1200000| Complete |  0
|1930|0x00000007f1400000, 0x00000007f1600000, 0x00000007f1600000|100%| E|CS|TAMS 0x00000007f1400000| PB 0x00000007f1400000| Complete |  0
|1931|0x00000007f1600000, 0x00000007f1800000, 0x00000007f1800000|100%| E|CS|TAMS 0x00000007f1600000| PB 0x00000007f1600000| Complete |  0
|1932|0x00000007f1800000, 0x00000007f1a00000, 0x00000007f1a00000|100%| E|CS|TAMS 0x00000007f1800000| PB 0x00000007f1800000| Complete |  0
|1933|0x00000007f1a00000, 0x00000007f1c00000, 0x00000007f1c00000|100%| E|CS|TAMS 0x00000007f1a00000| PB 0x00000007f1a00000| Complete |  0
|1934|0x00000007f1c00000, 0x00000007f1e00000, 0x00000007f1e00000|100%| E|CS|TAMS 0x00000007f1c00000| PB 0x00000007f1c00000| Complete |  0
|1935|0x00000007f1e00000, 0x00000007f2000000, 0x00000007f2000000|100%| E|CS|TAMS 0x00000007f1e00000| PB 0x00000007f1e00000| Complete |  0
|1936|0x00000007f2000000, 0x00000007f2200000, 0x00000007f2200000|100%| E|CS|TAMS 0x00000007f2000000| PB 0x00000007f2000000| Complete |  0
|1937|0x00000007f2200000, 0x00000007f2400000, 0x00000007f2400000|100%| E|CS|TAMS 0x00000007f2200000| PB 0x00000007f2200000| Complete |  0
|1938|0x00000007f2400000, 0x00000007f2600000, 0x00000007f2600000|100%| E|CS|TAMS 0x00000007f2400000| PB 0x00000007f2400000| Complete |  0
|1939|0x00000007f2600000, 0x00000007f2800000, 0x00000007f2800000|100%| E|CS|TAMS 0x00000007f2600000| PB 0x00000007f2600000| Complete |  0
|1940|0x00000007f2800000, 0x00000007f2a00000, 0x00000007f2a00000|100%| E|CS|TAMS 0x00000007f2800000| PB 0x00000007f2800000| Complete |  0
|1941|0x00000007f2a00000, 0x00000007f2c00000, 0x00000007f2c00000|100%| E|CS|TAMS 0x00000007f2a00000| PB 0x00000007f2a00000| Complete |  0
|1942|0x00000007f2c00000, 0x00000007f2e00000, 0x00000007f2e00000|100%| E|CS|TAMS 0x00000007f2c00000| PB 0x00000007f2c00000| Complete |  0
|1943|0x00000007f2e00000, 0x00000007f3000000, 0x00000007f3000000|100%| E|CS|TAMS 0x00000007f2e00000| PB 0x00000007f2e00000| Complete |  0
|1944|0x00000007f3000000, 0x00000007f3200000, 0x00000007f3200000|100%| E|CS|TAMS 0x00000007f3000000| PB 0x00000007f3000000| Complete |  0
|1945|0x00000007f3200000, 0x00000007f3400000, 0x00000007f3400000|100%| E|CS|TAMS 0x00000007f3200000| PB 0x00000007f3200000| Complete |  0
|1946|0x00000007f3400000, 0x00000007f3600000, 0x00000007f3600000|100%| E|CS|TAMS 0x00000007f3400000| PB 0x00000007f3400000| Complete |  0
|1947|0x00000007f3600000, 0x00000007f3800000, 0x00000007f3800000|100%| E|CS|TAMS 0x00000007f3600000| PB 0x00000007f3600000| Complete |  0
|1948|0x00000007f3800000, 0x00000007f3a00000, 0x00000007f3a00000|100%| E|CS|TAMS 0x00000007f3800000| PB 0x00000007f3800000| Complete |  0
|1949|0x00000007f3a00000, 0x00000007f3c00000, 0x00000007f3c00000|100%| E|CS|TAMS 0x00000007f3a00000| PB 0x00000007f3a00000| Complete |  0
|1950|0x00000007f3c00000, 0x00000007f3e00000, 0x00000007f3e00000|100%| E|CS|TAMS 0x00000007f3c00000| PB 0x00000007f3c00000| Complete |  0
|1951|0x00000007f3e00000, 0x00000007f4000000, 0x00000007f4000000|100%| E|CS|TAMS 0x00000007f3e00000| PB 0x00000007f3e00000| Complete |  0
|1952|0x00000007f4000000, 0x00000007f4200000, 0x00000007f4200000|100%| E|CS|TAMS 0x00000007f4000000| PB 0x00000007f4000000| Complete |  0
|1953|0x00000007f4200000, 0x00000007f4400000, 0x00000007f4400000|100%| E|CS|TAMS 0x00000007f4200000| PB 0x00000007f4200000| Complete |  0
|1954|0x00000007f4400000, 0x00000007f4600000, 0x00000007f4600000|100%| E|CS|TAMS 0x00000007f4400000| PB 0x00000007f4400000| Complete |  0
|1955|0x00000007f4600000, 0x00000007f4800000, 0x00000007f4800000|100%| E|CS|TAMS 0x00000007f4600000| PB 0x00000007f4600000| Complete |  0
|1956|0x00000007f4800000, 0x00000007f4a00000, 0x00000007f4a00000|100%| E|CS|TAMS 0x00000007f4800000| PB 0x00000007f4800000| Complete |  0
|1957|0x00000007f4a00000, 0x00000007f4c00000, 0x00000007f4c00000|100%| E|CS|TAMS 0x00000007f4a00000| PB 0x00000007f4a00000| Complete |  0
|1958|0x00000007f4c00000, 0x00000007f4e00000, 0x00000007f4e00000|100%| E|CS|TAMS 0x00000007f4c00000| PB 0x00000007f4c00000| Complete |  0
|1959|0x00000007f4e00000, 0x00000007f5000000, 0x00000007f5000000|100%| E|CS|TAMS 0x00000007f4e00000| PB 0x00000007f4e00000| Complete |  0
|1960|0x00000007f5000000, 0x00000007f5200000, 0x00000007f5200000|100%| E|CS|TAMS 0x00000007f5000000| PB 0x00000007f5000000| Complete |  0
|1961|0x00000007f5200000, 0x00000007f5400000, 0x00000007f5400000|100%| E|CS|TAMS 0x00000007f5200000| PB 0x00000007f5200000| Complete |  0
|1962|0x00000007f5400000, 0x00000007f5600000, 0x00000007f5600000|100%| E|CS|TAMS 0x00000007f5400000| PB 0x00000007f5400000| Complete |  0
|1963|0x00000007f5600000, 0x00000007f5800000, 0x00000007f5800000|100%| E|CS|TAMS 0x00000007f5600000| PB 0x00000007f5600000| Complete |  0
|1964|0x00000007f5800000, 0x00000007f5a00000, 0x00000007f5a00000|100%| E|CS|TAMS 0x00000007f5800000| PB 0x00000007f5800000| Complete |  0
|1965|0x00000007f5a00000, 0x00000007f5c00000, 0x00000007f5c00000|100%| E|CS|TAMS 0x00000007f5a00000| PB 0x00000007f5a00000| Complete |  0
|1966|0x00000007f5c00000, 0x00000007f5e00000, 0x00000007f5e00000|100%| E|CS|TAMS 0x00000007f5c00000| PB 0x00000007f5c00000| Complete |  0
|1967|0x00000007f5e00000, 0x00000007f6000000, 0x00000007f6000000|100%| E|CS|TAMS 0x00000007f5e00000| PB 0x00000007f5e00000| Complete |  0
|1968|0x00000007f6000000, 0x00000007f6200000, 0x00000007f6200000|100%| E|CS|TAMS 0x00000007f6000000| PB 0x00000007f6000000| Complete |  0
|1969|0x00000007f6200000, 0x00000007f6400000, 0x00000007f6400000|100%| E|CS|TAMS 0x00000007f6200000| PB 0x00000007f6200000| Complete |  0
|1970|0x00000007f6400000, 0x00000007f6600000, 0x00000007f6600000|100%| E|CS|TAMS 0x00000007f6400000| PB 0x00000007f6400000| Complete |  0
|1971|0x00000007f6600000, 0x00000007f6800000, 0x00000007f6800000|100%| E|CS|TAMS 0x00000007f6600000| PB 0x00000007f6600000| Complete |  0
|1972|0x00000007f6800000, 0x00000007f6a00000, 0x00000007f6a00000|100%| E|CS|TAMS 0x00000007f6800000| PB 0x00000007f6800000| Complete |  0
|1973|0x00000007f6a00000, 0x00000007f6c00000, 0x00000007f6c00000|100%| E|CS|TAMS 0x00000007f6a00000| PB 0x00000007f6a00000| Complete |  0
|1974|0x00000007f6c00000, 0x00000007f6e00000, 0x00000007f6e00000|100%| E|CS|TAMS 0x00000007f6c00000| PB 0x00000007f6c00000| Complete |  0
|1975|0x00000007f6e00000, 0x00000007f7000000, 0x00000007f7000000|100%| E|CS|TAMS 0x00000007f6e00000| PB 0x00000007f6e00000| Complete |  0
|1976|0x00000007f7000000, 0x00000007f7200000, 0x00000007f7200000|100%| E|CS|TAMS 0x00000007f7000000| PB 0x00000007f7000000| Complete |  0
|1977|0x00000007f7200000, 0x00000007f7400000, 0x00000007f7400000|100%| E|CS|TAMS 0x00000007f7200000| PB 0x00000007f7200000| Complete |  0
|1978|0x00000007f7400000, 0x00000007f7600000, 0x00000007f7600000|100%| E|CS|TAMS 0x00000007f7400000| PB 0x00000007f7400000| Complete |  0
|1979|0x00000007f7600000, 0x00000007f7800000, 0x00000007f7800000|100%| E|CS|TAMS 0x00000007f7600000| PB 0x00000007f7600000| Complete |  0
|1980|0x00000007f7800000, 0x00000007f7a00000, 0x00000007f7a00000|100%| E|CS|TAMS 0x00000007f7800000| PB 0x00000007f7800000| Complete |  0
|1981|0x00000007f7a00000, 0x00000007f7c00000, 0x00000007f7c00000|100%| E|CS|TAMS 0x00000007f7a00000| PB 0x00000007f7a00000| Complete |  0
|1982|0x00000007f7c00000, 0x00000007f7e00000, 0x00000007f7e00000|100%| E|CS|TAMS 0x00000007f7c00000| PB 0x00000007f7c00000| Complete |  0
|1983|0x00000007f7e00000, 0x00000007f8000000, 0x00000007f8000000|100%| E|CS|TAMS 0x00000007f7e00000| PB 0x00000007f7e00000| Complete |  0
|1984|0x00000007f8000000, 0x00000007f8200000, 0x00000007f8200000|100%| E|CS|TAMS 0x00000007f8000000| PB 0x00000007f8000000| Complete |  0
|1985|0x00000007f8200000, 0x00000007f8400000, 0x00000007f8400000|100%| E|CS|TAMS 0x00000007f8200000| PB 0x00000007f8200000| Complete |  0
|1986|0x00000007f8400000, 0x00000007f8600000, 0x00000007f8600000|100%| E|CS|TAMS 0x00000007f8400000| PB 0x00000007f8400000| Complete |  0
|1987|0x00000007f8600000, 0x00000007f8800000, 0x00000007f8800000|100%| E|CS|TAMS 0x00000007f8600000| PB 0x00000007f8600000| Complete |  0
|1988|0x00000007f8800000, 0x00000007f8a00000, 0x00000007f8a00000|100%| E|CS|TAMS 0x00000007f8800000| PB 0x00000007f8800000| Complete |  0
|1989|0x00000007f8a00000, 0x00000007f8c00000, 0x00000007f8c00000|100%| E|CS|TAMS 0x00000007f8a00000| PB 0x00000007f8a00000| Complete |  0
|1990|0x00000007f8c00000, 0x00000007f8e00000, 0x00000007f8e00000|100%| E|CS|TAMS 0x00000007f8c00000| PB 0x00000007f8c00000| Complete |  0
|1991|0x00000007f8e00000, 0x00000007f9000000, 0x00000007f9000000|100%| E|CS|TAMS 0x00000007f8e00000| PB 0x00000007f8e00000| Complete |  0
|1992|0x00000007f9000000, 0x00000007f9200000, 0x00000007f9200000|100%| E|CS|TAMS 0x00000007f9000000| PB 0x00000007f9000000| Complete |  0
|1993|0x00000007f9200000, 0x00000007f9400000, 0x00000007f9400000|100%| E|CS|TAMS 0x00000007f9200000| PB 0x00000007f9200000| Complete |  0
|1994|0x00000007f9400000, 0x00000007f9600000, 0x00000007f9600000|100%| E|CS|TAMS 0x00000007f9400000| PB 0x00000007f9400000| Complete |  0
|1995|0x00000007f9600000, 0x00000007f9800000, 0x00000007f9800000|100%| E|CS|TAMS 0x00000007f9600000| PB 0x00000007f9600000| Complete |  0
|1996|0x00000007f9800000, 0x00000007f9a00000, 0x00000007f9a00000|100%| E|CS|TAMS 0x00000007f9800000| PB 0x00000007f9800000| Complete |  0
|1997|0x00000007f9a00000, 0x00000007f9c00000, 0x00000007f9c00000|100%| E|CS|TAMS 0x00000007f9a00000| PB 0x00000007f9a00000| Complete |  0
|1998|0x00000007f9c00000, 0x00000007f9e00000, 0x00000007f9e00000|100%| E|CS|TAMS 0x00000007f9c00000| PB 0x00000007f9c00000| Complete |  0
|1999|0x00000007f9e00000, 0x00000007fa000000, 0x00000007fa000000|100%| E|CS|TAMS 0x00000007f9e00000| PB 0x00000007f9e00000| Complete |  0
|2000|0x00000007fa000000, 0x00000007fa200000, 0x00000007fa200000|100%| E|CS|TAMS 0x00000007fa000000| PB 0x00000007fa000000| Complete |  0
|2001|0x00000007fa200000, 0x00000007fa400000, 0x00000007fa400000|100%| E|CS|TAMS 0x00000007fa200000| PB 0x00000007fa200000| Complete |  0
|2002|0x00000007fa400000, 0x00000007fa600000, 0x00000007fa600000|100%| E|CS|TAMS 0x00000007fa400000| PB 0x00000007fa400000| Complete |  0
|2003|0x00000007fa600000, 0x00000007fa800000, 0x00000007fa800000|100%| E|CS|TAMS 0x00000007fa600000| PB 0x00000007fa600000| Complete |  0
|2004|0x00000007fa800000, 0x00000007faa00000, 0x00000007faa00000|100%| E|CS|TAMS 0x00000007fa800000| PB 0x00000007fa800000| Complete |  0
|2005|0x00000007faa00000, 0x00000007fac00000, 0x00000007fac00000|100%| E|CS|TAMS 0x00000007faa00000| PB 0x00000007faa00000| Complete |  0
|2006|0x00000007fac00000, 0x00000007fae00000, 0x00000007fae00000|100%| E|CS|TAMS 0x00000007fac00000| PB 0x00000007fac00000| Complete |  0
|2007|0x00000007fae00000, 0x00000007fb000000, 0x00000007fb000000|100%| E|CS|TAMS 0x00000007fae00000| PB 0x00000007fae00000| Complete |  0
|2008|0x00000007fb000000, 0x00000007fb200000, 0x00000007fb200000|100%| E|CS|TAMS 0x00000007fb000000| PB 0x00000007fb000000| Complete |  0
|2009|0x00000007fb200000, 0x00000007fb400000, 0x00000007fb400000|100%| E|CS|TAMS 0x00000007fb200000| PB 0x00000007fb200000| Complete |  0
|2010|0x00000007fb400000, 0x00000007fb600000, 0x00000007fb600000|100%| E|CS|TAMS 0x00000007fb400000| PB 0x00000007fb400000| Complete |  0
|2011|0x00000007fb600000, 0x00000007fb800000, 0x00000007fb800000|100%| E|CS|TAMS 0x00000007fb600000| PB 0x00000007fb600000| Complete |  0
|2012|0x00000007fb800000, 0x00000007fba00000, 0x00000007fba00000|100%| E|CS|TAMS 0x00000007fb800000| PB 0x00000007fb800000| Complete |  0
|2013|0x00000007fba00000, 0x00000007fbc00000, 0x00000007fbc00000|100%| E|CS|TAMS 0x00000007fba00000| PB 0x00000007fba00000| Complete |  0
|2014|0x00000007fbc00000, 0x00000007fbe00000, 0x00000007fbe00000|100%| E|CS|TAMS 0x00000007fbc00000| PB 0x00000007fbc00000| Complete |  0
|2015|0x00000007fbe00000, 0x00000007fc000000, 0x00000007fc000000|100%| E|CS|TAMS 0x00000007fbe00000| PB 0x00000007fbe00000| Complete |  0
|2016|0x00000007fc000000, 0x00000007fc200000, 0x00000007fc200000|100%| E|CS|TAMS 0x00000007fc000000| PB 0x00000007fc000000| Complete |  0
|2017|0x00000007fc200000, 0x00000007fc400000, 0x00000007fc400000|100%| E|CS|TAMS 0x00000007fc200000| PB 0x00000007fc200000| Complete |  0
|2018|0x00000007fc400000, 0x00000007fc600000, 0x00000007fc600000|100%| E|CS|TAMS 0x00000007fc400000| PB 0x00000007fc400000| Complete |  0
|2019|0x00000007fc600000, 0x00000007fc800000, 0x00000007fc800000|100%| E|CS|TAMS 0x00000007fc600000| PB 0x00000007fc600000| Complete |  0
|2020|0x00000007fc800000, 0x00000007fca00000, 0x00000007fca00000|100%| E|CS|TAMS 0x00000007fc800000| PB 0x00000007fc800000| Complete |  0
|2021|0x00000007fca00000, 0x00000007fcc00000, 0x00000007fcc00000|100%| E|CS|TAMS 0x00000007fca00000| PB 0x00000007fca00000| Complete |  0
|2022|0x00000007fcc00000, 0x00000007fce00000, 0x00000007fce00000|100%| E|CS|TAMS 0x00000007fcc00000| PB 0x00000007fcc00000| Complete |  0
|2023|0x00000007fce00000, 0x00000007fd000000, 0x00000007fd000000|100%| E|CS|TAMS 0x00000007fce00000| PB 0x00000007fce00000| Complete |  0
|2024|0x00000007fd000000, 0x00000007fd200000, 0x00000007fd200000|100%| E|CS|TAMS 0x00000007fd000000| PB 0x00000007fd000000| Complete |  0
|2025|0x00000007fd200000, 0x00000007fd400000, 0x00000007fd400000|100%| E|CS|TAMS 0x00000007fd200000| PB 0x00000007fd200000| Complete |  0
|2026|0x00000007fd400000, 0x00000007fd600000, 0x00000007fd600000|100%| E|CS|TAMS 0x00000007fd400000| PB 0x00000007fd400000| Complete |  0
|2027|0x00000007fd600000, 0x00000007fd800000, 0x00000007fd800000|100%| E|CS|TAMS 0x00000007fd600000| PB 0x00000007fd600000| Complete |  0
|2028|0x00000007fd800000, 0x00000007fda00000, 0x00000007fda00000|100%| E|CS|TAMS 0x00000007fd800000| PB 0x00000007fd800000| Complete |  0
|2029|0x00000007fda00000, 0x00000007fdc00000, 0x00000007fdc00000|100%| E|CS|TAMS 0x00000007fda00000| PB 0x00000007fda00000| Complete |  0
|2030|0x00000007fdc00000, 0x00000007fde00000, 0x00000007fde00000|100%| E|CS|TAMS 0x00000007fdc00000| PB 0x00000007fdc00000| Complete |  0
|2031|0x00000007fde00000, 0x00000007fe000000, 0x00000007fe000000|100%| E|CS|TAMS 0x00000007fde00000| PB 0x00000007fde00000| Complete |  0
|2032|0x00000007fe000000, 0x00000007fe200000, 0x00000007fe200000|100%| E|CS|TAMS 0x00000007fe000000| PB 0x00000007fe000000| Complete |  0
|2033|0x00000007fe200000, 0x00000007fe400000, 0x00000007fe400000|100%| E|CS|TAMS 0x00000007fe200000| PB 0x00000007fe200000| Complete |  0
|2034|0x00000007fe400000, 0x00000007fe600000, 0x00000007fe600000|100%| E|CS|TAMS 0x00000007fe400000| PB 0x00000007fe400000| Complete |  0
|2035|0x00000007fe600000, 0x00000007fe800000, 0x00000007fe800000|100%| E|CS|TAMS 0x00000007fe600000| PB 0x00000007fe600000| Complete |  0
|2036|0x00000007fe800000, 0x00000007fea00000, 0x00000007fea00000|100%| E|CS|TAMS 0x00000007fe800000| PB 0x00000007fe800000| Complete |  0
|2037|0x00000007fea00000, 0x00000007fec00000, 0x00000007fec00000|100%| E|CS|TAMS 0x00000007fea00000| PB 0x00000007fea00000| Complete |  0
|2038|0x00000007fec00000, 0x00000007fee00000, 0x00000007fee00000|100%| E|CS|TAMS 0x00000007fec00000| PB 0x00000007fec00000| Complete |  0
|2039|0x00000007fee00000, 0x00000007ff000000, 0x00000007ff000000|100%| E|CS|TAMS 0x00000007fee00000| PB 0x00000007fee00000| Complete |  0
|2040|0x00000007ff000000, 0x00000007ff200000, 0x00000007ff200000|100%| E|CS|TAMS 0x00000007ff000000| PB 0x00000007ff000000| Complete |  0
|2041|0x00000007ff200000, 0x00000007ff400000, 0x00000007ff400000|100%| E|CS|TAMS 0x00000007ff200000| PB 0x00000007ff200000| Complete |  0
|2042|0x00000007ff400000, 0x00000007ff600000, 0x00000007ff600000|100%| E|CS|TAMS 0x00000007ff400000| PB 0x00000007ff400000| Complete |  0
|2043|0x00000007ff600000, 0x00000007ff800000, 0x00000007ff800000|100%| E|CS|TAMS 0x00000007ff600000| PB 0x00000007ff600000| Complete |  0
|2044|0x00000007ff800000, 0x00000007ffa00000, 0x00000007ffa00000|100%| E|CS|TAMS 0x00000007ff800000| PB 0x00000007ff800000| Complete |  0
|2045|0x00000007ffa00000, 0x00000007ffc00000, 0x00000007ffc00000|100%| E|CS|TAMS 0x00000007ffa00000| PB 0x00000007ffa00000| Complete |  0
|2046|0x00000007ffc00000, 0x00000007ffe00000, 0x00000007ffe00000|100%| E|CS|TAMS 0x00000007ffc00000| PB 0x00000007ffc00000| Complete |  0
|2047|0x00000007ffe00000, 0x0000000800000000, 0x0000000800000000|100%| E|CS|TAMS 0x00000007ffe00000| PB 0x00000007ffe00000| Complete |  0

Card table byte_map: [0x0000019ed2b30000,0x0000019ed3330000] _byte_map_base: 0x0000019ecf330000

Marking Bits: (CMBitMap*) 0x0000019eb9cf54b0
 Bits: [0x0000019ed3330000, 0x0000019ed7330000)

Polling page: 0x0000019eb7dc0000

Metaspace:

Usage:
  Non-class:    116.68 MB used.
      Class:     22.80 MB used.
       Both:    139.49 MB used.

Virtual space:
  Non-class space:      128.00 MB reserved,     117.50 MB ( 92%) committed,  2 nodes.
      Class space:        1.00 GB reserved,      23.44 MB (  2%) committed,  1 nodes.
             Both:        1.12 GB reserved,     140.94 MB ( 12%) committed. 

Chunk freelists:
   Non-Class:  10.20 MB
       Class:  8.40 MB
        Both:  18.61 MB

MaxMetaspaceSize: unlimited
CompressedClassSpaceSize: 1.00 GB
Initial GC threshold: 21.00 MB
Current GC threshold: 222.31 MB
CDS: on
 - commit_granule_bytes: 65536.
 - commit_granule_words: 8192.
 - virtual_space_node_default_size: 8388608.
 - enlarge_chunks_in_place: 1.
 - use_allocation_guard: 0.


Internal statistics:

num_allocs_failed_limit: 24.
num_arena_births: 2260.
num_arena_deaths: 52.
num_vsnodes_births: 3.
num_vsnodes_deaths: 0.
num_space_committed: 2247.
num_space_uncommitted: 0.
num_chunks_returned_to_freelist: 101.
num_chunks_taken_from_freelist: 7681.
num_chunk_merges: 47.
num_chunk_splits: 5264.
num_chunks_enlarged: 3905.
num_inconsistent_stats: 0.

CodeHeap 'non-profiled nmethods': size=118848Kb used=14628Kb max_used=14628Kb free=104219Kb
 bounds [0x0000019ec9bc0000, 0x0000019ecaa10000, 0x0000019ed0fd0000]
CodeHeap 'profiled nmethods': size=118848Kb used=31514Kb max_used=31514Kb free=87333Kb
 bounds [0x0000019ec1fd0000, 0x0000019ec3ea0000, 0x0000019ec93e0000]
CodeHeap 'non-nmethods': size=8064Kb used=3014Kb max_used=5342Kb free=5049Kb
 bounds [0x0000019ec93e0000, 0x0000019ec9930000, 0x0000019ec9bc0000]
 total_blobs=18341 nmethods=16899 adapters=1333
 compilation: enabled
              stopped_count=0, restarted_count=0
 full_count=0

Compilation events (20 events):
Event: 4677.111 Thread 0x0000019edb6320e0 19289       4       java.util.concurrent.ConcurrentHashMap::size (31 bytes)
Event: 4677.112 Thread 0x0000019edb6320e0 nmethod 19289 0x0000019ecaa06590 code [0x0000019ecaa06720, 0x0000019ecaa068e0]
Event: 4689.861 Thread 0x0000019edb63cee0 19290       1       com.google.common.io.Files$1::getResult (5 bytes)
Event: 4689.862 Thread 0x0000019edb63cee0 nmethod 19290 0x0000019ecaa06a10 code [0x0000019ecaa06ba0, 0x0000019ecaa06c70]
Event: 4719.812 Thread 0x0000019edb63cee0 19291       3       java.util.IdentityHashMap$IdentityHashMapIterator::<init> (63 bytes)
Event: 4719.812 Thread 0x0000019edb63cee0 nmethod 19291 0x0000019ec3e93c90 code [0x0000019ec3e93e40, 0x0000019ec3e94100]
Event: 4737.112 Thread 0x0000019edb6320e0 19292       4       java.util.concurrent.ConcurrentHashMap$CollectionView::size (8 bytes)
Event: 4737.113 Thread 0x0000019edb6320e0 nmethod 19292 0x0000019ecaa06d10 code [0x0000019ecaa06ea0, 0x0000019ecaa07078]
Event: 4737.113 Thread 0x0000019edb6320e0 19293       4       java.util.concurrent.ConcurrentHashMap$ValuesView::forEach (63 bytes)
Event: 4737.123 Thread 0x0000019edb6320e0 nmethod 19293 0x0000019ecaa07210 code [0x0000019ecaa07400, 0x0000019ecaa07e20]
Event: 4797.004 Thread 0x0000019edb63cee0 19294       3       java.lang.ref.ReferenceQueue::await (15 bytes)
Event: 4797.004 Thread 0x0000019edb63cee0 nmethod 19294 0x0000019ec3e94290 code [0x0000019ec3e94440, 0x0000019ec3e945e8]
Event: 4809.811 Thread 0x0000019edb6320e0 19295   !   4       ca.spottedleaf.concurrentutil.executor.queue.PrioritisedTaskQueue$PrioritisedQueuedTask::queue (137 bytes)
Event: 4809.813 Thread 0x0000019edb6320e0 nmethod 19295 0x0000019ecaa08290 code [0x0000019ecaa08460, 0x0000019ecaa08a68]
Event: 4809.813 Thread 0x0000019edb6320e0 19296       4       java.util.Spliterators$IntArraySpliterator::estimateSize (27 bytes)
Event: 4809.813 Thread 0x0000019edb6320e0 nmethod 19296 0x0000019ecaa08d90 code [0x0000019ecaa08f00, 0x0000019ecaa08fc8]
Event: 4809.824 Thread 0x0000019edb63cee0 19297       1       net.minecraft.world.level.saveddata.SavedData::isDirty (5 bytes)
Event: 4809.824 Thread 0x0000019edb63cee0 nmethod 19297 0x0000019ecaa09090 code [0x0000019ecaa09220, 0x0000019ecaa092f0]
Event: 4809.862 Thread 0x0000019edb63cee0 19298       3       net.minecraft.world.entity.monster.Zombie::addAdditionalSaveData (93 bytes)
Event: 4809.862 Thread 0x0000019edb63cee0 nmethod 19298 0x0000019ec3e94710 code [0x0000019ec3e94a60, 0x0000019ec3e961b0]

GC Heap History (20 events):
Event: 4.011 GC heap before
{Heap before GC invocations=6 (full 0):
 garbage-first heap   total reserved 4194304K, committed 4194304K, used 328510K [0x0000000700000000, 0x0000000800000000)
  region size 2048K, 88 young (180224K), 11 survivors (22528K)
 Metaspace       used 59506K, committed 60416K, reserved 1114112K
  class space    used 8655K, committed 9024K, reserved 1048576K
}
Event: 4.017 GC heap after
{Heap after GC invocations=7 (full 0):
 garbage-first heap   total reserved 4194304K, committed 4194304K, used 199204K [0x0000000700000000, 0x0000000800000000)
  region size 2048K, 13 young (26624K), 13 survivors (26624K)
 Metaspace       used 59506K, committed 60416K, reserved 1114112K
  class space    used 8655K, committed 9024K, reserved 1048576K
}
Event: 4.026 GC heap before
{Heap before GC invocations=7 (full 0):
 garbage-first heap   total reserved 4194304K, committed 4194304K, used 199204K [0x0000000700000000, 0x0000000800000000)
  region size 2048K, 14 young (28672K), 13 survivors (26624K)
 Metaspace       used 59863K, committed 60736K, reserved 1114112K
  class space    used 8688K, committed 9088K, reserved 1048576K
}
Event: 4.029 GC heap after
{Heap after GC invocations=8 (full 0):
 garbage-first heap   total reserved 4194304K, committed 4194304K, used 202487K [0x0000000700000000, 0x0000000800000000)
  region size 2048K, 2 young (4096K), 2 survivors (4096K)
 Metaspace       used 59863K, committed 60736K, reserved 1114112K
  class space    used 8688K, committed 9088K, reserved 1048576K
}
Event: 4.421 GC heap before
{Heap before GC invocations=9 (full 0):
 garbage-first heap   total reserved 4194304K, committed 4194304K, used 407287K [0x0000000700000000, 0x0000000800000000)
  region size 2048K, 117 young (239616K), 2 survivors (4096K)
 Metaspace       used 68291K, committed 69184K, reserved 1114112K
  class space    used 9893K, committed 10304K, reserved 1048576K
}
Event: 4.432 GC heap after
{Heap after GC invocations=10 (full 0):
 garbage-first heap   total reserved 4194304K, committed 4194304K, used 247623K [0x0000000700000000, 0x0000000800000000)
  region size 2048K, 15 young (30720K), 15 survivors (30720K)
 Metaspace       used 68291K, committed 69184K, reserved 1114112K
  class space    used 9893K, committed 10304K, reserved 1048576K
}
Event: 5.852 GC heap before
{Heap before GC invocations=10 (full 0):
 garbage-first heap   total reserved 4194304K, committed 4194304K, used 438087K [0x0000000700000000, 0x0000000800000000)
  region size 2048K, 102 young (208896K), 15 survivors (30720K)
 Metaspace       used 95592K, committed 96704K, reserved 1179648K
  class space    used 13538K, committed 14016K, reserved 1048576K
}
Event: 5.861 GC heap after
{Heap after GC invocations=11 (full 0):
 garbage-first heap   total reserved 4194304K, committed 4194304K, used 279115K [0x0000000700000000, 0x0000000800000000)
  region size 2048K, 13 young (26624K), 13 survivors (26624K)
 Metaspace       used 95592K, committed 96704K, reserved 1179648K
  class space    used 13538K, committed 14016K, reserved 1048576K
}
Event: 6.286 GC heap before
{Heap before GC invocations=11 (full 0):
 garbage-first heap   total reserved 4194304K, committed 4194304K, used 461387K [0x0000000700000000, 0x0000000800000000)
  region size 2048K, 102 young (208896K), 13 survivors (26624K)
 Metaspace       used 97853K, committed 98944K, reserved 1179648K
  class space    used 13876K, committed 14336K, reserved 1048576K
}
Event: 6.291 GC heap after
{Heap after GC invocations=12 (full 0):
 garbage-first heap   total reserved 4194304K, committed 4194304K, used 286705K [0x0000000700000000, 0x0000000800000000)
  region size 2048K, 5 young (10240K), 5 survivors (10240K)
 Metaspace       used 97853K, committed 98944K, reserved 1179648K
  class space    used 13876K, committed 14336K, reserved 1048576K
}
Event: 6.503 GC heap before
{Heap before GC invocations=12 (full 0):
 garbage-first heap   total reserved 4194304K, committed 4194304K, used 307185K [0x0000000700000000, 0x0000000800000000)
  region size 2048K, 16 young (32768K), 5 survivors (10240K)
 Metaspace       used 100796K, committed 101888K, reserved 1179648K
  class space    used 14416K, committed 14912K, reserved 1048576K
}
Event: 6.506 GC heap after
{Heap after GC invocations=13 (full 0):
 garbage-first heap   total reserved 4194304K, committed 4194304K, used 282281K [0x0000000700000000, 0x0000000800000000)
  region size 2048K, 5 young (10240K), 5 survivors (10240K)
 Metaspace       used 100796K, committed 101888K, reserved 1179648K
  class space    used 14416K, committed 14912K, reserved 1048576K
}
Event: 6.540 GC heap before
{Heap before GC invocations=13 (full 0):
 garbage-first heap   total reserved 4194304K, committed 4194304K, used 288425K [0x0000000700000000, 0x0000000800000000)
  region size 2048K, 9 young (18432K), 5 survivors (10240K)
 Metaspace       used 101161K, committed 102208K, reserved 1179648K
  class space    used 14470K, committed 14912K, reserved 1048576K
}
Event: 6.542 GC heap after
{Heap after GC invocations=14 (full 0):
 garbage-first heap   total reserved 4194304K, committed 4194304K, used 282539K [0x0000000700000000, 0x0000000800000000)
  region size 2048K, 5 young (10240K), 5 survivors (10240K)
 Metaspace       used 101161K, committed 102208K, reserved 1179648K
  class space    used 14470K, committed 14912K, reserved 1048576K
}
Event: 7.450 GC heap before
{Heap before GC invocations=15 (full 0):
 garbage-first heap   total reserved 4194304K, committed 4194304K, used 792491K [0x0000000700000000, 0x0000000800000000)
  region size 2048K, 254 young (520192K), 5 survivors (10240K)
 Metaspace       used 110005K, committed 111232K, reserved 1179648K
  class space    used 15806K, committed 16320K, reserved 1048576K
}
Event: 7.462 GC heap after
{Heap after GC invocations=16 (full 0):
 garbage-first heap   total reserved 4194304K, committed 4194304K, used 344008K [0x0000000700000000, 0x0000000800000000)
  region size 2048K, 32 young (65536K), 32 survivors (65536K)
 Metaspace       used 110005K, committed 111232K, reserved 1179648K
  class space    used 15806K, committed 16320K, reserved 1048576K
}
Event: 9.385 GC heap before
{Heap before GC invocations=16 (full 0):
 garbage-first heap   total reserved 4194304K, committed 4194304K, used 716744K [0x0000000700000000, 0x0000000800000000)
  region size 2048K, 197 young (403456K), 32 survivors (65536K)
 Metaspace       used 135148K, committed 136576K, reserved 1179648K
  class space    used 22493K, committed 23104K, reserved 1048576K
}
Event: 9.454 GC heap after
{Heap after GC invocations=17 (full 1):
 garbage-first heap   total reserved 4194304K, committed 4194304K, used 264127K [0x0000000700000000, 0x0000000800000000)
  region size 2048K, 0 young (0K), 0 survivors (0K)
 Metaspace       used 135111K, committed 136576K, reserved 1179648K
  class space    used 22481K, committed 23104K, reserved 1048576K
}
Event: 836.959 GC heap before
{Heap before GC invocations=17 (full 1):
 garbage-first heap   total reserved 4194304K, committed 4194304K, used 880575K [0x0000000700000000, 0x0000000800000000)
  region size 2048K, 302 young (618496K), 0 survivors (0K)
 Metaspace       used 142398K, committed 143936K, reserved 1179648K
  class space    used 23350K, committed 24000K, reserved 1048576K
}
Event: 836.962 GC heap after
{Heap after GC invocations=18 (full 1):
 garbage-first heap   total reserved 4194304K, committed 4194304K, used 273638K [0x0000000700000000, 0x0000000800000000)
  region size 2048K, 5 young (10240K), 5 survivors (10240K)
 Metaspace       used 142398K, committed 143936K, reserved 1179648K
  class space    used 23350K, committed 24000K, reserved 1048576K
}

Dll operation events (16 events):
Event: 0.016 Loaded shared library C:\Program Files\Java\jdk-22\bin\java.dll
Event: 0.062 Loaded shared library C:\Program Files\Java\jdk-22\bin\jsvml.dll
Event: 0.069 Loaded shared library C:\Program Files\Java\jdk-22\bin\net.dll
Event: 0.070 Loaded shared library C:\Program Files\Java\jdk-22\bin\nio.dll
Event: 0.073 Loaded shared library C:\Program Files\Java\jdk-22\bin\zip.dll
Event: 0.083 Loaded shared library C:\Program Files\Java\jdk-22\bin\jimage.dll
Event: 0.645 Loaded shared library C:\Program Files\Java\jdk-22\bin\management.dll
Event: 0.647 Loaded shared library C:\Program Files\Java\jdk-22\bin\management_ext.dll
Event: 0.830 Loaded shared library C:\Windows\System32\msvcrt.dll
Event: 0.830 Loaded shared library C:\Windows\System32\kernel32.dll
Event: 0.935 Loaded shared library C:\Users\Toby Hinloopen\AppData\Local\Temp\jlinenative-3.27.1-d11f4905cb6ce9d4-jlinenative.dll
Event: 1.058 Loaded shared library C:\Program Files\Java\jdk-22\bin\verify.dll
Event: 1.211 Loaded shared library C:\Users\Toby Hinloopen\AppData\Local\Temp\jna-721533324\jna16229439366718326153.dll
Event: 5.481 Loaded shared library C:\Program Files\Java\jdk-22\bin\jaas.dll
Event: 5.614 Loaded shared library C:\Program Files\Java\jdk-22\bin\sunmscapi.dll
Event: 5.660 Loaded shared library C:\Program Files\Java\jdk-22\bin\extnet.dll

Deoptimization events (20 events):
Event: 3657.110 Thread 0x0000019f23846bf0 Uncommon trap: trap_request=0xffffffde fr.pc=0x0000019eca8e3440 relative=0x0000000000000180
Event: 3657.110 Thread 0x0000019f23846bf0 Uncommon trap: reason=class_check action=maybe_recompile pc=0x0000019eca8e3440 method=java.util.Collection.removeIf(Ljava/util/function/Predicate;)Z @ 39 c2
Event: 3657.110 Thread 0x0000019f23846bf0 DEOPT PACKING pc=0x0000019eca8e3440 sp=0x0000000247afee70
Event: 3657.110 Thread 0x0000019f23846bf0 DEOPT UNPACKING pc=0x0000019ec9437da2 sp=0x0000000247afee10 mode 2
Event: 3657.110 Thread 0x0000019f23846bf0 Uncommon trap: trap_request=0xffffffde fr.pc=0x0000019eca8e3440 relative=0x0000000000000180
Event: 3657.110 Thread 0x0000019f23846bf0 Uncommon trap: reason=class_check action=maybe_recompile pc=0x0000019eca8e3440 method=java.util.Collection.removeIf(Ljava/util/function/Predicate;)Z @ 39 c2
Event: 3657.110 Thread 0x0000019f23846bf0 DEOPT PACKING pc=0x0000019eca8e3440 sp=0x0000000247afee70
Event: 3657.110 Thread 0x0000019f23846bf0 DEOPT UNPACKING pc=0x0000019ec9437da2 sp=0x0000000247afee10 mode 2
Event: 3909.701 Thread 0x0000019f259d64e0 Uncommon trap: trap_request=0xffffffde fr.pc=0x0000019eca8354b0 relative=0x0000000000000770
Event: 3909.701 Thread 0x0000019f259d64e0 Uncommon trap: reason=class_check action=maybe_recompile pc=0x0000019eca8354b0 method=java.io.DataOutputStream.write([BII)V @ 7 c2
Event: 3909.701 Thread 0x0000019f259d64e0 DEOPT PACKING pc=0x0000019eca8354b0 sp=0x00000002414ff330
Event: 3909.701 Thread 0x0000019f259d64e0 DEOPT UNPACKING pc=0x0000019ec9437da2 sp=0x00000002414ff2e8 mode 2
Event: 4287.810 Thread 0x0000019f213d1a20 Uncommon trap: trap_request=0xffffff45 fr.pc=0x0000019eca4332a8 relative=0x0000000000002808
Event: 4287.810 Thread 0x0000019f213d1a20 Uncommon trap: reason=unstable_if action=reinterpret pc=0x0000019eca4332a8 method=java.math.MutableBigInteger.divideMagnitude(Ljava/math/MutableBigInteger;Ljava/math/MutableBigInteger;Z)Ljava/math/MutableBigInteger; @ 989 c2
Event: 4287.810 Thread 0x0000019f213d1a20 DEOPT PACKING pc=0x0000019eca4332a8 sp=0x00000002435ff0f0
Event: 4287.810 Thread 0x0000019f213d1a20 DEOPT UNPACKING pc=0x0000019ec9437da2 sp=0x00000002435ff050 mode 2
Event: 4737.080 Thread 0x0000019f23847fa0 Uncommon trap: trap_request=0xffffffd6 fr.pc=0x0000019eca9ece5c relative=0x000000000000255c
Event: 4737.080 Thread 0x0000019f23847fa0 Uncommon trap: reason=array_check action=maybe_recompile pc=0x0000019eca9ece5c method=java.util.ComparableTimSort.mergeHi(IIII)V @ 171 c2
Event: 4737.080 Thread 0x0000019f23847fa0 DEOPT PACKING pc=0x0000019eca9ece5c sp=0x00000002479fead0
Event: 4737.080 Thread 0x0000019f23847fa0 DEOPT UNPACKING pc=0x0000019ec9437da2 sp=0x00000002479feac0 mode 2

Classes loaded (20 events):
Event: 309.679 Loading class sun/security/ssl/PreSharedKeyExtension$PartialClientHelloMessage
Event: 309.679 Loading class sun/security/ssl/PreSharedKeyExtension$PartialClientHelloMessage done
Event: 309.679 Loading class sun/security/ssl/SSLEngineOutputRecord
Event: 309.680 Loading class sun/security/ssl/SSLEngineOutputRecord done
Event: 309.680 Loading class sun/security/ssl/SSLEngineOutputRecord$HandshakeFragment
Event: 309.680 Loading class sun/security/ssl/SSLEngineOutputRecord$HandshakeFragment done
Event: 309.680 Loading class sun/security/ssl/SSLEngineOutputRecord$HandshakeMemo
Event: 309.680 Loading class sun/security/ssl/SSLEngineOutputRecord$RecordMemo
Event: 309.680 Loading class sun/security/ssl/SSLEngineOutputRecord$RecordMemo done
Event: 309.680 Loading class sun/security/ssl/SSLEngineOutputRecord$HandshakeMemo done
Event: 309.690 Loading class sun/security/ssl/PreSharedKeyExtension$SHPreSharedKeySpec
Event: 309.690 Loading class sun/security/ssl/PreSharedKeyExtension$SHPreSharedKeySpec done
Event: 309.823 Loading class java/io/UTFDataFormatException
Event: 309.824 Loading class java/io/UTFDataFormatException done
Event: 309.859 Loading class java/util/concurrent/CompletableFuture$AsyncRun
Event: 309.859 Loading class java/util/concurrent/CompletableFuture$AsyncRun done
Event: 309.873 Loading class java/util/PriorityQueue$PriorityQueueSpliterator
Event: 309.873 Loading class java/util/PriorityQueue$PriorityQueueSpliterator done
Event: 309.874 Loading class java/nio/file/TempFileHelper
Event: 309.874 Loading class java/nio/file/TempFileHelper done

Classes unloaded (20 events):
Event: 9.401 Thread 0x0000019edb5f2120 Unloading class 0x0000019ede231800 'java/lang/invoke/LambdaForm$DMH+0x0000019ede231800'
Event: 9.401 Thread 0x0000019edb5f2120 Unloading class 0x0000019ede231400 'java/lang/invoke/LambdaForm$DMH+0x0000019ede231400'
Event: 9.401 Thread 0x0000019edb5f2120 Unloading class 0x0000019ede231000 'java/lang/invoke/LambdaForm$DMH+0x0000019ede231000'
Event: 9.401 Thread 0x0000019edb5f2120 Unloading class 0x0000019ede230c00 'java/lang/invoke/LambdaForm$DMH+0x0000019ede230c00'
Event: 9.401 Thread 0x0000019edb5f2120 Unloading class 0x0000019ede230800 'java/lang/invoke/LambdaForm$DMH+0x0000019ede230800'
Event: 9.401 Thread 0x0000019edb5f2120 Unloading class 0x0000019ede230000 'java/lang/invoke/LambdaForm$DMH+0x0000019ede230000'
Event: 9.401 Thread 0x0000019edb5f2120 Unloading class 0x0000019ede1d8400 'java/lang/invoke/LambdaForm$DMH+0x0000019ede1d8400'
Event: 9.401 Thread 0x0000019edb5f2120 Unloading class 0x0000019ede1d8000 'java/lang/invoke/LambdaForm$DMH+0x0000019ede1d8000'
Event: 9.401 Thread 0x0000019edb5f2120 Unloading class 0x0000019ede1d3c00 'java/lang/invoke/LambdaForm$DMH+0x0000019ede1d3c00'
Event: 9.401 Thread 0x0000019edb5f2120 Unloading class 0x0000019ede1d3800 'java/lang/invoke/LambdaForm$DMH+0x0000019ede1d3800'
Event: 9.401 Thread 0x0000019edb5f2120 Unloading class 0x0000019ede1d3400 'java/lang/invoke/LambdaForm$DMH+0x0000019ede1d3400'
Event: 9.401 Thread 0x0000019edb5f2120 Unloading class 0x0000019ede1d2c00 'java/lang/invoke/LambdaForm$DMH+0x0000019ede1d2c00'
Event: 9.401 Thread 0x0000019edb5f2120 Unloading class 0x0000019ede1d3000 'java/lang/invoke/LambdaForm$DMH+0x0000019ede1d3000'
Event: 9.401 Thread 0x0000019edb5f2120 Unloading class 0x0000019ede1d2400 'java/lang/invoke/LambdaForm$DMH+0x0000019ede1d2400'
Event: 9.401 Thread 0x0000019edb5f2120 Unloading class 0x0000019ede1d1c00 'java/lang/invoke/LambdaForm$DMH+0x0000019ede1d1c00'
Event: 9.401 Thread 0x0000019edb5f2120 Unloading class 0x0000019ede1d2000 'java/lang/invoke/LambdaForm$DMH+0x0000019ede1d2000'
Event: 9.401 Thread 0x0000019edb5f2120 Unloading class 0x0000019ede1d1400 'java/lang/invoke/LambdaForm$DMH+0x0000019ede1d1400'
Event: 9.401 Thread 0x0000019edb5f2120 Unloading class 0x0000019ede1d1800 'java/lang/invoke/LambdaForm$DMH+0x0000019ede1d1800'
Event: 9.401 Thread 0x0000019edb5f2120 Unloading class 0x0000019ede1d1000 'java/lang/invoke/LambdaForm$DMH+0x0000019ede1d1000'
Event: 9.401 Thread 0x0000019edb5f2120 Unloading class 0x0000019ede1d0c00 'java/lang/invoke/LambdaForm$DMH+0x0000019ede1d0c00'

Classes redefined (0 events):
No events

Internal exceptions (20 events):
Event: 4809.862 Thread 0x0000019f24dedc10 Exception <a 'sun/nio/fs/WindowsException'{0x00000007944ca8d0}> (0x00000007944ca8d0) 
thrown [s\open\src\hotspot\share\prims\jni.cpp, line 520]
Event: 4809.862 Thread 0x0000019f24dedc10 Exception <a 'sun/nio/fs/WindowsException'{0x00000007944caf58}> (0x00000007944caf58) 
thrown [s\open\src\hotspot\share\prims\jni.cpp, line 520]
Event: 4809.862 Thread 0x0000019f24dedc10 Exception <a 'sun/nio/fs/WindowsException'{0x00000007944cb5f8}> (0x00000007944cb5f8) 
thrown [s\open\src\hotspot\share\prims\jni.cpp, line 520]
Event: 4809.862 Thread 0x0000019f24dedc10 Exception <a 'sun/nio/fs/WindowsException'{0x00000007944cbc80}> (0x00000007944cbc80) 
thrown [s\open\src\hotspot\share\prims\jni.cpp, line 520]
Event: 4809.862 Thread 0x0000019f24dedc10 Exception <a 'sun/nio/fs/WindowsException'{0x00000007944cc308}> (0x00000007944cc308) 
thrown [s\open\src\hotspot\share\prims\jni.cpp, line 520]
Event: 4809.862 Thread 0x0000019f24dedc10 Exception <a 'sun/nio/fs/WindowsException'{0x00000007944cc990}> (0x00000007944cc990) 
thrown [s\open\src\hotspot\share\prims\jni.cpp, line 520]
Event: 4809.862 Thread 0x0000019f24dedc10 Exception <a 'sun/nio/fs/WindowsException'{0x00000007944cd018}> (0x00000007944cd018) 
thrown [s\open\src\hotspot\share\prims\jni.cpp, line 520]
Event: 4809.862 Thread 0x0000019f24dedc10 Exception <a 'sun/nio/fs/WindowsException'{0x00000007944cd6a0}> (0x00000007944cd6a0) 
thrown [s\open\src\hotspot\share\prims\jni.cpp, line 520]
Event: 4809.862 Thread 0x0000019f24dedc10 Exception <a 'sun/nio/fs/WindowsException'{0x00000007944cdd88}> (0x00000007944cdd88) 
thrown [s\open\src\hotspot\share\prims\jni.cpp, line 520]
Event: 4809.862 Thread 0x0000019f24dedc10 Exception <a 'sun/nio/fs/WindowsException'{0x00000007944ce410}> (0x00000007944ce410) 
thrown [s\open\src\hotspot\share\prims\jni.cpp, line 520]
Event: 4809.862 Thread 0x0000019f24dedc10 Exception <a 'sun/nio/fs/WindowsException'{0x00000007944cea98}> (0x00000007944cea98) 
thrown [s\open\src\hotspot\share\prims\jni.cpp, line 520]
Event: 4809.862 Thread 0x0000019f24dedc10 Exception <a 'sun/nio/fs/WindowsException'{0x00000007944cf120}> (0x00000007944cf120) 
thrown [s\open\src\hotspot\share\prims\jni.cpp, line 520]
Event: 4809.862 Thread 0x0000019f24dedc10 Exception <a 'sun/nio/fs/WindowsException'{0x00000007944cf748}> (0x00000007944cf748) 
thrown [s\open\src\hotspot\share\prims\jni.cpp, line 520]
Event: 4809.862 Thread 0x0000019f24dedc10 Exception <a 'sun/nio/fs/WindowsException'{0x00000007944cfe00}> (0x00000007944cfe00) 
thrown [s\open\src\hotspot\share\prims\jni.cpp, line 520]
Event: 4809.862 Thread 0x0000019f24dedc10 Exception <a 'sun/nio/fs/WindowsException'{0x00000007944d0410}> (0x00000007944d0410) 
thrown [s\open\src\hotspot\share\prims\jni.cpp, line 520]
Event: 4809.862 Thread 0x0000019f24dedc10 Exception <a 'sun/nio/fs/WindowsException'{0x000000078173cb88}> (0x000000078173cb88) 
thrown [s\open\src\hotspot\share\prims\jni.cpp, line 520]
Event: 4809.862 Thread 0x0000019f24dedc10 Exception <a 'sun/nio/fs/WindowsException'{0x000000078173d250}> (0x000000078173d250) 
thrown [s\open\src\hotspot\share\prims\jni.cpp, line 520]
Event: 4809.862 Thread 0x0000019f24dedc10 Exception <a 'sun/nio/fs/WindowsException'{0x000000078173d978}> (0x000000078173d978) 
thrown [s\open\src\hotspot\share\prims\jni.cpp, line 520]
Event: 4809.862 Thread 0x0000019f24dedc10 Exception <a 'sun/nio/fs/WindowsException'{0x000000078173df78}> (0x000000078173df78) 
thrown [s\open\src\hotspot\share\prims\jni.cpp, line 520]
Event: 4831.710 Thread 0x0000019f213d1a20 Implicit null exception at 0x0000019eca66ebdd to 0x0000000000000000

ZGC Phase Switch (0 events):
No events

VM Operations (20 events):
Event: 4831.619 Executing VM operation: ThreadDump
Event: 4831.619 Executing VM operation: ThreadDump done
Event: 4831.629 Executing VM operation: ThreadDump
Event: 4831.629 Executing VM operation: ThreadDump done
Event: 4831.639 Executing VM operation: ThreadDump
Event: 4831.639 Executing VM operation: ThreadDump done
Event: 4831.649 Executing VM operation: ThreadDump
Event: 4831.649 Executing VM operation: ThreadDump done
Event: 4831.659 Executing VM operation: ThreadDump
Event: 4831.659 Executing VM operation: ThreadDump done
Event: 4831.669 Executing VM operation: ThreadDump
Event: 4831.669 Executing VM operation: ThreadDump done
Event: 4831.680 Executing VM operation: ThreadDump
Event: 4831.680 Executing VM operation: ThreadDump done
Event: 4831.690 Executing VM operation: ThreadDump
Event: 4831.690 Executing VM operation: ThreadDump done
Event: 4831.701 Executing VM operation: ThreadDump
Event: 4831.701 Executing VM operation: ThreadDump done
Event: 4831.710 Executing VM operation: ThreadDump
Event: 4831.710 Executing VM operation: ThreadDump done

Events (20 events):
Event: 4209.759 Thread 0x0000019f259d5e50 Thread added: 0x0000019f259d5e50
Event: 4239.760 Thread 0x0000019f259d57c0 Thread exited: 0x0000019f259d57c0
Event: 4239.762 Thread 0x0000019f259d5e50 Thread exited: 0x0000019f259d5e50
Event: 4269.810 Thread 0x0000019f259d6b70 Thread added: 0x0000019f259d6b70
Event: 4299.813 Thread 0x0000019f259d6b70 Thread exited: 0x0000019f259d6b70
Event: 4389.810 Thread 0x0000019f259d5e50 Thread added: 0x0000019f259d5e50
Event: 4419.812 Thread 0x0000019f259d5e50 Thread exited: 0x0000019f259d5e50
Event: 4449.811 Thread 0x0000019f259d57c0 Thread added: 0x0000019f259d57c0
Event: 4479.813 Thread 0x0000019f259d57c0 Thread exited: 0x0000019f259d57c0
Event: 4509.760 Thread 0x0000019f259d4aa0 Thread added: 0x0000019f259d4aa0
Event: 4509.760 Thread 0x0000019f259d5e50 Thread added: 0x0000019f259d5e50
Event: 4539.762 Thread 0x0000019f259d4aa0 Thread exited: 0x0000019f259d4aa0
Event: 4539.762 Thread 0x0000019f259d5e50 Thread exited: 0x0000019f259d5e50
Event: 4629.810 Thread 0x0000019f259d4aa0 Thread added: 0x0000019f259d4aa0
Event: 4659.811 Thread 0x0000019f259d4aa0 Thread exited: 0x0000019f259d4aa0
Event: 4689.810 Thread 0x0000019f259d64e0 Thread added: 0x0000019f259d64e0
Event: 4719.812 Thread 0x0000019f259d64e0 Thread exited: 0x0000019f259d64e0
Event: 4749.811 Thread 0x0000019f259d4aa0 Thread added: 0x0000019f259d4aa0
Event: 4779.813 Thread 0x0000019f259d4aa0 Thread exited: 0x0000019f259d4aa0
Event: 4809.761 Thread 0x0000019f259d4aa0 Thread added: 0x0000019f259d4aa0


Dynamic libraries:
0x00007ff7c9900000 - 0x00007ff7c9910000 	C:\Program Files\Java\jdk-22\bin\java.exe
0x00007ffd82d60000 - 0x00007ffd82fc7000 	C:\WINDOWS\SYSTEM32\ntdll.dll
0x00007ffd82550000 - 0x00007ffd82619000 	C:\WINDOWS\System32\KERNEL32.DLL
0x00007ffd80500000 - 0x00007ffd808f0000 	C:\WINDOWS\System32\KERNELBASE.dll
0x00007ffd80020000 - 0x00007ffd8016b000 	C:\WINDOWS\System32\ucrtbase.dll
0x00007ffd1df20000 - 0x00007ffd1df37000 	C:\Program Files\Java\jdk-22\bin\jli.dll
0x00007ffd82470000 - 0x00007ffd82524000 	C:\WINDOWS\System32\ADVAPI32.dll
0x00007ffd81e40000 - 0x00007ffd81ee9000 	C:\WINDOWS\System32\msvcrt.dll
0x00007ffd1d860000 - 0x00007ffd1d87b000 	C:\Program Files\Java\jdk-22\bin\VCRUNTIME140.dll
0x00007ffd82380000 - 0x00007ffd82426000 	C:\WINDOWS\System32\sechost.dll
0x00007ffd827d0000 - 0x00007ffd828e8000 	C:\WINDOWS\System32\RPCRT4.dll
0x00007ffd82a20000 - 0x00007ffd82be5000 	C:\WINDOWS\System32\USER32.dll
0x00007ffd66e80000 - 0x00007ffd6711a000 	C:\WINDOWS\WinSxS\amd64_microsoft.windows.common-controls_6595b64144ccf1df_6.0.26100.4768_none_3e0c112ce331287c\COMCTL32.dll
0x00007ffd7fff0000 - 0x00007ffd80017000 	C:\WINDOWS\System32\win32u.dll
0x00007ffd82630000 - 0x00007ffd8265b000 	C:\WINDOWS\System32\GDI32.dll
0x00007ffd80900000 - 0x00007ffd80a38000 	C:\WINDOWS\System32\gdi32full.dll
0x00007ffd80a40000 - 0x00007ffd80ae3000 	C:\WINDOWS\System32\msvcp_win.dll
0x00007ffd76d50000 - 0x00007ffd76d5b000 	C:\WINDOWS\SYSTEM32\VERSION.dll
0x00007ffd829e0000 - 0x00007ffd82a0f000 	C:\WINDOWS\System32\IMM32.DLL
0x00007ffd64e40000 - 0x00007ffd64e4c000 	C:\Program Files\Java\jdk-22\bin\vcruntime140_1.dll
0x00007ffd14f40000 - 0x00007ffd14fce000 	C:\Program Files\Java\jdk-22\bin\msvcp140.dll
0x00007ffce6da0000 - 0x00007ffce7ae7000 	C:\Program Files\Java\jdk-22\bin\server\jvm.dll
0x00007ffd82660000 - 0x00007ffd826d4000 	C:\WINDOWS\System32\WS2_32.dll
0x00007ffd7ec80000 - 0x00007ffd7ecde000 	C:\WINDOWS\SYSTEM32\POWRPROF.dll
0x00007ffd714b0000 - 0x00007ffd714e5000 	C:\WINDOWS\SYSTEM32\WINMM.dll
0x00007ffd7ebc0000 - 0x00007ffd7ebd4000 	C:\WINDOWS\SYSTEM32\UMPDC.dll
0x00007ffd7ecf0000 - 0x00007ffd7ed0b000 	C:\WINDOWS\SYSTEM32\kernel.appcore.dll
0x00007ffd64d20000 - 0x00007ffd64d2a000 	C:\Program Files\Java\jdk-22\bin\jimage.dll
0x00007ffd7d600000 - 0x00007ffd7d841000 	C:\WINDOWS\SYSTEM32\DBGHELP.DLL
0x00007ffd81a30000 - 0x00007ffd81db5000 	C:\WINDOWS\System32\combase.dll
0x00007ffd828f0000 - 0x00007ffd829d0000 	C:\WINDOWS\System32\OLEAUT32.dll
0x00007ffd61a90000 - 0x00007ffd61ad3000 	C:\WINDOWS\SYSTEM32\dbgcore.DLL
0x00007ffd7ff50000 - 0x00007ffd7ffe9000 	C:\WINDOWS\System32\bcryptPrimitives.dll
0x00007ffd1d840000 - 0x00007ffd1d85e000 	C:\Program Files\Java\jdk-22\bin\java.dll
0x00007ffd80af0000 - 0x00007ffd8123d000 	C:\WINDOWS\System32\SHELL32.dll
0x00007ffd80170000 - 0x00007ffd802e3000 	C:\WINDOWS\System32\wintypes.dll
0x00007ffd81250000 - 0x00007ffd813f0000 	C:\WINDOWS\System32\ole32.dll
0x00007ffd7da50000 - 0x00007ffd7e2b0000 	C:\WINDOWS\SYSTEM32\windows.storage.dll
0x00007ffd81930000 - 0x00007ffd81a25000 	C:\WINDOWS\System32\SHCORE.dll
0x00007ffd81dd0000 - 0x00007ffd81e3a000 	C:\WINDOWS\System32\shlwapi.dll
0x00007ffd7fdb0000 - 0x00007ffd7fdd9000 	C:\WINDOWS\SYSTEM32\profapi.dll
0x00007ffd0c400000 - 0x00007ffd0c4d7000 	C:\Program Files\Java\jdk-22\bin\jsvml.dll
0x00007ffd63200000 - 0x00007ffd63210000 	C:\Program Files\Java\jdk-22\bin\net.dll
0x00007ffd7f260000 - 0x00007ffd7f2cb000 	C:\WINDOWS\system32\mswsock.dll
0x00007ffd1d820000 - 0x00007ffd1d836000 	C:\Program Files\Java\jdk-22\bin\nio.dll
0x00007ffd1cbe0000 - 0x00007ffd1cbf7000 	C:\Program Files\Java\jdk-22\bin\zip.dll
0x00007ffd630f0000 - 0x00007ffd630fa000 	C:\Program Files\Java\jdk-22\bin\management.dll
0x00007ffd5feb0000 - 0x00007ffd5febb000 	C:\Program Files\Java\jdk-22\bin\management_ext.dll
0x00007ffd82430000 - 0x00007ffd82438000 	C:\WINDOWS\System32\PSAPI.DLL
0x00007ffd5f230000 - 0x00007ffd5f248000 	C:\WINDOWS\system32\napinsp.dll
0x00007ffd7e650000 - 0x00007ffd7e776000 	C:\WINDOWS\SYSTEM32\DNSAPI.dll
0x00007ffd7e5c0000 - 0x00007ffd7e5f3000 	C:\WINDOWS\SYSTEM32\IPHLPAPI.DLL
0x00007ffd82620000 - 0x00007ffd8262a000 	C:\WINDOWS\System32\NSI.dll
0x00007ffd5f250000 - 0x00007ffd5f262000 	C:\WINDOWS\System32\winrnr.dll
0x00007ffd5f2c0000 - 0x00007ffd5f2f0000 	C:\WINDOWS\system32\nlansp_c.dll
0x00007ffd79d80000 - 0x00007ffd79da0000 	C:\WINDOWS\system32\wshbth.dll
0x00007ffd771c0000 - 0x00007ffd771cb000 	C:\Windows\System32\rasadhlp.dll
0x00007ffd76310000 - 0x00007ffd76396000 	C:\WINDOWS\System32\fwpuclnt.dll
0x00007ffd1ca20000 - 0x00007ffd1ca44000 	C:\Users\Toby Hinloopen\AppData\Local\Temp\jlinenative-3.27.1-d11f4905cb6ce9d4-jlinenative.dll
0x00007ffd5fd10000 - 0x00007ffd5fd20000 	C:\Program Files\Java\jdk-22\bin\verify.dll
0x00007ffd7f640000 - 0x00007ffd7f65b000 	C:\WINDOWS\SYSTEM32\CRYPTSP.dll
0x00007ffd7ebe0000 - 0x00007ffd7ec1b000 	C:\WINDOWS\system32\rsaenh.dll
0x00007ffd7f300000 - 0x00007ffd7f32b000 	C:\WINDOWS\SYSTEM32\USERENV.dll
0x00007ffd7fd80000 - 0x00007ffd7fda6000 	C:\WINDOWS\SYSTEM32\bcrypt.dll
0x00007ffd7f4a0000 - 0x00007ffd7f4ac000 	C:\WINDOWS\SYSTEM32\CRYPTBASE.dll
0x00007ffd191e0000 - 0x00007ffd19229000 	C:\Users\Toby Hinloopen\AppData\Local\Temp\jna-721533324\jna16229439366718326153.dll
0x00007ffd82bf0000 - 0x00007ffd82c98000 	C:\WINDOWS\System32\clbcatq.dll
0x00007ffd717b0000 - 0x00007ffd717cd000 	C:\WINDOWS\SYSTEM32\amsi.dll
0x00007ffd67f40000 - 0x00007ffd67fe0000 	C:\ProgramData\Microsoft\Windows Defender\Platform\4.18.25070.5-0\MpOav.dll
0x00007ffd61560000 - 0x00007ffd615ae000 	C:\WINDOWS\SYSTEM32\Pdh.dll
0x00007ffd61170000 - 0x00007ffd61181000 	C:\WINDOWS\System32\perfos.dll
0x00007ffd7cd20000 - 0x00007ffd7cd32000 	C:\WINDOWS\SYSTEM32\pfclient.dll
0x00007ffd582c0000 - 0x00007ffd582c9000 	C:\Program Files\Java\jdk-22\bin\jaas.dll
0x00007ffd4f230000 - 0x00007ffd4f23e000 	C:\Program Files\Java\jdk-22\bin\sunmscapi.dll
0x00007ffd802f0000 - 0x00007ffd80467000 	C:\WINDOWS\System32\CRYPT32.dll
0x00007ffd7f7a0000 - 0x00007ffd7f7d0000 	C:\WINDOWS\SYSTEM32\ncrypt.dll
0x00007ffd7f750000 - 0x00007ffd7f78f000 	C:\WINDOWS\SYSTEM32\NTASN1.dll
0x00007ffd4b8d0000 - 0x00007ffd4b8d9000 	C:\Program Files\Java\jdk-22\bin\extnet.dll
0x00007ffd7ee20000 - 0x00007ffd7ee56000 	C:\WINDOWS\SYSTEM32\ntmarta.dll
0x00007ffd770d0000 - 0x00007ffd770d8000 	C:\WINDOWS\system32\wshunix.dll
0x00007ffd63210000 - 0x00007ffd63222000 	C:\WINDOWS\System32\perfproc.dll

dbghelp: loaded successfully - version: 4.0.5 - missing functions: none
symbol engine: initialized successfully - sym options: 0x614 - pdb path: .;C:\Program Files\Java\jdk-22\bin;C:\WINDOWS\SYSTEM32;C:\WINDOWS\WinSxS\amd64_microsoft.windows.common-controls_6595b64144ccf1df_6.0.26100.4768_none_3e0c112ce331287c;C:\Program Files\Java\jdk-22\bin\server;C:\Users\Toby Hinloopen\AppData\Local\Temp;C:\Users\Toby Hinloopen\AppData\Local\Temp\jna-721533324;C:\ProgramData\Microsoft\Windows Defender\Platform\4.18.25070.5-0

VM Arguments:
jvm_args: -Xms4G -Xmx4G 
java_command: paper-1.21.8-56.jar --nogui
java_class_path (initial): paper-1.21.8-56.jar
Launcher Type: SUN_STANDARD

[Global flags]
     intx CICompilerCount                          = 15                                        {product} {ergonomic}
     uint ConcGCThreads                            = 6                                         {product} {ergonomic}
     uint G1ConcRefinementThreads                  = 23                                        {product} {ergonomic}
   size_t G1HeapRegionSize                         = 2097152                                   {product} {ergonomic}
   size_t InitialHeapSize                          = 4294967296                                {product} {command line}
   size_t MarkStackSize                            = 4194304                                   {product} {ergonomic}
   size_t MaxHeapSize                              = 4294967296                                {product} {command line}
   size_t MaxNewSize                               = 2575302656                                {product} {ergonomic}
   size_t MinHeapDeltaBytes                        = 2097152                                   {product} {ergonomic}
   size_t MinHeapSize                              = 4294967296                                {product} {command line}
    uintx NonNMethodCodeHeapSize                   = 8192380                                {pd product} {ergonomic}
    uintx NonProfiledCodeHeapSize                  = 121732930                              {pd product} {ergonomic}
    uintx ProfiledCodeHeapSize                     = 121732930                              {pd product} {ergonomic}
    uintx ReservedCodeCacheSize                    = 251658240                              {pd product} {ergonomic}
     bool SegmentedCodeCache                       = true                                      {product} {ergonomic}
   size_t SoftMaxHeapSize                          = 4294967296                             {manageable} {ergonomic}
     bool UseCompressedOops                        = true                           {product lp64_product} {ergonomic}
     bool UseG1GC                                  = true                                      {product} {ergonomic}
     bool UseLargePagesIndividualAllocation        = false                                  {pd product} {ergonomic}

Logging:
Log output configuration:
 #0: stdout all=warning uptime,level,tags foldmultilines=false
 #1: stderr all=off uptime,level,tags foldmultilines=false

Environment Variables:
JAVA_HOME=C:\Program Files\Microsoft\jdk-11.0.20.8-hotspot\
PATH=C:\Program Files\NVIDIA GPU Computing Toolkit\CUDA\v12.9\bin;C:\Program Files\NVIDIA GPU Computing Toolkit\CUDA\v12.9\libnvvp;C:\Program Files\Common Files\Oracle\Java\javapath;C:\Program Files (x86)\Common Files\Oracle\Java\java8path;C:\Program Files (x86)\Common Files\Oracle\Java\javapath;C:\Program Files\Microsoft\jdk-11.0.20.8-hotspot\bin;C:\Program Files (x86)\Common Files\Intel\Shared Libraries\redist\intel64\compiler;C:\VulkanSDK\1.3.239.0\Bin;C:\Windows\system32;C:\Windows;C:\Windows\System32\Wbem;C:\Windows\System32\WindowsPowerShell\v1.0\;C:\Windows\System32\OpenSSH\;C:\Program Files (x86)\NVIDIA Corporation\PhysX\Common;C:\Program Files\dotnet\;C:\Program Files\Git\cmd;C:\Program Files\CMake\bin;C:\Users\Toby Hinloopen\Projects\vcpkg;C:\ProgramData\chocolatey\bin;C:\Program Files\nodejs\;C:\WINDOWS\system32;C:\WINDOWS;C:\WINDOWS\System32\Wbem;C:\WINDOWS\System32\WindowsPowerShell\v1.0\;C:\WINDOWS\System32\OpenSSH\;c:\Users\Toby Hinloopen\AppData\Local\Programs\cursor\resources\app\bin;C:\Program Files (x86)\Windows Kits\10\Windows Performance Toolkit\;C:\Program Files\NVIDIA Corporation\Nsight Compute 2025.2.1\;C:\Program Files\NVIDIA Corporation\NVIDIA App\NvDLISR;C:\Users\Toby Hinloopen\miniconda3;C:\Users\Toby Hinloopen\miniconda3\Library\mingw-w64\bin;C:\Users\Toby Hinloopen\miniconda3\Library\usr\bin;C:\Users\Toby Hinloopen\miniconda3\Library\bin;C:\Users\Toby Hinloopen\miniconda3\Scripts;C:\Users\Toby Hinloopen\AppData\Local\Programs\Python\Python311\Scripts\;C:\Users\Toby Hinloopen\AppData\Local\Programs\Python\Python311\;C:\Users\Toby Hinloopen\.cargo\bin;C:\Users\Toby Hinloopen\AppData\Local\Microsoft\WindowsApps;C:\Users\Toby Hinloopen\AppData\Local\Programs\Microsoft VS Code\bin;C:\Program Files\JetBrains\RubyMine 2022.3.2\bin;C:\Users\Toby Hinloopen\.dotnet\tools;C:\Program Files\JetBrains\CLion 2022.3.3\bin;C:\Program Files\JetBrains\JetBrains Rider 2022.3.2\bin;C:\Program Files (x86)\GnuWin32;C:\Program Files (x86)\GnuWin32\bin;C:\Users\Toby Hinloopen\AppData\Roaming\npm;C:\Android\platform-tools;C:\Users\Toby Hinloopen\AppData\Local\Microsoft\WindowsApps;C:\Users\Toby Hinloopen\AppData\Local\Programs\Ollama;C:\Users\Toby Hinloopen\.cache\lm-studio\bin;C:\Users\Toby Hinloopen\.dotnet\tools
USERNAME=Toby Hinloopen
OS=Windows_NT
PROCESSOR_IDENTIFIER=AMD64 Family 25 Model 97 Stepping 2, AuthenticAMD
TMP=C:\Users\TOBYHI~1\AppData\Local\Temp
TEMP=C:\Users\TOBYHI~1\AppData\Local\Temp




Periodic native trim disabled

---------------  S Y S T E M  ---------------

OS:
 Windows 11 , 64 bit Build 26100 (10.0.26100.4768)
OS uptime: 0 days 3:31 hours
Hyper-V role detected

CPU: total 32 (initial active 32) (32 cores per cpu, 2 threads per core) family 25 model 97 stepping 2 microcode 0xa60120c, cx8, cmov, fxsr, ht, mmx, 3dnowpref, sse, sse2, sse3, ssse3, sse4a, sse4.1, sse4.2, popcnt, lzcnt, tsc, tscinvbit, avx, avx2, aes, erms, clmul, bmi1, bmi2, adx, avx512f, avx512dq, avx512cd, avx512bw, avx512vl, sha, fma, vzeroupper, avx512_vpopcntdq, avx512_vpclmulqdq, avx512_vaes, avx512_vnni, clflush, clflushopt, avx512_vbmi2, avx512_vbmi, hv, rdtscp, rdpid, fsrm, gfni, avx512_bitalg, f16c, cet_ss, avx512_ifma
Processor Information for all 32 processors :
  Max Mhz: 4501, Current Mhz: 4501, Mhz Limit: 4501

Memory: 4k page, system-wide physical 64663M (43575M free)
TotalPageFile size 68759M (AvailPageFile size 44217M)
current process WorkingSet (physical memory assigned to process): 2950M, peak: 2950M
current process commit charge ("private bytes"): 4595M, peak: 4688M

vm_info: Java HotSpot(TM) 64-Bit Server VM (22.0.1+8-16) for windows-amd64 JRE (22.0.1+8-16), built on 2024-03-12T10:33:16Z by "mach5one" with MS VC++ 17.6 (VS2022)

END.
